split,original_split,video_id,file_name,hf_filename,face_detected_ratio,head_yaw_mean,head_yaw_std,head_pitch_mean,head_pitch_std,head_roll_mean,head_roll_std,mouth_movement_mean,mouth_movement_std,shoulder_movement_mean,shoulder_movement_std,hand_movement_mean,hand_movement_std,frame_count,analyzed_duration_seconds,interview_label,label_source
test,train,-zNyDPzId4E.003,-zNyDPzId4E.003.mp4,train/-zNyDPzId4E.003.mp4,1.0,-0.0008321591171039,0.0817373228093922,-0.0133440074052964,0.0299304866807304,0.1600830695877401,0.1678682599467215,0.065617772933884,0.0515151612831365,0.002763774442585,0.0018106421484329,0.0673992361071976,0.0734650040291093,77.0,15.3,0.4205607476635514,chalearn_annotation_mirror
test,train,1AMp8Y_0UGc.004,1AMp8Y_0UGc.004.mp4,train/1AMp8Y_0UGc.004.mp4,0.9864864864864864,0.0587508936322154,0.0773822972109274,0.0511331843313747,0.0451810003878573,0.0303625629174709,0.1917866213423233,0.0405393948647918,0.0350434817322034,0.0077908809769614,0.0073810904638884,0.0546208187064759,0.0576106418720855,74.0,15.306958333333332,0.4299065420560747,chalearn_annotation_mirror
test,train,2GHz8LYflE0.000,2GHz8LYflE0.000.mp4,train/2GHz8LYflE0.000.mp4,1.0,-0.0486964960994431,0.0597298752234741,0.0112448205911075,0.0289605444270535,0.1974377373991083,0.1361169520024747,0.0339119973217945,0.0280399761595274,0.0045669603190783,0.0042929963188966,0.0801798136292588,0.1006768913080128,77.0,15.3,0.4299065420560747,chalearn_annotation_mirror
test,validation,2NNYN1ZCJhw.002,2NNYN1ZCJhw.002.mp4,validation/2NNYN1ZCJhw.002.mp4,1.0,-0.1061425746155161,0.1000401216931399,-0.012040928817341,0.0305281990003778,0.0717114311181587,0.0733802053233857,0.0768502374228439,0.0552411541056317,0.0024136765739392,0.0018884182093681,0.0415924797870577,0.0658194687413597,77.0,15.315315315315315,0.5981308411214953,chalearn_annotation_mirror
test,train,2mfmw63l88g.005,2mfmw63l88g.005.mp4,train/2mfmw63l88g.005.mp4,1.0,-0.1140308770640778,0.0292720204307408,0.0102176270152051,0.0079522019574231,0.0008891231442384,0.0525685591707173,0.0232547824682647,0.0239809066411447,0.0011848968321486,0.0009753436711309,0.0046180954970613,0.0038391405406239,77.0,15.3,0.1775700934579439,chalearn_annotation_mirror
test,validation,2oiXF5_gTyk.000,2oiXF5_gTyk.000.mp4,validation/2oiXF5_gTyk.000.mp4,1.0,0.0358191464542472,0.0506636349427351,0.1059610459821491,0.0207194317818942,0.0009402822230987,0.055028966115643,0.044741902618502,0.0268727480892383,0.0019082395480732,0.0017347697726245,0.0210651254222844,0.0205395224763484,77.0,15.3153,0.6915887850467289,chalearn_annotation_mirror
test,train,2x8GZaBY6TM.001,2x8GZaBY6TM.001.mp4,train/2x8GZaBY6TM.001.mp4,1.0,0.0819676837004882,0.0257471320745141,0.1700965275299187,0.0528640533597483,-0.0591442185598122,0.0585790546992382,0.0114054273215945,0.0179449960175429,0.0028970882326629,0.0029383848567656,0.0048769720542002,0.005189505398225,77.0,15.3,0.2616822429906542,chalearn_annotation_mirror
test,validation,300gK3CnzW0.005,300gK3CnzW0.005.mp4,validation/300gK3CnzW0.005.mp4,1.0,-0.0403338552225868,0.1073329131008809,0.0258841117059807,0.0368437436094115,-0.0553807305051631,0.2258374707671301,0.0412892224285961,0.0252082071195962,0.0077354315502162,0.0076685044302659,0.0605818958073284,0.0884907563658719,73.0,15.32593862626404,0.3551401869158878,chalearn_annotation_mirror
test,train,3OoQBXWTGfE.001,3OoQBXWTGfE.001.mp4,train/3OoQBXWTGfE.001.mp4,1.0,0.0325613518748822,0.0890839160450891,-0.0054169551191609,0.0266026858333574,-0.3560498692226871,0.1370670039572091,0.0187717647730663,0.0215139595674474,0.0233844286233139,0.0273431624418915,0.1401360074518477,0.1374761955013608,77.0,15.3153,0.1588785046728971,chalearn_annotation_mirror
test,train,3P_D_bd-_NM.001,3P_D_bd-_NM.001.mp4,train/3P_D_bd-_NM.001.mp4,1.0,-0.009127629685143,0.0645169154766943,-0.0463155556364476,0.0193832861442472,0.0040806075538354,0.1132191898777456,0.0734615619240774,0.0428106561944665,0.0033648794508192,0.0053327726383408,0.05900882827007,0.1227911134675747,77.0,15.3153,0.4485981308411215,chalearn_annotation_mirror
test,train,3S8QUGYVf_w.000,3S8QUGYVf_w.000.mp4,train/3S8QUGYVf_w.000.mp4,1.0,-0.0262364565532976,0.0556223692036094,0.0648318664608684,0.0215052199739399,-0.0470047837833688,0.0759539891257554,0.0512074613834326,0.0304326986711605,0.0047629200030256,0.0048247375375397,0.0892705187477906,0.0926993107285657,74.0,15.291666666666666,0.644859813084112,chalearn_annotation_mirror
test,train,3ccY8jYkI5o.004,3ccY8jYkI5o.004.mp4,train/3ccY8jYkI5o.004.mp4,1.0,-0.0582084873551125,0.0726606541375516,0.0132972872404329,0.0274316656250037,-0.0606714742725984,0.1100205275300569,0.0616607868565579,0.0315383537393523,0.0092281873502421,0.0088171191741423,0.0470205512010281,0.06320302713178,74.0,15.306958333333332,0.7476635514018691,chalearn_annotation_mirror
test,train,3ySH8eJQRCI.001,3ySH8eJQRCI.001.mp4,train/3ySH8eJQRCI.001.mp4,1.0,0.0827728127102015,0.0674401420921212,-0.0374192949023551,0.0217944174604367,-0.2066853876714856,0.235961474504232,0.0406786015949156,0.0319781579050903,0.0054338080163549,0.0052549256585339,0.0673569954713082,0.0810159876636133,77.0,15.3153,0.5794392523364486,chalearn_annotation_mirror
test,validation,4JYmE9a21aI.001,4JYmE9a21aI.001.mp4,validation/4JYmE9a21aI.001.mp4,1.0,-0.0665908906451146,0.0423007211463452,0.0282924029135393,0.0197816622543368,0.28191134259398,0.1213366106358321,0.0583302977009097,0.0319563759564817,0.0034610583807054,0.0039882821019488,0.0401411646176609,0.0814625826430949,77.0,15.3153,0.5700934579439252,chalearn_annotation_mirror
test,train,4V7doeEKsus.002,4V7doeEKsus.002.mp4,train/4V7doeEKsus.002.mp4,1.0,-0.2458117176591283,0.0603314527555408,0.0264103200757672,0.0243855236015865,0.1723674516942428,0.1126900373420127,0.0246112307197757,0.0228247192644841,0.0029816335385534,0.0033161597009828,0.0116050386475706,0.0127473688796682,77.0,15.3153,0.5046728971962616,chalearn_annotation_mirror
test,train,4nir0YtjHVs.002,4nir0YtjHVs.002.mp4,train/4nir0YtjHVs.002.mp4,1.0,0.0038711442722733,0.0843091432634016,-0.0057118734079659,0.0433295780192211,0.0488452419532306,0.140986758614695,0.0669539656913696,0.0432535802377798,0.0070278435768981,0.0098534847037853,0.0591691042489001,0.0826343699104695,77.0,15.3153,0.5327102803738317,chalearn_annotation_mirror
test,train,5BPGRteF64Y.005,5BPGRteF64Y.005.mp4,train/5BPGRteF64Y.005.mp4,1.0,-0.1591317700872573,0.09138849545475,-0.073970779773408,0.0375005018292882,-0.1386676337630855,0.1520783262227928,0.0433158983033218,0.0300865405786628,0.0053159545798872,0.0045070963194447,0.0175952787295477,0.0181012793151908,74.0,15.306958333333332,0.514018691588785,chalearn_annotation_mirror
test,train,5Bgd2zgiT0Q.004,5Bgd2zgiT0Q.004.mp4,train/5Bgd2zgiT0Q.004.mp4,1.0,-0.1327357232744582,0.0785561643059187,0.0819044320880568,0.0153042482563797,-0.1089902138137245,0.0603494480026621,0.0376947619008447,0.0181194819530689,0.007445435969376,0.0067433521315153,0.097801097698572,0.1304485985585048,77.0,15.32,0.719626168224299,chalearn_annotation_mirror
test,train,5KHOpRCxnwQ.005,5KHOpRCxnwQ.005.mp4,train/5KHOpRCxnwQ.005.mp4,1.0,-0.1354770449063473,0.1537390007354307,0.0300025096004403,0.0238826534581953,0.0961065745010922,0.2142072944784529,0.0437475279605944,0.0311983176276273,0.0048224329110166,0.0039317032931769,0.1166151512091018,0.1363605880046449,77.0,15.3153,0.6542056074766355,chalearn_annotation_mirror
test,train,5Wfa94_5Psg.002,5Wfa94_5Psg.002.mp4,train/5Wfa94_5Psg.002.mp4,1.0,0.0288110098289418,0.068549670232339,0.0954352740007302,0.0447323571806734,0.0338887964171364,0.120285144575638,0.0271044591704536,0.0216546067001536,0.0037238411726892,0.0032255004390037,0.0409244299115011,0.0382471592936334,77.0,15.3153,0.5700934579439252,chalearn_annotation_mirror
test,train,5bi_PM3XMEQ.005,5bi_PM3XMEQ.005.mp4,train/5bi_PM3XMEQ.005.mp4,1.0,-0.0204258623717679,0.0406826186949239,0.0811624502298048,0.0224745435912218,0.2552873426527968,0.1673865552677,0.0497969782217546,0.0374847329431394,0.0040172136327859,0.0075362254063171,0.0228217355180859,0.0411533280771023,77.0,15.32,0.514018691588785,chalearn_annotation_mirror
test,validation,6CRet5sD6xI.000,6CRet5sD6xI.000.mp4,validation/6CRet5sD6xI.000.mp4,1.0,0.0347621440665256,0.0895183606921504,0.0568579658791615,0.0299855412351574,-0.0491574653561469,0.1206344974286644,0.0389421491990461,0.0309505496907747,0.0043035603560838,0.0041623685266244,0.0400144498021305,0.0770544667809299,77.0,15.3153,0.5233644859813084,chalearn_annotation_mirror
test,train,6RwVJK3husE.005,6RwVJK3husE.005.mp4,train/6RwVJK3husE.005.mp4,1.0,-0.0214316330083414,0.067817308685711,0.0915592052579469,0.0130557233572457,-0.0010418966093046,0.1021010332102567,0.0361973413292136,0.0199805941082023,0.002846036539892,0.0023110963043051,0.037446033395549,0.0499335773075401,77.0,15.32,0.5981308411214953,chalearn_annotation_mirror
test,train,6wIEiqmuHOM.000,6wIEiqmuHOM.000.mp4,train/6wIEiqmuHOM.000.mp4,1.0,-0.092298086470352,0.0979302034607036,0.047847172812912,0.027000969997011,-0.0516078135545313,0.2377353791249814,0.0581136282513291,0.0422850661930931,0.0035338922197802,0.0036660907176819,0.0193767621242081,0.0257500327175091,77.0,15.32,0.5794392523364486,chalearn_annotation_mirror
test,train,7FXs86Z98E0.002,7FXs86Z98E0.002.mp4,train/7FXs86Z98E0.002.mp4,1.0,0.0361797855898038,0.0394758363106473,0.0979991512748843,0.0463262733021054,-0.0336140650112502,0.1172079372179218,0.0412943257989262,0.0331143935582632,0.0045809752264479,0.0040318481409319,0.0590905863237417,0.0669706922052899,77.0,15.32,0.5981308411214953,chalearn_annotation_mirror
test,validation,7nJPNkWZDOY.004,7nJPNkWZDOY.004.mp4,validation/7nJPNkWZDOY.004.mp4,1.0,-0.0222595349697786,0.0815267345232722,0.0350559942273771,0.0543235421836573,-0.0559867198043476,0.1554543401223257,0.0715221163006883,0.043751381222298,0.0110881264689806,0.0163424233701284,0.0897998180831475,0.1088090916825809,77.0,15.32,0.6074766355140186,chalearn_annotation_mirror
test,train,836kYlEs9GI.003,836kYlEs9GI.003.mp4,train/836kYlEs9GI.003.mp4,1.0,0.0168955168895163,0.0731092498290645,0.0721295905080604,0.0207374401518278,0.0011459868330137,0.2023434900872771,0.0453181939016618,0.0313099537064822,0.005942695354455,0.0067473495845044,0.0107104322815154,0.0096784411372845,74.0,15.306958333333332,0.308411214953271,chalearn_annotation_mirror
test,train,8GFElKeREfQ.000,8GFElKeREfQ.000.mp4,train/8GFElKeREfQ.000.mp4,1.0,0.0639169245860827,0.0835897279882054,0.0992990197513208,0.0219940979763779,0.0415506452886584,0.0430292627089812,0.0383896594534571,0.0269788007031444,0.0082039950452991,0.0080019595689418,0.1247576333953465,0.1475024193155152,77.0,15.3153,0.4485981308411215,chalearn_annotation_mirror
test,train,8gvBbE6iZNo.003,8gvBbE6iZNo.003.mp4,train/8gvBbE6iZNo.003.mp4,1.0,0.1540240683781785,0.0206513629581659,0.0461493253137373,0.0113327615937784,0.1159096828042992,0.0182150188735827,0.0330371712492258,0.0162954545072797,0.0006140240052016,0.0004574392310324,0.0036799448786933,0.0037687575706427,77.0,15.3153,0.6915887850467289,chalearn_annotation_mirror
test,train,8hfhLOXpCNM.002,8hfhLOXpCNM.002.mp4,train/8hfhLOXpCNM.002.mp4,1.0,-0.0215736664027871,0.0257251357834027,0.0046439640916618,0.0275205087639637,0.0243569307857291,0.0590294571535436,0.0484787329759081,0.030016154383675,0.0025737778447757,0.0037119760912835,0.0334188936662469,0.0663972357840395,77.0,15.3153,0.4485981308411215,chalearn_annotation_mirror
test,validation,8qG1sMihtPA.005,8qG1sMihtPA.005.mp4,validation/8qG1sMihtPA.005.mp4,1.0,-0.0250395910095854,0.0631471907038319,0.053045972637877,0.0341019125090907,0.0891282041892604,0.1694692484535763,0.0599684931207204,0.0463566873974599,0.0050191588048438,0.0076168057808681,0.0284303967860277,0.0544176152226279,77.0,15.3,0.5607476635514018,chalearn_annotation_mirror
test,train,8toLcoDcGOY.001,8toLcoDcGOY.001.mp4,train/8toLcoDcGOY.001.mp4,1.0,-0.0939710911410306,0.0151609142696514,0.0028214901630519,0.0207459165019153,0.1077592201980113,0.0598343869582244,0.0290654032335535,0.0174522333631112,0.00559176189217,0.0053225460138509,0.0598282486901744,0.0640093926524947,77.0,15.3153,0.4205607476635514,chalearn_annotation_mirror
test,train,8yFYvQ_kxW8.005,8yFYvQ_kxW8.005.mp4,train/8yFYvQ_kxW8.005.mp4,1.0,-0.014586580833088,0.0630151707491914,0.0321116036113215,0.0263047575561996,0.078389412803295,0.1287919489869621,0.0434747685181766,0.0412658897782838,0.0052167553135236,0.0044352841795157,0.1097668470089201,0.0896243043394145,77.0,15.3,0.4859813084112149,chalearn_annotation_mirror
test,train,9CPKW0sqR3E.001,9CPKW0sqR3E.001.mp4,train/9CPKW0sqR3E.001.mp4,1.0,0.0023876007402526,0.0662871891446312,0.064423686149285,0.0464435987010201,-0.0353880090813521,0.1635980026194104,0.0406179530505049,0.0277091023291192,0.0068766969712026,0.0053981286037989,0.1361095897078349,0.1317859095692096,77.0,15.3153,0.5046728971962616,chalearn_annotation_mirror
test,train,9a-3LrB7cDI.005,9a-3LrB7cDI.005.mp4,train/9a-3LrB7cDI.005.mp4,1.0,-0.025279049515596,0.1047234093927832,0.0142983076669222,0.0275298317554007,0.0076930091410158,0.1178544915439178,0.0689243591152819,0.0399762086837383,0.0031695056884351,0.0042747169865733,0.0391059372387805,0.0432880737430569,74.0,15.291666666666666,0.5420560747663551,chalearn_annotation_mirror
test,train,9hqH1PJ6cG8.001,9hqH1PJ6cG8.001.mp4,train/9hqH1PJ6cG8.001.mp4,0.961038961038961,-0.0603672047678527,0.1010285051131521,0.0249527490698688,0.0311363978335473,0.0321539467593054,0.1352230619306927,0.0443831624857263,0.0337493985956398,0.0090529169545457,0.015771654439269,0.0648760876031932,0.1115925658175749,77.0,15.3153,0.2803738317757009,chalearn_annotation_mirror
test,train,9mAw0B-mEPQ.005,9mAw0B-mEPQ.005.mp4,train/9mAw0B-mEPQ.005.mp4,1.0,-0.0221075154678383,0.0681604392616483,0.0475426981364938,0.0230706933909325,0.0464045078901484,0.1932697103843729,0.0460012713446738,0.0277161381765032,0.0053005834703365,0.0045968113732105,0.0411922700623991,0.0509808959220107,77.0,15.3153,0.6355140186915886,chalearn_annotation_mirror
test,train,9o10YrQykMk.003,9o10YrQykMk.003.mp4,train/9o10YrQykMk.003.mp4,1.0,-0.0253606527423112,0.066929485035597,0.0841898029970147,0.0217297191827381,0.029784069924374,0.1483542934071159,0.043723225498427,0.0339484360754625,0.0060016556125559,0.0065556110429769,0.0592713775836347,0.0726137606922423,77.0,15.3153,0.5887850467289719,chalearn_annotation_mirror
test,train,A1lbD_OCuj4.003,A1lbD_OCuj4.003.mp4,train/A1lbD_OCuj4.003.mp4,1.0,-0.077072766104278,0.0603831833786327,0.0912525270744167,0.0290321481957219,-0.0486744101964938,0.0987183739922551,0.0294082273712083,0.028216627674608,0.003440201472799,0.0041746794453016,0.0073958991145139,0.0065466092413228,74.0,15.306958333333332,0.3925233644859813,chalearn_annotation_mirror
test,train,A7qb47cmxJo.005,A7qb47cmxJo.005.mp4,train/A7qb47cmxJo.005.mp4,1.0,0.0394705220776483,0.0440880829794437,0.0510076081152861,0.0344392860150093,0.0618504620133079,0.0742299583548026,0.0325566506791421,0.0270327769091002,0.0023478255124435,0.0022331786098492,0.0268342732776677,0.0347828161757014,74.0,15.306958333333332,0.3644859813084112,chalearn_annotation_mirror
test,train,Agg7z10B_iY.000,Agg7z10B_iY.000.mp4,train/Agg7z10B_iY.000.mp4,0.987012987012987,0.0313113484174222,0.0630763154199936,0.0158392190226956,0.0307709934487818,-0.1654464744970555,0.1183433638869324,0.0625589103715395,0.0380049427792518,0.0079870857425398,0.0109953917157407,0.1243987975751476,0.10804987694426,77.0,15.3153,0.6728971962616823,chalearn_annotation_mirror
test,train,AlEqtGWa43g.005,AlEqtGWa43g.005.mp4,train/AlEqtGWa43g.005.mp4,1.0,0.1250056459678404,0.0724085917715342,-0.0069458308737571,0.0312720947793377,-0.4149212095573386,0.1463833847716804,0.0558227328650244,0.0412791191270067,0.0013089199354944,0.0015795064855833,0.0669006099547036,0.0708648681419009,77.0,15.3,0.5233644859813084,chalearn_annotation_mirror
test,validation,Alox0G4xUfM.001,Alox0G4xUfM.001.mp4,validation/Alox0G4xUfM.001.mp4,1.0,0.0011850925192516,0.0628407095829346,0.003740261523494,0.0184100907658194,-0.2266141573112073,0.223405531869078,0.0522032509646167,0.0379093084892336,0.0040237310404105,0.0042484013210893,0.0306255046616212,0.0421494784185038,77.0,15.3153,0.5233644859813084,chalearn_annotation_mirror
test,train,AotbiNsU85A.000,AotbiNsU85A.000.mp4,train/AotbiNsU85A.000.mp4,1.0,-0.0304064609807224,0.0328158316718361,0.0376213281745922,0.0192288616426062,-0.0613974499375279,0.0478242953627523,0.0618087402869047,0.0345288419562638,0.0053556962469567,0.006321895518724,0.0784582334734576,0.0994633721379801,77.0,15.3,0.4859813084112149,chalearn_annotation_mirror
test,validation,AvuGsnkWjt8.003,AvuGsnkWjt8.003.mp4,validation/AvuGsnkWjt8.003.mp4,1.0,-0.1505317334968834,0.0572151175077614,0.0378615446854887,0.0255024443231287,-0.1482414329666585,0.3602975889113619,0.0650756617018172,0.0420483132474535,0.0040563273793934,0.0044164324535581,0.060334742696463,0.0809742730502268,77.0,15.3153,0.514018691588785,chalearn_annotation_mirror
test,validation,B-OJ_xZILLg.000,B-OJ_xZILLg.000.mp4,validation/B-OJ_xZILLg.000.mp4,1.0,0.4163798326014096,0.1056522169642397,0.0408345931966832,0.0244605256709507,-0.137985766538857,0.1752201247628844,0.0624963388579298,0.0374762602873556,0.0096105594161064,0.014713612190335,0.1037127097172246,0.1718550459372173,77.0,15.3153,0.439252336448598,chalearn_annotation_mirror
test,train,B9NSU6gQdRw.005,B9NSU6gQdRw.005.mp4,train/B9NSU6gQdRw.005.mp4,1.0,-0.0149417104212067,0.080398775367014,0.040399410971572,0.0289572831466471,-0.1137817189112324,0.1177540509906302,0.0489019368682666,0.0293843431539949,0.0038523328011284,0.0035679274227687,0.0868195436029254,0.1016277063357174,77.0,15.3153,0.850467289719626,chalearn_annotation_mirror
test,train,C8xZ0vhrrFE.000,C8xZ0vhrrFE.000.mp4,train/C8xZ0vhrrFE.000.mp4,1.0,-0.0075397215552361,0.0842771438767835,0.0819053444145911,0.0253757842472663,-0.0130315055805401,0.1982984849123726,0.0528318824895564,0.0431455927346853,0.0013015576143134,0.0015580960569305,0.0330609082831912,0.0561874637037614,77.0,15.3153,0.2056074766355139,chalearn_annotation_mirror
test,train,Cl5jhuLQ9Dg.002,Cl5jhuLQ9Dg.002.mp4,train/Cl5jhuLQ9Dg.002.mp4,1.0,0.0184049416367803,0.0526282339188835,-0.0297329960019114,0.0169586831229206,0.0037300432117398,0.181273074459282,0.0603282741368838,0.0247040519940316,0.0019857488498791,0.0016343907062504,0.023938887470857,0.0335734970274648,77.0,15.3153,0.4672897196261681,chalearn_annotation_mirror
test,validation,Cng72emlXAM.001,Cng72emlXAM.001.mp4,validation/Cng72emlXAM.001.mp4,1.0,-0.1395314739002989,0.1785546332056249,0.0447478963698954,0.0305122213467194,-0.1122723346791163,0.0963042584464564,0.0505515524281078,0.0378638130050519,0.0047550235163717,0.003962936135291,0.0924151728315982,0.0869272697994188,77.0,15.3153,0.4672897196261681,chalearn_annotation_mirror
test,train,D4hPHPp1W-Q.004,D4hPHPp1W-Q.004.mp4,train/D4hPHPp1W-Q.004.mp4,1.0,-0.0107543585412608,0.0341538029577273,-0.0154811293657154,0.0405422506675572,0.034424320946864,0.1915125661386541,0.0559019821971281,0.029188442226784,0.0054629978925234,0.0050494615548232,0.0500728206767708,0.0673773987416809,77.0,15.3153,0.5514018691588785,chalearn_annotation_mirror
test,train,DiaibIBisuM.003,DiaibIBisuM.003.mp4,train/DiaibIBisuM.003.mp4,1.0,-0.0250322114960062,0.0628623059068635,0.1324229600515003,0.0297996555095246,0.0817976416196628,0.1224741073837795,0.0408308408258722,0.0233435443050739,0.0067304390277971,0.0073818552907401,0.0451384528750173,0.0582155262465975,77.0,15.3153,0.6355140186915886,chalearn_annotation_mirror
test,train,DvmzcQI5cnM.004,DvmzcQI5cnM.004.mp4,train/DvmzcQI5cnM.004.mp4,1.0,-0.2123074029764429,0.3076055520090497,0.0584493866458121,0.0194044812902164,0.0496106709906401,0.1317676144947286,0.0378096625784629,0.0267084917589535,0.0038947061116119,0.0037291192765074,0.0214063748488806,0.0564381761326616,77.0,15.32,0.2990654205607476,chalearn_annotation_mirror
test,train,E6rptSS3kP4.000,E6rptSS3kP4.000.mp4,train/E6rptSS3kP4.000.mp4,1.0,-0.0293414223154545,0.0432625856324829,0.021879318562768,0.0296830954394335,0.0950422174995352,0.1699310665719993,0.0633163481213595,0.0328251585273912,0.0048542332578401,0.0051404998670488,0.0688482808549002,0.1217579661847903,77.0,15.3153,0.822429906542056,chalearn_annotation_mirror
test,train,EcOC7ZVRSg4.001,EcOC7ZVRSg4.001.mp4,train/EcOC7ZVRSg4.001.mp4,1.0,-0.0014411654073715,0.0683084654743526,-0.0342076345245943,0.0200796628854819,-0.3645261303681139,0.2424060190428556,0.0446955288704467,0.0299034659983962,0.0038496541141018,0.0046833559230777,0.0138888983708481,0.0584945787584977,77.0,15.3,0.5420560747663551,chalearn_annotation_mirror
test,train,En4aK_1gmlY.000,En4aK_1gmlY.000.mp4,train/En4aK_1gmlY.000.mp4,1.0,-0.0318005652416396,0.1054765727859362,0.0815015529928207,0.0440658967096103,-0.0468439777582409,0.1276295246989157,0.0512709123458931,0.027923446987606,0.0035911057561222,0.0039756270114681,0.0319977666597335,0.0577755282933859,77.0,15.3,0.4018691588785046,chalearn_annotation_mirror
test,train,FkuwzJcoRVI.001,FkuwzJcoRVI.001.mp4,train/FkuwzJcoRVI.001.mp4,1.0,-0.0500925070802859,0.0359367510352164,0.075648881150443,0.0182515222686337,-0.0031384006268021,0.0919550910426745,0.035035644742874,0.0204136167235239,0.0036763929422123,0.0047113508756797,0.0536765186811141,0.0694181452166543,74.0,15.310344827586206,0.4299065420560747,chalearn_annotation_mirror
test,train,Fz1BcPpjNXY.001,Fz1BcPpjNXY.001.mp4,train/Fz1BcPpjNXY.001.mp4,1.0,0.0075927819701088,0.0209737212325283,-0.0171820508705246,0.0174858179174868,-0.0916941034473601,0.0919160850646243,0.0497919886530126,0.027301744969412,0.0057952842136851,0.0085905357673988,0.1050451966161891,0.2136723251445826,77.0,15.3153,0.3177570093457943,chalearn_annotation_mirror
test,train,GG9WPQLI_rg.005,GG9WPQLI_rg.005.mp4,train/GG9WPQLI_rg.005.mp4,1.0,-0.1268756878263649,0.1219483370035014,0.070531335641768,0.0415678302272886,-0.0705062521108628,0.2186687509834708,0.0344364506314571,0.0397091552806599,0.0065683312528399,0.0066758187861482,0.026890146974146,0.0578670974731597,77.0,15.3153,0.4205607476635514,chalearn_annotation_mirror
test,train,Gs-AdRcYSPo.004,Gs-AdRcYSPo.004.mp4,train/Gs-AdRcYSPo.004.mp4,1.0,-0.0021749425536966,0.0650127093265644,0.0590417757056991,0.024339650600352,-0.0088498530191665,0.1933361269644019,0.0570906819575873,0.0331818755761063,0.0029572950855283,0.0043721907840187,0.0236393092095314,0.0512496477836865,77.0,15.3153,0.5233644859813084,chalearn_annotation_mirror
test,train,HEHMW0uiFa4.002,HEHMW0uiFa4.002.mp4,train/HEHMW0uiFa4.002.mp4,1.0,0.0419655165336021,0.1360099120224157,0.0536140393240758,0.042376713642786,-0.0451011991345834,0.2521859861297853,0.0468143322322555,0.0341341963266397,0.042750046836933,0.0359526829577551,0.1673423697556665,0.1512953511129744,77.0,15.3153,0.2616822429906542,chalearn_annotation_mirror
test,train,HT_8WpgGqjk.001,HT_8WpgGqjk.001.mp4,train/HT_8WpgGqjk.001.mp4,1.0,-6.390289580281146e-05,0.0542209357139893,0.0690835785848084,0.0138197624240812,-0.0422937491809818,0.1232517189764787,0.0571015088930956,0.0275362004849269,0.0024866360033219,0.0017378889123055,0.0276023719595128,0.0336712222427708,77.0,15.3,0.514018691588785,chalearn_annotation_mirror
test,validation,HbGeoKBULAA.000,HbGeoKBULAA.000.mp4,validation/HbGeoKBULAA.000.mp4,1.0,-0.0767149572193159,0.0358391061506103,0.0099240263500608,0.0176780260905133,0.0842773673513724,0.1057174840289884,0.0497483654716282,0.0233977406940116,0.0009164257788013,0.0010508417123964,0.0065432061781878,0.0079423805370541,77.0,15.3153,0.7009345794392522,chalearn_annotation_mirror
test,train,Hklc55y7vUI.000,Hklc55y7vUI.000.mp4,train/Hklc55y7vUI.000.mp4,1.0,0.1258328467906211,0.0785059060158627,0.0603896955197675,0.0566362600029049,-0.3158724717606967,0.3242138700785242,0.0758411255187933,0.0524627677565877,0.0148476493799673,0.014552551501788,0.0498875318276631,0.0604379402283218,77.0,15.3153,0.233644859813084,chalearn_annotation_mirror
test,train,I01_ubtktEQ.004,I01_ubtktEQ.004.mp4,train/I01_ubtktEQ.004.mp4,1.0,0.0046604191999688,0.0218554256394352,0.0776831705461194,0.0167466194080889,-0.0504615488644648,0.0398216652827796,0.0390104645104977,0.0292718306875856,0.0047675271184095,0.0061899730721768,0.0638361796252915,0.1013317346534662,77.0,15.3153,0.4672897196261681,chalearn_annotation_mirror
test,validation,IGjI8aP14gg.003,IGjI8aP14gg.003.mp4,validation/IGjI8aP14gg.003.mp4,0.987012987012987,-0.1192144346321942,0.1734074212534541,0.0044987145586958,0.0401711223160559,0.078877945128292,0.2253102755559247,0.086466244814515,0.0413082186177822,0.01387924404219,0.0174294470316233,0.0598621258172067,0.0815411332878521,77.0,15.3,0.2990654205607476,chalearn_annotation_mirror
test,train,II2KVV-uLNI.000,II2KVV-uLNI.000.mp4,train/II2KVV-uLNI.000.mp4,1.0,-0.0919209585071371,0.0925053284412229,0.0607355417506907,0.0215803791748754,0.0113818227327956,0.1138517056721051,0.0382005013246206,0.0253133888504155,0.0050201397942248,0.0052546529551401,0.1166730639531769,0.0944685681580942,77.0,15.3153,0.5046728971962616,chalearn_annotation_mirror
test,validation,IyBCZySg-c4.005,IyBCZySg-c4.005.mp4,validation/IyBCZySg-c4.005.mp4,1.0,0.084270788597156,0.0328093541158385,0.1105276278940437,0.0170921128858148,-0.2221768488114121,0.0681818730772809,0.0377022386593056,0.0279307730810206,0.0019858792614127,0.0016317128530391,0.0054862184553694,0.0056684551132933,77.0,15.3,0.5327102803738317,chalearn_annotation_mirror
test,train,J0I8JzMR4IE.005,J0I8JzMR4IE.005.mp4,train/J0I8JzMR4IE.005.mp4,1.0,-0.0140705604100808,0.034582620364848,0.0844963963026657,0.0216346407705088,0.1168204757329584,0.1320920494699495,0.043717561396364,0.0276113817962837,0.004663160435715,0.0038594303905278,0.1239457907989676,0.1092717434515775,77.0,15.3153,0.644859813084112,chalearn_annotation_mirror
test,validation,J9WyswA0vow.004,J9WyswA0vow.004.mp4,validation/J9WyswA0vow.004.mp4,1.0,-0.0313341067667967,0.1121435453598429,0.0167175111455892,0.0463668756636022,-0.1769466965213085,0.1211423019150664,0.0522902835256,0.0330882861833449,0.0076360106682207,0.0079886703223241,0.100428570275698,0.1136367269978391,77.0,15.3153,0.616822429906542,chalearn_annotation_mirror
test,train,JKDEEwxZwrw.001,JKDEEwxZwrw.001.mp4,train/JKDEEwxZwrw.001.mp4,1.0,-0.0243471659965865,0.0544053057712317,0.0597963226352498,0.0142151984686277,0.066140357092118,0.0449014991978753,0.0226101385852261,0.0243182186548481,0.0023011250435123,0.0018905674030795,0.0147996809292525,0.0489057334881003,77.0,15.3,0.439252336448598,chalearn_annotation_mirror
test,train,JZNMxa3OKHY.005,JZNMxa3OKHY.005.mp4,train/JZNMxa3OKHY.005.mp4,1.0,-0.0302564369428188,0.0476475828487476,0.0517461174495661,0.0202372144133263,-0.2583862978533217,0.109532811001731,0.0470467980583253,0.02604773776252,0.0040850326995409,0.0032401879769341,0.0478724907398097,0.0575759338130431,74.0,15.306958333333332,0.514018691588785,chalearn_annotation_mirror
test,train,JiXJeI5_jGM.003,JiXJeI5_jGM.003.mp4,train/JiXJeI5_jGM.003.mp4,1.0,0.0177988167816614,0.1099435536985301,0.104308485544806,0.0189122586504977,-0.0880546898768476,0.2673746230185572,0.0516145161106982,0.0287663663746409,0.0023158669430881,0.0024422515090989,0.040176368059786,0.0714177903692298,77.0,15.3153,0.5514018691588785,chalearn_annotation_mirror
test,train,Jv2lyDcOmEM.002,Jv2lyDcOmEM.002.mp4,train/Jv2lyDcOmEM.002.mp4,1.0,0.0360298957080801,0.1248361980880061,0.0134706028358723,0.0367765478253719,0.0299708093698026,0.0449842593860572,0.0722587841173047,0.0498163595519518,0.0143018235240607,0.0162706380075461,0.094380895875795,0.126086966220457,77.0,15.3,0.1495327102803738,chalearn_annotation_mirror
test,validation,JzXnxQDnwWE.005,JzXnxQDnwWE.005.mp4,validation/JzXnxQDnwWE.005.mp4,1.0,0.0031099049553991,0.0502071377910872,0.0773049902786505,0.0205400129505787,-0.0664261292179142,0.0507844257794172,0.0628702429826686,0.0284737834637497,0.0033379776912403,0.0037858245665657,0.0568383510543971,0.0769430859806906,77.0,15.32,0.5700934579439252,chalearn_annotation_mirror
test,validation,K9ZTOb6PbfQ.002,K9ZTOb6PbfQ.002.mp4,validation/K9ZTOb6PbfQ.002.mp4,1.0,0.007288652638136,0.0456849213957737,0.0526109526228011,0.0208552113218959,-0.0874354486077258,0.0677885871139606,0.0660108865577029,0.0383582660294881,0.0025432198656851,0.0027038776555875,0.0044464031213042,0.0038277083643078,74.0,15.306958333333332,0.6355140186915886,chalearn_annotation_mirror
test,train,KGRUaRe3r7I.002,KGRUaRe3r7I.002.mp4,train/KGRUaRe3r7I.002.mp4,0.987012987012987,0.0468748291675203,0.1704266203626958,0.0405671884146652,0.0560621898544271,-0.2244148299833279,0.123122246883527,0.0689420641004987,0.0433913246404716,0.0124317927541499,0.0091564910141897,0.0327411562538224,0.0540781562687587,77.0,15.3153,0.8130841121495327,chalearn_annotation_mirror
test,train,KsToJAKi7xQ.000,KsToJAKi7xQ.000.mp4,train/KsToJAKi7xQ.000.mp4,1.0,0.0793778737956701,0.0489310675700803,0.019094071799127,0.0101767630404498,0.130739843605271,0.0981228671964369,0.0467127636790139,0.025082516737159,0.0033150491913682,0.0031734413264126,0.0051151829882093,0.0047977079615429,77.0,15.3153,0.514018691588785,chalearn_annotation_mirror
test,validation,Lt89YrQHF_w.000,Lt89YrQHF_w.000.mp4,validation/Lt89YrQHF_w.000.mp4,1.0,-0.0051800705301892,0.0576634072227261,0.0405125805594342,0.0211043523872723,0.0735362520398172,0.1043562808695488,0.0586013829033579,0.0315255447880523,0.0022791190492975,0.0015964971826389,0.0345539473730858,0.0575410072420542,77.0,15.3,0.3925233644859813,chalearn_annotation_mirror
test,train,Me22JENkhJA.005,Me22JENkhJA.005.mp4,train/Me22JENkhJA.005.mp4,1.0,0.057474412663772,0.0502525400421413,0.1481645811120167,0.0180257049637299,-0.2073400842552722,0.1225951438793085,0.0083422955744347,0.008030608912848,0.0018882893576142,0.0015584619320668,0.0866381019441701,0.1094243374237464,77.0,15.3,0.2523364485981308,chalearn_annotation_mirror
test,train,MvWDky9ZaWU.000,MvWDky9ZaWU.000.mp4,train/MvWDky9ZaWU.000.mp4,1.0,-0.0535195920236606,0.0617034400496257,0.0776121293165278,0.0197529871937325,0.0962583481816507,0.088197125023017,0.028205046427881,0.0267344495797782,0.0043060408128595,0.0041886739105741,0.0296791433817087,0.0582018983080558,77.0,15.32,0.8878504672897195,chalearn_annotation_mirror
test,train,N0UweTwwQqQ.000,N0UweTwwQqQ.000.mp4,train/N0UweTwwQqQ.000.mp4,1.0,0.0530271734852424,0.0890288162382595,0.0664255748161258,0.0183594306566764,-0.0516199700613797,0.1080309684559921,0.0506039177291709,0.0294319109608253,0.0080531885710176,0.0065972984561371,0.0380951360986384,0.0597918568408064,77.0,15.315315315315315,0.6635514018691588,chalearn_annotation_mirror
test,validation,N5YT0FFd3-s.005,N5YT0FFd3-s.005.mp4,validation/N5YT0FFd3-s.005.mp4,1.0,0.093431437524197,0.0527689138460194,0.0461885282397818,0.0115745107300638,-0.1399767014500491,0.1151669910760451,0.0306040611050403,0.0169288893061517,0.0074890793872516,0.0068897290520687,0.064009705380788,0.0636886210052412,77.0,15.3153,0.6074766355140186,chalearn_annotation_mirror
test,train,NDC375coN1o.002,NDC375coN1o.002.mp4,train/NDC375coN1o.002.mp4,0.9090909090909092,0.048579479570616,0.0982902832607029,0.0772601216340101,0.0416778926205926,0.1187247450040488,0.1824214298948508,0.0387669777934005,0.0279301054845937,0.0179411339537017,0.0295630006531592,0.0483100433333387,0.0628425370922021,77.0,15.315315315315315,0.0747663551401869,chalearn_annotation_mirror
test,train,NTATNIs2sSc.001,NTATNIs2sSc.001.mp4,train/NTATNIs2sSc.001.mp4,1.0,0.038750065445562,0.0312284251763507,0.0560097351907676,0.0211424515750081,-0.0092729720615903,0.1287652902180569,0.0334275625451595,0.0300055795551623,0.0044845487747451,0.0050155893818178,0.0434776479098704,0.0961740919043884,77.0,15.3153,0.3644859813084112,chalearn_annotation_mirror
test,train,NXG4n1pr4Ok.001,NXG4n1pr4Ok.001.mp4,train/NXG4n1pr4Ok.001.mp4,1.0,0.0396810963432446,0.0859134510614534,0.0106385294327898,0.0244878973981001,-0.0738010023411511,0.0866933592993476,0.0398678847530577,0.0325323286211885,0.0087665736550887,0.0147522437801089,0.1016957859361131,0.1520806959933047,77.0,15.3153,0.439252336448598,chalearn_annotation_mirror
test,train,NkFJuN8fBDU.000,NkFJuN8fBDU.000.mp4,train/NkFJuN8fBDU.000.mp4,1.0,-0.0049355935942588,0.0251715890734408,0.0832560674705579,0.023443698774345,0.017297358953515,0.0563742182802386,0.0530955871815806,0.0378103668374355,0.0013458846402358,0.0012329332104318,0.0145531528775187,0.0229693108168326,74.0,15.291666666666666,0.4766355140186915,chalearn_annotation_mirror
test,train,Nv0-x4K9YFI.001,Nv0-x4K9YFI.001.mp4,train/Nv0-x4K9YFI.001.mp4,1.0,-0.0227057858501529,0.1413796859448605,0.0742377977129614,0.0412239649177602,0.1212727450068568,0.2041585164497012,0.0255874824108763,0.0281509450932294,0.0048492283271155,0.0037070688690677,0.0417655028064333,0.0673052995116881,77.0,15.3,0.3738317757009345,chalearn_annotation_mirror
test,train,OEKg-Tvwcbk.000,OEKg-Tvwcbk.000.mp4,train/OEKg-Tvwcbk.000.mp4,0.987012987012987,-0.179267999556357,0.1920471782259535,0.0527736307322214,0.045054706750559,0.0573183825484573,0.206590006152258,0.0513393661896943,0.0322574646247333,0.0235827378322279,0.0208894112214409,0.154509904838743,0.1559801417404563,77.0,15.3153,0.616822429906542,chalearn_annotation_mirror
test,validation,OXkDmd3nA94.001,OXkDmd3nA94.001.mp4,validation/OXkDmd3nA94.001.mp4,1.0,-0.0684795084370133,0.0947199184343587,0.0408020337810818,0.0247693431569236,-0.2727565172725483,0.0847267087605347,0.0646755476736465,0.039864592233209,0.0030196672552932,0.0033142434144155,0.0163660785707968,0.0218876559642874,77.0,15.3153,0.2242990654205607,chalearn_annotation_mirror
test,train,OgPC4wnLJR0.004,OgPC4wnLJR0.004.mp4,train/OgPC4wnLJR0.004.mp4,1.0,0.0788756790431961,0.0440923482485701,0.1009288824683507,0.0273506164673363,-0.0759702656745229,0.0588965311490693,0.0621737922137015,0.0295522580733531,0.0074805434564816,0.0117863638930213,0.0555942227692975,0.0539667934359967,73.0,15.33,0.2523364485981308,chalearn_annotation_mirror
test,train,OoxYhDbzWwg.002,OoxYhDbzWwg.002.mp4,train/OoxYhDbzWwg.002.mp4,1.0,0.1030420639042918,0.0290733354198117,0.0206552911622758,0.025562886011488,0.389428235361962,0.0873091382465203,0.0265519674643653,0.0158630955644904,0.0007828494118291,0.0005716913639381,0.0331168076743355,0.0401138869129496,77.0,15.3153,0.439252336448598,chalearn_annotation_mirror
test,validation,Or2_bP4lWYI.003,Or2_bP4lWYI.003.mp4,validation/Or2_bP4lWYI.003.mp4,1.0,0.2733128436228901,0.0339609443590844,0.0833153428320946,0.0126281780213883,-0.0995028497315182,0.2106701824635231,0.0294053506285144,0.0224543278981758,0.0031318968343727,0.0033450952091388,0.0754670488754577,0.0901905998730691,77.0,15.32,0.7383177570093457,chalearn_annotation_mirror
test,train,OwI3Q-qUqDw.001,OwI3Q-qUqDw.001.mp4,train/OwI3Q-qUqDw.001.mp4,1.0,-0.0887025908026524,0.0672528953124335,0.011868964325334,0.0305349792902201,0.0575291754692289,0.0849216435533134,0.0262108198336086,0.0184914709081929,0.004312840881245,0.0052356211652161,0.0989303775737679,0.1066546480470345,77.0,15.3,0.3551401869158878,chalearn_annotation_mirror
test,validation,P0ZzjnS8E24.001,P0ZzjnS8E24.001.mp4,validation/P0ZzjnS8E24.001.mp4,1.0,-0.0515581800067298,0.0487797015001394,0.025854270126382,0.0277144915320343,0.1122210192047151,0.2540795839954868,0.0535205017645627,0.0314454048984438,0.0022951517762083,0.0026991760175706,0.0190820788868592,0.0282211201133875,77.0,15.3,0.4953271028037382,chalearn_annotation_mirror
test,validation,P0ZzjnS8E24.004,P0ZzjnS8E24.004.mp4,validation/P0ZzjnS8E24.004.mp4,1.0,0.0412483437942625,0.082131094949529,0.0105164950085856,0.032464581039421,-0.0934993659983342,0.1679259487059391,0.0655527974020409,0.0319569748439561,0.0014062674139532,0.001330200588482,0.0066002979839592,0.0055320109773932,77.0,15.3,0.4205607476635514,chalearn_annotation_mirror
test,validation,P2B2K7DvUC8.004,P2B2K7DvUC8.004.mp4,validation/P2B2K7DvUC8.004.mp4,1.0,0.0101062888499153,0.0437540111850669,0.0841418746257388,0.016561307154907,-0.0667970064117363,0.1172613178605677,0.0508603497282419,0.0361528199898916,0.0041789788803675,0.0047542128542763,0.0459631354270239,0.1001977412309966,74.0,15.306958333333332,0.4299065420560747,chalearn_annotation_mirror
test,train,PKtzsEqLGx4.000,PKtzsEqLGx4.000.mp4,train/PKtzsEqLGx4.000.mp4,1.0,0.0325129061488298,0.0581943575468382,0.0633188486020447,0.0225258633726001,0.006024133736111,0.1285357555584885,0.0529423541520423,0.0394173086357775,0.0068735851479618,0.0050603781843355,0.0336694531209201,0.0414060798348646,77.0,15.3,0.4485981308411215,chalearn_annotation_mirror
test,validation,PKtzsEqLGx4.002,PKtzsEqLGx4.002.mp4,validation/PKtzsEqLGx4.002.mp4,1.0,0.0362624277066475,0.0914674685792575,0.0471258715093498,0.0258167777919069,-0.0400381911355614,0.1480298562089797,0.069084004556377,0.0353493332528023,0.0088778401582635,0.0078945375239758,0.0593719248494537,0.0914421182309924,77.0,15.3,0.336448598130841,chalearn_annotation_mirror
test,train,PTV5TBVRHxo.000,PTV5TBVRHxo.000.mp4,train/PTV5TBVRHxo.000.mp4,1.0,0.0223681477489997,0.0459560680956198,0.0671251969120682,0.0199809777732043,0.1070648509540187,0.095303603770018,0.0450807992335532,0.0293219432085194,0.0023741983918657,0.0027802518040927,0.00738857339822,0.0071947169692136,77.0,15.315315315315315,0.5981308411214953,chalearn_annotation_mirror
test,train,Q2AI4XpApFs.005,Q2AI4XpApFs.005.mp4,train/Q2AI4XpApFs.005.mp4,1.0,0.0262179233399865,0.0288311049442784,0.0859738077306668,0.0178004571829352,-0.2717999050342166,0.0594925327998639,0.0537240470580969,0.0335605317904535,0.0037433557379821,0.0042203325450609,0.0581056527638047,0.0588754011818711,77.0,15.3153,0.616822429906542,chalearn_annotation_mirror
test,train,QKlawwZQK9M.001,QKlawwZQK9M.001.mp4,train/QKlawwZQK9M.001.mp4,1.0,0.0358351260147611,0.0736361115954242,0.0485542467376265,0.0258797526342256,-0.1627101258642141,0.2468026804061593,0.0395244224817678,0.0230886320928294,0.0118510016764357,0.0104835223124781,0.1200922982798478,0.1293973161573633,77.0,15.32,0.5514018691588785,chalearn_annotation_mirror
test,validation,Qa-yF-tByDM.003,Qa-yF-tByDM.003.mp4,validation/Qa-yF-tByDM.003.mp4,1.0,0.014172122341798,0.0389256994496257,0.0802109841497579,0.0138568098602894,0.2283842378632982,0.0425278085303263,0.0403630203194827,0.0210541981617952,0.0008814346940894,0.0010347867975549,0.0048623532287673,0.007339315814305,77.0,15.3153,0.5046728971962616,chalearn_annotation_mirror
test,train,Qe7q8SFJ71E.004,Qe7q8SFJ71E.004.mp4,train/Qe7q8SFJ71E.004.mp4,1.0,0.0007750235322633,0.0303785514066752,0.0197812313506613,0.0190000356637325,0.009173760851113,0.0607367377869562,0.0592909930687013,0.0189322890547381,0.0036827179660425,0.0058197298834779,0.0526428263318012,0.1279760930834883,77.0,15.32,0.2429906542056074,chalearn_annotation_mirror
test,train,QiPb8vlGDFo.000,QiPb8vlGDFo.000.mp4,train/QiPb8vlGDFo.000.mp4,1.0,0.0395395495403864,0.0855058612981701,0.0467067669036743,0.0726890884041477,-0.0623655536366299,0.1108546321546641,0.0322011947072811,0.0395691449317714,0.0038689318551346,0.0041060791425685,0.0388035478542516,0.064071986763732,77.0,15.3153,0.3551401869158878,chalearn_annotation_mirror
test,train,QiPb8vlGDFo.001,QiPb8vlGDFo.001.mp4,train/QiPb8vlGDFo.001.mp4,1.0,-0.0341029687912115,0.1024065593012535,0.0726698378198623,0.0738453751516111,0.0200137893320714,0.146038460813039,0.0419884745545567,0.0373218635188017,0.0034684965656091,0.0031870807495444,0.0182957118381809,0.043898319107236,77.0,15.3153,0.3551401869158878,chalearn_annotation_mirror
test,train,QipgesEKSNA.002,QipgesEKSNA.002.mp4,train/QipgesEKSNA.002.mp4,1.0,-0.035528611946537,0.0501031163979703,0.0089826149168049,0.0485828785912737,0.250267893265065,0.1111136007164536,0.0651832979634383,0.0510525671016678,0.0033457579676363,0.00527141977342,0.0467434034646501,0.1053101533797211,77.0,15.3,0.6542056074766355,chalearn_annotation_mirror
test,train,Qqc1539E6rs.005,Qqc1539E6rs.005.mp4,train/Qqc1539E6rs.005.mp4,1.0,0.0584829732902429,0.0915749961582681,0.0693674570976039,0.0294600848876748,0.1051339124896034,0.1276386402044432,0.0706605143129403,0.0411674055514533,0.004318285877428,0.0037034494433296,0.0618011341859278,0.0921470914115971,77.0,15.32,0.7009345794392522,chalearn_annotation_mirror
test,validation,R-vly7LKotQ.000,R-vly7LKotQ.000.mp4,validation/R-vly7LKotQ.000.mp4,1.0,0.0370579692378836,0.0329101108497673,0.0389996410735437,0.0240678575152135,0.029419429901646,0.0571687356821226,0.0307137522473637,0.0263083600433079,0.0015169896258902,0.0013180646777345,0.0659575010493325,0.072985526388686,77.0,15.3,0.6542056074766355,chalearn_annotation_mirror
test,train,ROTx-0q1F9M.005,ROTx-0q1F9M.005.mp4,train/ROTx-0q1F9M.005.mp4,1.0,0.0198198404283889,0.0621737799863492,0.0628030343296874,0.0347796779143968,-0.1658298978809443,0.2442258801011126,0.0419296080982366,0.0366787191973575,0.0031773857274231,0.0028686818049418,0.0805019261165697,0.0897117194479377,77.0,15.3153,0.6355140186915886,chalearn_annotation_mirror
test,train,RrvG7JlKoXM.002,RrvG7JlKoXM.002.mp4,train/RrvG7JlKoXM.002.mp4,1.0,0.002200621210492,0.0393664735142967,0.0327531670340678,0.0231955774451482,0.0172302885426378,0.0912896954110361,0.0410676353948086,0.0299847272874882,0.0016246508404678,0.0014868290097497,0.022577471305031,0.0355550273649687,77.0,15.3153,0.4859813084112149,chalearn_annotation_mirror
test,train,S0QIXcQGG-g.000,S0QIXcQGG-g.000.mp4,train/S0QIXcQGG-g.000.mp4,1.0,-0.0025629230984447,0.0625071472784135,0.0726167260847186,0.0172478525834195,0.0597638590324518,0.1643784699471271,0.045385801379103,0.0349531960232559,0.0068433052670409,0.0068197022624044,0.1268970763859777,0.1301278837504783,77.0,15.3153,0.6355140186915886,chalearn_annotation_mirror
test,train,SBEad3L1Hdc.000,SBEad3L1Hdc.000.mp4,train/SBEad3L1Hdc.000.mp4,1.0,0.0011646738482066,0.0581516061912808,0.1584304285048698,0.021004962791577,0.0739222543872653,0.0477317337254263,0.0230058725461887,0.0157061548174207,0.0141166100505148,0.011315750295778,0.082587471939861,0.0591618833637191,74.0,15.291666666666666,0.3457943925233644,chalearn_annotation_mirror
test,train,SEELGB_-uWU.002,SEELGB_-uWU.002.mp4,train/SEELGB_-uWU.002.mp4,1.0,0.0375125758220136,0.0578212939741918,0.0960812171528052,0.0513087404730258,0.0370279966781754,0.1105350355357969,0.0268362102960461,0.0284214466637022,0.001746181411791,0.0021049938792731,0.0490860641474871,0.0655359324649856,77.0,15.3153,0.4299065420560747,chalearn_annotation_mirror
test,train,SM0i7RkOjPk.000,SM0i7RkOjPk.000.mp4,train/SM0i7RkOjPk.000.mp4,1.0,0.0549533225111363,0.0428164120971504,0.0184433371192603,0.0163325800582488,0.0651280142221725,0.22779949855609,0.0619141724290658,0.0430205066046142,0.0029456674886333,0.0032708457215625,0.0640842192171251,0.0963155289990108,77.0,15.3,0.4112149532710279,chalearn_annotation_mirror
test,validation,SNEoE1c-k64.001,SNEoE1c-k64.001.mp4,validation/SNEoE1c-k64.001.mp4,0.9285714285714286,-0.0120182210721997,0.0368894072828867,0.1041050135686121,0.0624743354414895,-0.0029761864639183,0.1272860545142281,0.0268793628594679,0.0302163161028153,0.0073416528639877,0.0057724893419823,0.0680316020578696,0.091555990023998,42.0,9.184845005740527,0.4672897196261681,chalearn_annotation_mirror
test,train,SR1Q5M2urxY.004,SR1Q5M2urxY.004.mp4,train/SR1Q5M2urxY.004.mp4,1.0,-0.1858165971679397,0.0861159688269682,0.060250065575403,0.0230495628326645,-0.1427732212144464,0.128142340342045,0.0683991227839917,0.0503744282846861,0.003638680327192,0.0032046790138213,0.014576238002065,0.0289100512308316,77.0,15.3,0.5327102803738317,chalearn_annotation_mirror
test,validation,SRjhmQTPOmA.000,SRjhmQTPOmA.000.mp4,validation/SRjhmQTPOmA.000.mp4,1.0,-0.0682190883114248,0.1382174547356392,0.0578459549880166,0.0210434729542126,-0.0019752325510342,0.2036862835055296,0.0407000516067198,0.0257058215921886,0.00750046149214,0.008613153278402,0.0304546222752279,0.0307302383240257,77.0,15.3153,0.5420560747663551,chalearn_annotation_mirror
test,train,Se3Gts4u1vs.000,Se3Gts4u1vs.000.mp4,train/Se3Gts4u1vs.000.mp4,1.0,0.2713897655234234,0.0992597198715024,0.0244884167251737,0.0160972669523766,0.281213655635422,0.0304982393382088,0.0494843686160943,0.0221688045942103,0.0014431034624898,0.001357697254393,0.0034180097869382,0.0028112318843627,77.0,15.32,0.4299065420560747,chalearn_annotation_mirror
test,train,Se3Gts4u1vs.005,Se3Gts4u1vs.005.mp4,train/Se3Gts4u1vs.005.mp4,1.0,0.11247949209526,0.0743912001509814,-0.0165484780255238,0.0335422974850827,0.2705863391420094,0.1138904434151916,0.0506812556224008,0.0341162435693912,0.0067329213684928,0.0062300623393797,0.0780272842151923,0.1137788412491643,77.0,15.32,0.7102803738317757,chalearn_annotation_mirror
test,validation,SfldZBPyPFo.000,SfldZBPyPFo.000.mp4,validation/SfldZBPyPFo.000.mp4,1.0,0.0446686024169303,0.0510694506015797,0.082103983683745,0.0296040222819171,0.0582876129412597,0.084186054522079,0.0352315386817173,0.026875315486435,0.0034052597645283,0.0034946028441689,0.0212013283808524,0.0353196939092687,77.0,15.3153,0.2242990654205607,chalearn_annotation_mirror
test,train,SfldZBPyPFo.001,SfldZBPyPFo.001.mp4,train/SfldZBPyPFo.001.mp4,1.0,0.0992031909963169,0.0643544608940455,0.0796077888706156,0.0294441384357299,0.1135090605436103,0.0567306024702478,0.0316483699738707,0.0266679358136406,0.0024805931934026,0.002274333997648,0.0113901219279915,0.0104349862422691,77.0,15.3153,0.2149532710280373,chalearn_annotation_mirror
test,train,T-mK85acIOc.005,T-mK85acIOc.005.mp4,train/T-mK85acIOc.005.mp4,1.0,-0.0641406000886076,0.0826364416450143,0.0231926397808926,0.0412254449359711,0.1734791067532903,0.3314936234716854,0.0704322452960952,0.0390361736088318,0.0085831689248368,0.0079822774658604,0.0639032160587082,0.0740973791457083,77.0,15.3153,0.3738317757009345,chalearn_annotation_mirror
test,validation,T3v3-2tvV0s.001,T3v3-2tvV0s.001.mp4,validation/T3v3-2tvV0s.001.mp4,1.0,-0.0657168196299049,0.0163458632594973,0.0859749994254188,0.011415295929788,0.0943174956914415,0.0710637254058377,0.0401100771870466,0.0248446402790125,0.002859045319653,0.0025723742478069,0.0236222849734443,0.027184399262581,77.0,15.3,0.2897196261682243,chalearn_annotation_mirror
test,validation,TK6hBCARiHI.005,TK6hBCARiHI.005.mp4,validation/TK6hBCARiHI.005.mp4,0.987012987012987,0.0300439351009187,0.130875249331219,0.1004497931416903,0.0571963145080971,-0.1875030924377633,0.278223441014875,0.0474808985763829,0.0320006580460333,0.0067827783416987,0.0088258829523687,0.0359488464908358,0.0687979334275863,77.0,15.3153,0.5233644859813084,chalearn_annotation_mirror
test,validation,TyE0bVJZZto.001,TyE0bVJZZto.001.mp4,validation/TyE0bVJZZto.001.mp4,1.0,0.0224819441704926,0.0506290474336256,0.1092168977415324,0.0233477338972337,-0.1092192889136207,0.1197316954714625,0.0298485836493547,0.0277346864705782,0.0025784935463802,0.0023408291133735,0.0210677039071458,0.026819730531624,77.0,15.32,0.3831775700934579,chalearn_annotation_mirror
test,train,UA6UY69EVSI.002,UA6UY69EVSI.002.mp4,train/UA6UY69EVSI.002.mp4,1.0,0.1177206535084761,0.0399189093122288,0.0725562801318436,0.0180585268463292,-0.2589748885384924,0.0605153578603175,0.0419198031853807,0.0240316815323198,0.0081182508424091,0.0082670321115047,0.1203892119665963,0.1551170083796638,77.0,15.3153,0.439252336448598,chalearn_annotation_mirror
test,train,UA6UY69EVSI.004,UA6UY69EVSI.004.mp4,train/UA6UY69EVSI.004.mp4,1.0,0.1094280712360144,0.0504042124084697,0.0497790650769167,0.0216754899984317,-0.2290521147726814,0.2209871623506372,0.037500934385434,0.0254061170244179,0.0048705762314808,0.0074362092890251,0.0369574193945944,0.0672759618120235,77.0,15.3153,0.3551401869158878,chalearn_annotation_mirror
test,train,UEYKBC_SuzU.001,UEYKBC_SuzU.001.mp4,train/UEYKBC_SuzU.001.mp4,1.0,-0.1685987983674639,0.0143289879285347,0.0605899313182129,0.0104428045260237,0.3109860288659083,0.0242669504415853,0.0161185962092347,0.0172069487069305,0.0018579938681951,0.0017064157797485,0.0058275131936643,0.0057794152941968,74.0,15.306958333333332,0.3551401869158878,chalearn_annotation_mirror
test,train,UEYKBC_SuzU.004,UEYKBC_SuzU.004.mp4,train/UEYKBC_SuzU.004.mp4,1.0,-0.1680146522775866,0.0228562319118548,0.0421797185143723,0.018071526105707,0.1845810756626372,0.0639112964713235,0.0340711835543655,0.0306074359739441,0.0099903479514441,0.0096173588433401,0.0533496022012878,0.114623480761295,74.0,15.306958333333332,0.439252336448598,chalearn_annotation_mirror
test,train,UKHSKkb0V1o.005,UKHSKkb0V1o.005.mp4,train/UKHSKkb0V1o.005.mp4,0.974025974025974,-0.0247441086454503,0.0535730630812,0.0092535792929079,0.0504440491169706,0.0022143679125532,0.2204105434518983,0.0507574106271133,0.0376125954271691,0.0139564824329006,0.0117504733455174,0.0735645418734811,0.0903327308110242,77.0,15.3153,0.6261682242990654,chalearn_annotation_mirror
test,train,USO-o9dHJ3U.001,USO-o9dHJ3U.001.mp4,train/USO-o9dHJ3U.001.mp4,1.0,0.0919536927086111,0.0310446507847987,0.1149588995401767,0.0188080662965641,-0.0229890275610978,0.1061833413293676,0.044653732973327,0.0275396276534255,0.0028493375763883,0.00297854847348,0.0506301580892172,0.0520094334204561,77.0,15.3153,0.3644859813084112,chalearn_annotation_mirror
test,validation,UWVOT3YPQH4.000,UWVOT3YPQH4.000.mp4,validation/UWVOT3YPQH4.000.mp4,1.0,0.0548707034902676,0.0539099647218969,0.0193084612053746,0.0159975106065096,-0.3408915647154246,0.088592761581936,0.0424937441023172,0.0303643040091763,0.0044789787856185,0.0038999809274663,0.0182250875715589,0.0220427401004166,77.0,15.3153,0.5981308411214953,chalearn_annotation_mirror
test,train,UipoC_HLOP0.004,UipoC_HLOP0.004.mp4,train/UipoC_HLOP0.004.mp4,1.0,0.0450864929043136,0.0419033275815692,0.0485722945721569,0.0227497102909046,-0.1512474350003313,0.0821350932848388,0.047275112837308,0.0418107796284457,0.0034393661345554,0.0033994943681123,0.0393943393958171,0.1335857935363943,74.0,15.306958333333332,0.6635514018691588,chalearn_annotation_mirror
test,train,Uu-NbXUPr-A.000,Uu-NbXUPr-A.000.mp4,train/Uu-NbXUPr-A.000.mp4,1.0,-0.0359225576839175,0.0582873538536898,0.05781599241069,0.0323943902864286,0.0605629300337292,0.1383032410218884,0.0627266036650986,0.0352287211709369,0.00293939149792,0.0026446019971791,0.0494440740113629,0.0599807830552351,77.0,15.32,0.7476635514018691,chalearn_annotation_mirror
test,train,V8w2Lo5wxl8.000,V8w2Lo5wxl8.000.mp4,train/V8w2Lo5wxl8.000.mp4,1.0,0.0952975314754244,0.0401880808848474,0.0930049816074216,0.0139906156569448,-0.0491563988408559,0.0725460775796879,0.0308226664824564,0.0223589663774213,0.002961327202381,0.0025372815974742,0.0065356704003299,0.0064158814136823,73.0,15.301276865172888,0.5981308411214953,chalearn_annotation_mirror
test,train,VAZLQqJa9rQ.004,VAZLQqJa9rQ.004.mp4,train/VAZLQqJa9rQ.004.mp4,1.0,-0.0252296777156366,0.0346976359695103,-0.0003906755651726,0.0220294276711591,-0.0126151873516697,0.0607514084136762,0.0562608206719583,0.0288706161933871,0.0016779977687432,0.0017763730037964,0.088173676609816,0.1388217248445014,77.0,15.3,0.3644859813084112,chalearn_annotation_mirror
test,validation,Vk3scj5vhd4.002,Vk3scj5vhd4.002.mp4,validation/Vk3scj5vhd4.002.mp4,1.0,0.0691024176315911,0.0807374432003737,0.0519156236222619,0.0209667619744364,-0.1717559657641684,0.0639143468690337,0.0598560235252554,0.0281192126968582,0.0040667009736479,0.0039674537929693,0.0232733303608729,0.0337453989431323,77.0,15.3,0.3551401869158878,chalearn_annotation_mirror
test,train,W0Ay5uul8j0.001,W0Ay5uul8j0.001.mp4,train/W0Ay5uul8j0.001.mp4,1.0,-0.0168430167487318,0.1071308049146176,0.0211544748490341,0.027647404146165,-0.0911989678171473,0.3698705194328505,0.0486802055392982,0.0230593068335167,0.0033355966123883,0.0027668428086686,0.0409586245276637,0.0668886691769359,77.0,15.3153,0.4859813084112149,chalearn_annotation_mirror
test,validation,WT1YjeADatU.004,WT1YjeADatU.004.mp4,validation/WT1YjeADatU.004.mp4,1.0,-0.0878296282034753,0.0486832721604087,-0.0143949832628712,0.0281541986444093,0.0031193631558307,0.1433734745182209,0.0552789604825023,0.0487001855246213,0.003694282289051,0.0028664738765113,0.0674628739780107,0.0782696591521907,77.0,15.3,0.5420560747663551,chalearn_annotation_mirror
test,train,WwGca41TJVU.003,WwGca41TJVU.003.mp4,train/WwGca41TJVU.003.mp4,1.0,-0.0383040859372464,0.0215858887521427,-0.0274522423012527,0.0187860162086286,0.1297496536679039,0.1294707989680674,0.0575954148182267,0.0257275042437482,0.0036558453749784,0.0031808036973407,0.0899359517412536,0.0973862316306828,77.0,15.3,0.3925233644859813,chalearn_annotation_mirror
test,validation,X5aKCrWf6a4.004,X5aKCrWf6a4.004.mp4,validation/X5aKCrWf6a4.004.mp4,1.0,-0.0423429186420997,0.0583422512993935,0.0387391497620769,0.0206203071788357,-0.0874312708841458,0.1985262275029585,0.0432525321920445,0.0274809026932908,0.0044778039506771,0.0038318974831819,0.0552070665564069,0.0541553942584671,77.0,15.3153,0.5233644859813084,chalearn_annotation_mirror
test,train,XLV7teADu3c.000,XLV7teADu3c.000.mp4,train/XLV7teADu3c.000.mp4,1.0,0.0483724428397591,0.106039530084314,0.0954241964869589,0.0123500769593248,0.1127162822421758,0.0917833514649684,0.0400051718151865,0.0299795206305882,0.0026948522938816,0.0023281870876649,0.0217745412800663,0.0380335165055692,77.0,15.3153,0.5327102803738317,chalearn_annotation_mirror
test,train,XOioICna1hc.001,XOioICna1hc.001.mp4,train/XOioICna1hc.001.mp4,1.0,-0.034594397575314,0.0492287114941425,0.0055506825800107,0.0260016476317853,-0.1080844482521984,0.0842282547390924,0.0787662961959246,0.0510324329037082,0.0046907530211768,0.0030389568839028,0.0841851482979163,0.0773173277958293,77.0,15.3153,0.3551401869158878,chalearn_annotation_mirror
test,train,XYt6WL-l7do.002,XYt6WL-l7do.002.mp4,train/XYt6WL-l7do.002.mp4,0.974025974025974,0.0259078104334085,0.1050196310397868,0.0256332364578016,0.0263644153063913,0.1624907111170106,0.1676567908759832,0.0465786175188958,0.0339391933095923,0.0054956461991348,0.0085493115518826,0.0100969660579248,0.0164898689949859,77.0,15.3153,0.7850467289719626,chalearn_annotation_mirror
test,validation,XbsA_lCKQLs.005,XbsA_lCKQLs.005.mp4,validation/XbsA_lCKQLs.005.mp4,1.0,0.0099074449741768,0.0275375078266995,0.0588867070486256,0.0410372145669653,0.0177715760187729,0.0567965639877362,0.0395659391482691,0.0289402158487245,0.0044844786740163,0.0048508405611203,0.0481428365090343,0.0556010214360038,77.0,15.3153,0.5887850467289719,chalearn_annotation_mirror
test,train,XvV4YdhpC2w.002,XvV4YdhpC2w.002.mp4,train/XvV4YdhpC2w.002.mp4,1.0,0.0147253156180712,0.0847756455664233,0.0498154130625587,0.0428529153220433,-0.0376418400735874,0.1513423108155904,0.0456074343588346,0.0307767186748366,0.0076320342438678,0.0077872716675024,0.0380146049724506,0.0726394411968061,77.0,15.3,0.5887850467289719,chalearn_annotation_mirror
test,validation,XvV4YdhpC2w.003,XvV4YdhpC2w.003.mp4,validation/XvV4YdhpC2w.003.mp4,0.974025974025974,-0.0159084266372962,0.0552705123956552,0.0483567079676174,0.0491270296896381,0.028825448058225,0.190182282981504,0.0495309846566753,0.0284444885093056,0.0046610077541128,0.0041439188203911,0.025964635782862,0.0580460757112317,77.0,15.3,0.5514018691588785,chalearn_annotation_mirror
test,train,Y6iogSmj6FQ.005,Y6iogSmj6FQ.005.mp4,train/Y6iogSmj6FQ.005.mp4,1.0,0.077617772132869,0.0582496152856761,0.0283040782960989,0.0240911720338091,-0.052453462239283,0.0915826686558581,0.0339066763315831,0.0246075034334529,0.0079407575799529,0.0101873622455275,0.0379223915075064,0.0597347490600501,77.0,15.3,0.5420560747663551,chalearn_annotation_mirror
test,train,YP7N98ECZaI.002,YP7N98ECZaI.002.mp4,train/YP7N98ECZaI.002.mp4,1.0,-0.1947854553938861,0.0427729837799307,0.0376185554605896,0.0239144022633375,-0.1605835722824699,0.1526608754285656,0.0533726902374854,0.035601184456913,0.0081311957384809,0.0062909769413078,0.1135998199112428,0.1422021086626319,77.0,15.3,0.4299065420560747,chalearn_annotation_mirror
test,train,YuoLr4xDvbE.002,YuoLr4xDvbE.002.mp4,train/YuoLr4xDvbE.002.mp4,1.0,0.0883099251469549,0.0984677864397873,0.0941406375309708,0.020095644608227,0.0825927353827602,0.0950601743818546,0.0422314874122805,0.0341106117694213,0.0060088510544699,0.0045455226605516,0.0307541205325058,0.0488780655555855,77.0,15.3153,0.5794392523364486,chalearn_annotation_mirror
test,train,YwsVpkumbJc.002,YwsVpkumbJc.002.mp4,train/YwsVpkumbJc.002.mp4,1.0,-0.0424828741438104,0.04153081334792,0.0724106053525989,0.0221286462151366,-0.0151774899618997,0.1080139025664462,0.053940312986105,0.0275218279560927,0.0089163474543388,0.0088537080695626,0.0551362517347151,0.0927231207489308,77.0,15.3153,0.6261682242990654,chalearn_annotation_mirror
test,train,Z9GzSxQHKSI.004,Z9GzSxQHKSI.004.mp4,train/Z9GzSxQHKSI.004.mp4,1.0,-0.0009662640851407,0.0577178097675548,0.1081314749706761,0.0174448564985802,-0.0308580687555261,0.0906441937210635,0.034417195489303,0.0273636895883812,0.0052678959538463,0.0054345610721041,0.053321328450567,0.0882897378282497,77.0,15.3153,0.6542056074766355,chalearn_annotation_mirror
test,train,ZIyfXdCxN9E.000,ZIyfXdCxN9E.000.mp4,train/ZIyfXdCxN9E.000.mp4,1.0,-0.0093979852615912,0.0749072865335599,0.0877791355210824,0.0187451317415572,-0.172309680911341,0.0735623112613733,0.0267817157038639,0.021381119196997,0.015667065733992,0.0397196485148844,0.0825016287601859,0.1652796998912994,77.0,15.3,0.233644859813084,chalearn_annotation_mirror
test,train,ZRl_k6DzTeI.000,ZRl_k6DzTeI.000.mp4,train/ZRl_k6DzTeI.000.mp4,1.0,0.0104517892598687,0.0438677676845343,0.0031584604530502,0.0238545059713938,-0.1521102903836872,0.089270801052574,0.072950492933212,0.0472426675920339,0.0047535086378283,0.0040479168182233,0.0661436605850845,0.0733186455229075,77.0,15.3153,0.4672897196261681,chalearn_annotation_mirror
test,train,ZRrduU1CXqU.004,ZRrduU1CXqU.004.mp4,train/ZRrduU1CXqU.004.mp4,1.0,-0.0066999099104599,0.0519331554686701,0.0479120716393714,0.0273288756869024,0.1195808284345255,0.1136797996092935,0.0391387859538731,0.0278934935185082,0.0048226019495043,0.0041841468191413,0.0302229381651907,0.0745689338603181,71.0,15.301174526777055,0.5607476635514018,chalearn_annotation_mirror
test,validation,Zb5BstGpJ48.001,Zb5BstGpJ48.001.mp4,validation/Zb5BstGpJ48.001.mp4,1.0,-0.2525003041749666,0.0705639808497528,0.1176463906110313,0.0140518968513269,0.1152424121695758,0.0913388083384237,0.0056453839342179,0.0080671170984203,0.0050102655752069,0.0061273774158301,0.038131446455002,0.0477789018223112,77.0,15.32,0.514018691588785,chalearn_annotation_mirror
test,train,ZgFh3JPMs3Q.002,ZgFh3JPMs3Q.002.mp4,train/ZgFh3JPMs3Q.002.mp4,1.0,0.0442589784488858,0.0411888712465593,0.0192179634576383,0.0193118708412867,-0.0148222975741871,0.1676894233229907,0.0788482301609394,0.0493100948750174,0.0055801484455485,0.0060741998604213,0.0451897209569678,0.0539512280957437,74.0,15.306958333333332,0.6355140186915886,chalearn_annotation_mirror
test,train,ZqbJIM7rmO8.005,ZqbJIM7rmO8.005.mp4,train/ZqbJIM7rmO8.005.mp4,1.0,-0.0095994695972543,0.0603697184195898,0.105674228139536,0.0251600047988597,-0.0173749770008486,0.1635374795545819,0.0302307762571255,0.0268066499077206,0.0028162232235024,0.0030362212626625,0.0204107421247429,0.0331981683846248,77.0,15.315315315315315,0.7757009345794392,chalearn_annotation_mirror
test,train,_0bg1TLPP-I.004,_0bg1TLPP-I.004.mp4,train/_0bg1TLPP-I.004.mp4,1.0,-0.024121551290609,0.1393221841966393,0.0601607013713888,0.0273478620507167,-0.0280372941259492,0.201834916429753,0.0307103530623457,0.0235981175709926,0.0054470764017933,0.0051457839206932,0.0600631212099212,0.0808130612545629,77.0,15.3153,0.5981308411214953,chalearn_annotation_mirror
test,validation,_2DSmy36OEM.005,_2DSmy36OEM.005.mp4,validation/_2DSmy36OEM.005.mp4,0.961038961038961,-0.0989359012988016,0.1857876034120232,0.0126051325942339,0.0420143064565881,-0.0764837590917588,0.409645637605197,0.0291461718638777,0.0356029621214711,0.0061224098868582,0.0109014104134449,0.0372224679565247,0.1009410189951545,77.0,15.3153,0.3925233644859813,chalearn_annotation_mirror
test,train,_7s27dUoYVg.000,_7s27dUoYVg.000.mp4,train/_7s27dUoYVg.000.mp4,1.0,-0.0263237943341183,0.0892366523933841,0.0441161556717296,0.0267697216952968,0.083411909205252,0.1841927125325183,0.0391907448770658,0.0300917436928439,0.0043236174546956,0.0032003145262082,0.0797595499475667,0.1075264405063812,77.0,15.32,0.7102803738317757,chalearn_annotation_mirror
test,train,_X6_C_Oy9VA.000,_X6_C_Oy9VA.000.mp4,train/_X6_C_Oy9VA.000.mp4,1.0,-0.1121223651377563,0.1419841898652489,0.011210293756309,0.0222332479298277,-0.0431134739406985,0.1794464679468761,0.0455100254373081,0.0275532112014921,0.0081370281693421,0.0079911909828283,0.0701727978611754,0.1326856462966222,77.0,15.32,0.4953271028037382,chalearn_annotation_mirror
test,train,_bOOlidEWgY.001,_bOOlidEWgY.001.mp4,train/_bOOlidEWgY.001.mp4,1.0,-0.1160015872322858,0.0694564060876626,0.0493859655905983,0.0248498091377437,0.0019168986224928,0.2831379047867536,0.0353166720571909,0.0206400508272085,0.0024161401112411,0.0021619342868452,0.0339618075393493,0.0760598995645859,77.0,15.32,0.8130841121495327,chalearn_annotation_mirror
test,train,_fJcW5234bY.000,_fJcW5234bY.000.mp4,train/_fJcW5234bY.000.mp4,1.0,0.0448990151005201,0.0234823782992819,0.038169533196169,0.0206425947308041,0.0492676770313063,0.0829618084182803,0.0494461684459464,0.0347889675981306,0.0017236187178258,0.0023668742268692,0.0333364747509886,0.0610159024740403,77.0,15.3153,0.5700934579439252,chalearn_annotation_mirror
test,validation,_hR9AD-eIy8.002,_hR9AD-eIy8.002.mp4,validation/_hR9AD-eIy8.002.mp4,1.0,-0.0596501783231947,0.0755614725530016,0.059875294838776,0.0396530722395689,0.054591803169726,0.1859557026324327,0.0554977483515356,0.0335277368648199,0.0034551974851547,0.0035073767144771,0.0630829745475445,0.1079845860213192,77.0,15.32,0.6728971962616823,chalearn_annotation_mirror
test,validation,_kK9tGN883Y.003,_kK9tGN883Y.003.mp4,validation/_kK9tGN883Y.003.mp4,1.0,0.0865831782282773,0.0258447731597632,0.0191095818415945,0.0101618737938253,-0.1309465447081868,0.0674132752424544,0.0598243129827742,0.0324176178200473,0.0007408374983589,0.0006256485299859,0.002590721675331,0.0023159385930408,73.0,15.349032800672834,0.2523364485981308,chalearn_annotation_mirror
test,validation,aFVFvJNnFt0.002,aFVFvJNnFt0.002.mp4,validation/aFVFvJNnFt0.002.mp4,1.0,0.0151932646368707,0.0642822330825315,0.091054128533363,0.0201461615161204,0.0432660792315211,0.1066542419477163,0.0243193144911568,0.0283604917243444,0.0045327764918051,0.0069886564268637,0.046414236561447,0.0585376493229365,77.0,15.3,0.4859813084112149,chalearn_annotation_mirror
test,validation,aLvpOYqzErk.002,aLvpOYqzErk.002.mp4,validation/aLvpOYqzErk.002.mp4,1.0,0.0266491641383829,0.0420930053024164,0.0336680991298483,0.0165020879088938,0.262088570927232,0.0990097561660107,0.0374281568735291,0.0239103331779977,0.002571313135353,0.0021317897187297,0.0126383145337718,0.029983537899186,77.0,15.3153,0.4299065420560747,chalearn_annotation_mirror
test,train,aMPe0uSKqF4.004,aMPe0uSKqF4.004.mp4,train/aMPe0uSKqF4.004.mp4,0.935064935064935,-0.0764814280898634,0.1209716303170798,0.0301147189720037,0.0269890081218647,-0.0166230476925588,0.1380421348021183,0.0539605007747775,0.0402302855291152,0.0060137831323083,0.0057393540981942,0.0436839212850037,0.0426825171810691,77.0,15.3153,0.4205607476635514,chalearn_annotation_mirror
test,validation,aPTNxA43WHY.001,aPTNxA43WHY.001.mp4,validation/aPTNxA43WHY.001.mp4,1.0,-0.0381644786811706,0.0509464829194842,0.0618109514614183,0.0367019351591265,0.1246409981038227,0.1325004618007682,0.0611653772418981,0.0332196642614618,0.0049349961923068,0.0043144052884924,0.0884785646625877,0.1165722572198817,77.0,15.3153,0.7663551401869158,chalearn_annotation_mirror
test,validation,adBtc3XrSsg.003,adBtc3XrSsg.003.mp4,validation/adBtc3XrSsg.003.mp4,1.0,0.0052673584964055,0.0869107246279907,0.0353635605093651,0.0210713470099126,0.0287581904376927,0.0734778517186851,0.0304701230234597,0.0189451326673975,0.0020876020863972,0.0038752609719649,0.0279864530857044,0.0794363335292517,77.0,15.3,0.3457943925233644,chalearn_annotation_mirror
test,train,atH8mnvu-sE.005,atH8mnvu-sE.005.mp4,train/atH8mnvu-sE.005.mp4,1.0,-0.0244467248443901,0.0677645857466289,0.0681098042668296,0.0263246638659798,0.0183999729673001,0.0969101683955589,0.070528694365474,0.042295229082175,0.0046662523979489,0.0037624678723295,0.0819564764807087,0.0816012118826437,77.0,15.315315315315315,0.6822429906542056,chalearn_annotation_mirror
test,train,atdhaGEh_0c.000,atdhaGEh_0c.000.mp4,train/atdhaGEh_0c.000.mp4,1.0,-0.0545052833940636,0.0517284393656279,0.0248959941325834,0.0236446727601854,-0.0768388211275322,0.1675274231524403,0.0556029798571977,0.0262134863916962,0.0024779896655287,0.0028362458784859,0.0241433921947253,0.0272250257540412,77.0,15.3153,0.4766355140186915,chalearn_annotation_mirror
test,train,b-qfeGqPd04.001,b-qfeGqPd04.001.mp4,train/b-qfeGqPd04.001.mp4,1.0,0.1515795228030849,0.1589993175550702,0.0836813648426853,0.0353148626519818,0.1387175792206617,0.0650383734145073,0.0379241267588085,0.0244663888007225,0.0040614793701157,0.0034311531943355,0.016985216233511,0.0137213289459078,77.0,15.32,0.4579439252336448,chalearn_annotation_mirror
test,validation,b-qfeGqPd04.003,b-qfeGqPd04.003.mp4,validation/b-qfeGqPd04.003.mp4,1.0,-0.0122481519899479,0.1516080317910477,0.0464135119620476,0.0244891049598513,-0.0441302673776088,0.1573386780357121,0.0436777817911309,0.030971694860076,0.0085991550036056,0.0082568891443336,0.0671613901292533,0.0878063316952234,77.0,15.32,0.4953271028037382,chalearn_annotation_mirror
test,train,b-qfeGqPd04.005,b-qfeGqPd04.005.mp4,train/b-qfeGqPd04.005.mp4,1.0,-0.1247427603774462,0.1457243456385366,0.0526829171746411,0.0221453969969636,-0.0670321898783794,0.1121335954529034,0.0448946028079292,0.0272779861818439,0.006526388421138,0.0049675752075969,0.0602018895022493,0.0740735218897591,77.0,15.32,0.4205607476635514,chalearn_annotation_mirror
test,train,bJktioZ5Yxk.002,bJktioZ5Yxk.002.mp4,train/bJktioZ5Yxk.002.mp4,1.0,-0.0244683926807716,0.0622918132333634,0.0573875051345695,0.0231764763184768,0.0047468070735985,0.0538464367417142,0.0282394779459283,0.0238138015700909,0.0064907457875716,0.0069043611160897,0.0573703247206002,0.0935608248644506,77.0,15.3,0.616822429906542,chalearn_annotation_mirror
test,train,bMY2DaFFwzU.001,bMY2DaFFwzU.001.mp4,train/bMY2DaFFwzU.001.mp4,1.0,0.0590728988464592,0.0430313591535088,0.0468347143204424,0.015229976987023,-0.1132894896395829,0.0327319806150738,0.0406194678313002,0.0304240140796258,0.0012069452970288,0.0035064705164661,0.0130305600662056,0.0507896220665924,77.0,15.3153,0.1682242990654205,chalearn_annotation_mirror
test,train,bMY2DaFFwzU.003,bMY2DaFFwzU.003.mp4,train/bMY2DaFFwzU.003.mp4,1.0,0.0478729983144635,0.0181754813704588,0.0594733984124057,0.0310316839478191,-0.1044142056077889,0.0470272869701801,0.039668942432034,0.0262255645644411,0.0023005158378068,0.003336177218124,0.0140536130692284,0.050611022055946,77.0,15.3153,0.4205607476635514,chalearn_annotation_mirror
test,train,bZoN9xp9vgs.001,bZoN9xp9vgs.001.mp4,train/bZoN9xp9vgs.001.mp4,0.9863013698630136,-0.0352713938575613,0.0906920383925654,-0.0044233058655375,0.0437061684896715,0.1386811908899757,0.2110506211727115,0.0561350763289359,0.0327196245062182,0.0112925963436125,0.0130812209350985,0.076407865529527,0.1206831425496519,73.0,15.310641528533468,0.5233644859813084,chalearn_annotation_mirror
test,train,c3SQSM9OIsA.005,c3SQSM9OIsA.005.mp4,train/c3SQSM9OIsA.005.mp4,1.0,-0.0064873180109125,0.0509204088669833,0.0057809833122578,0.0270224087038853,-0.0330207467661589,0.1378630921087794,0.0542012512276386,0.0303888624047248,0.0058615371214417,0.0046708162162499,0.0334935223364512,0.0353632702354126,77.0,15.3153,0.5420560747663551,chalearn_annotation_mirror
test,validation,c5ZnKbaNCE8.001,c5ZnKbaNCE8.001.mp4,validation/c5ZnKbaNCE8.001.mp4,0.987012987012987,0.0720764815513105,0.099677345301522,0.0474147838215378,0.0308545507476104,0.0565198522253925,0.0969846198937672,0.0400882999611808,0.0318635757447208,0.0163770234455222,0.0502173500770225,0.0646644031641102,0.1176717008840887,77.0,15.3,0.308411214953271,chalearn_annotation_mirror
test,train,cFGjJg-2zOk.000,cFGjJg-2zOk.000.mp4,train/cFGjJg-2zOk.000.mp4,1.0,-0.0717966083783897,0.0745501331244103,0.088669134781873,0.0310251850562515,-0.1989473075040696,0.0783073700337993,0.0595647393099178,0.0394112599214355,0.0021803703865279,0.0015724504741243,0.0177687055679836,0.021591646970621,77.0,15.3,0.5794392523364486,chalearn_annotation_mirror
test,train,cLaZxEf1nE4.003,cLaZxEf1nE4.003.mp4,train/cLaZxEf1nE4.003.mp4,1.0,-0.0468618017307763,0.0579984141025066,0.0078020790056659,0.033150918301293,0.1249331689761216,0.1132511864116325,0.0702184067430646,0.049085770893338,0.0016421301677166,0.0014780170352218,0.0399615188725517,0.0618534674088787,77.0,15.3,0.5887850467289719,chalearn_annotation_mirror
test,train,cNXnowQb7rs.005,cNXnowQb7rs.005.mp4,train/cNXnowQb7rs.005.mp4,1.0,-0.1000107815713322,0.0542502318240372,-0.000775300640737,0.0163353601884145,-0.0357324801462853,0.073942743814975,0.0475361251277605,0.0321926391797301,0.003160684137491,0.0026974751750282,0.0922449330497491,0.1425508529516772,77.0,15.315315315315315,0.7383177570093457,chalearn_annotation_mirror
test,train,cTbfp7nkX8c.005,cTbfp7nkX8c.005.mp4,train/cTbfp7nkX8c.005.mp4,1.0,-0.1144771525832382,0.1439183172876269,-0.0110112942272763,0.0261133412649198,-0.0443240717697153,0.1250952638228526,0.0552775462361781,0.0344195089952491,0.0057189770190005,0.0037748343838215,0.1154669071392265,0.1154921913047463,77.0,15.3,0.3271028037383177,chalearn_annotation_mirror
test,validation,ciWUq6iQTIE.001,ciWUq6iQTIE.001.mp4,validation/ciWUq6iQTIE.001.mp4,1.0,0.0519940476285852,0.0302821492745561,0.0503152796118779,0.0477729671514601,0.2498903155169441,0.1286491472368521,0.0274111553467958,0.0298059477775605,0.0027061542630771,0.0030724953457994,0.041545446730647,0.0581154497779159,77.0,15.3153,0.439252336448598,chalearn_annotation_mirror
test,train,cnsvc0alWOA.004,cnsvc0alWOA.004.mp4,train/cnsvc0alWOA.004.mp4,1.0,0.0594432324088496,0.1155563057394043,-0.029445792692161,0.0283611405700601,-0.0799391336818109,0.1021844244142958,0.0639839847149525,0.0559027964219856,0.0013609068257232,0.0011922502377569,0.0076509986658224,0.0090709434049048,77.0,15.3153,0.5794392523364486,chalearn_annotation_mirror
test,train,cxJ0u6r0-pU.000,cxJ0u6r0-pU.000.mp4,train/cxJ0u6r0-pU.000.mp4,1.0,0.0219109202480572,0.0266456907401571,-0.0137850533285329,0.0242831649995399,0.0454877180753561,0.0918937046413632,0.0464137360726333,0.0341732578473977,0.0021088413285517,0.0024639656692812,0.0177275418522148,0.0197385628223416,77.0,15.3,0.6915887850467289,chalearn_annotation_mirror
test,validation,d8skGb2ycio.005,d8skGb2ycio.005.mp4,validation/d8skGb2ycio.005.mp4,1.0,-0.0023903500221267,0.0623512108128512,0.0340718712507888,0.0265866185667284,-0.0500773422196714,0.1737240303432672,0.0331063140756758,0.0332638112447817,0.0035689874804632,0.0041429426348235,0.0826640699165585,0.107715858986985,77.0,15.3,0.5514018691588785,chalearn_annotation_mirror
test,validation,dB2XYhvqUBU.005,dB2XYhvqUBU.005.mp4,validation/dB2XYhvqUBU.005.mp4,1.0,0.050517761417209,0.0403772363457825,0.0385111936847966,0.0163818397245929,-0.3443387934052987,0.0889195120094314,0.033475393755174,0.0258093126961143,0.0046417771754404,0.0056018346749491,0.0159690633899033,0.0264692898935835,74.0,15.306958333333332,0.616822429906542,chalearn_annotation_mirror
test,train,dRP8ZaAryro.004,dRP8ZaAryro.004.mp4,train/dRP8ZaAryro.004.mp4,1.0,-0.0003257181346005,0.0218325885899316,0.0039719608031306,0.0204296255888129,0.0077824468153136,0.0986314698597012,0.071344357777749,0.0489658174204993,0.0020968585841815,0.0018955237028299,0.0228865154422391,0.0526460574147304,77.0,15.3153,0.4766355140186915,chalearn_annotation_mirror
test,train,dRr2JtdzUpU.004,dRr2JtdzUpU.004.mp4,train/dRr2JtdzUpU.004.mp4,0.987012987012987,0.039176267837333,0.0934447441643543,0.0319715936188785,0.0230583278527513,0.0540251136643511,0.1468350195271308,0.0457724708501654,0.0262912412345404,0.0082312611990861,0.0185676674953972,0.082747008965582,0.1107750623039009,77.0,15.315315315315315,0.5700934579439252,chalearn_annotation_mirror
test,train,dd0z9mErfSo.002,dd0z9mErfSo.002.mp4,train/dd0z9mErfSo.002.mp4,1.0,0.0017589000956993,0.0295275858941685,0.0165654286729943,0.0225374792054117,0.0975759069417314,0.0559703465162117,0.0520499425069801,0.0377158280800443,0.005004270227436,0.0035332955955465,0.0311175159455221,0.0258608867854621,77.0,15.315315315315315,0.7009345794392522,chalearn_annotation_mirror
test,train,dmycfNpiWCE.004,dmycfNpiWCE.004.mp4,train/dmycfNpiWCE.004.mp4,1.0,-0.0296610201656155,0.099512490464717,0.0041624986411517,0.0149640307934639,-0.0812480933138255,0.0974142014285888,0.0567146156733933,0.0373138318537382,0.0042951565146902,0.0035717237447265,0.0523630004053409,0.0578369723492831,77.0,15.32,0.6261682242990654,chalearn_annotation_mirror
test,train,dy9EqbKLDP0.001,dy9EqbKLDP0.001.mp4,train/dy9EqbKLDP0.001.mp4,0.7402597402597403,-0.2852592496924435,0.2416845173980703,0.0775032388820307,0.0274452544202373,-0.0305604653551298,0.1798188770292396,0.0231488112264246,0.0212537262696996,0.0082406542243066,0.0095044718483294,0.0628148542333807,0.0682321864456058,77.0,15.3153,0.7102803738317757,chalearn_annotation_mirror
test,validation,eI_7SimPnnQ.004,eI_7SimPnnQ.004.mp4,validation/eI_7SimPnnQ.004.mp4,1.0,-0.0142556057099017,0.0361456434325112,0.0654715917506382,0.0347762981726868,0.0719628965490142,0.0868694140987499,0.0413637818564031,0.0277011811674219,0.0020566077547488,0.002209319580914,0.0814471527590535,0.0832992212532503,77.0,15.3,0.5981308411214953,chalearn_annotation_mirror
test,validation,ej0RpdM9kJA.004,ej0RpdM9kJA.004.mp4,validation/ej0RpdM9kJA.004.mp4,1.0,0.0092946496672879,0.0404508873164033,0.0219206435924452,0.0575174259471209,-0.0710631543663106,0.1230674902210709,0.0525133596179325,0.0334216318828303,0.0063102853993659,0.0077626383937108,0.0795042173249593,0.1963621331446036,77.0,15.32,0.4018691588785046,chalearn_annotation_mirror
test,train,f9GeYKAXgAQ.002,f9GeYKAXgAQ.002.mp4,train/f9GeYKAXgAQ.002.mp4,1.0,0.0181297374802363,0.0923520823592757,0.033093522140345,0.0312569046783142,-0.1644554337699176,0.0910981537847662,0.0417698192842443,0.0352645481118812,0.0023044439055595,0.0025407227997867,0.0549475153195542,0.0995942436735498,77.0,15.3153,0.514018691588785,chalearn_annotation_mirror
test,train,fDw_PAgW07o.002,fDw_PAgW07o.002.mp4,train/fDw_PAgW07o.002.mp4,1.0,0.105964697963077,0.0452906311761038,0.0047760645933101,0.0140827751988058,-0.071766196037448,0.085727292119581,0.0257447956575854,0.0348941836138758,0.0035596151047537,0.0030986507811459,0.0824096592455954,0.0827126732253503,76.0,15.303370786516853,0.2242990654205607,chalearn_annotation_mirror
test,train,fH0jgh_VKmE.003,fH0jgh_VKmE.003.mp4,train/fH0jgh_VKmE.003.mp4,0.972972972972973,-0.0027730296089282,0.098042632986711,0.0134168273230125,0.0233799156591139,0.0081134507941645,0.2010032115241618,0.0699680830297009,0.0462552932796639,0.0055040519919026,0.0061046091207947,0.0270415417818714,0.0290987204799857,74.0,15.306958333333332,0.3551401869158878,chalearn_annotation_mirror
test,train,fLRRMLTFGMQ.002,fLRRMLTFGMQ.002.mp4,train/fLRRMLTFGMQ.002.mp4,1.0,0.0516931856132972,0.0689286452286631,0.0540572193325373,0.037602140964945,-0.1227202120803112,0.1195277890246336,0.0301640424432025,0.0316827920816967,0.0030103965805919,0.0025769857828499,0.0434218013003194,0.0620171986113128,77.0,15.3,0.4112149532710279,chalearn_annotation_mirror
test,train,fTpemcfElxI.005,fTpemcfElxI.005.mp4,train/fTpemcfElxI.005.mp4,1.0,0.0110833013503955,0.019275093711548,0.0980921518328806,0.0768430500989841,-0.2633305145056193,0.0634651095322191,0.0632950260634381,0.0446376098584163,0.0011328927428501,0.0012409047268272,0.0066575966400085,0.005877120778314,74.0,15.32743067156699,0.3831775700934579,chalearn_annotation_mirror
test,validation,fY4tctYZTz8.004,fY4tctYZTz8.004.mp4,validation/fY4tctYZTz8.004.mp4,1.0,-0.1545792307138036,0.0745016513734178,0.0828836966601164,0.0386863560621742,-0.0128999839327992,0.187130106853666,0.0339132686738063,0.0273535472108053,0.0026906748550335,0.0029358480424317,0.0068954152231407,0.005971595359404,74.0,15.306958333333332,0.4953271028037382,chalearn_annotation_mirror
test,train,fhUGU2uiS1U.001,fhUGU2uiS1U.001.mp4,train/fhUGU2uiS1U.001.mp4,1.0,0.1395001595250813,0.1722739605405162,-0.0126373823769626,0.0334453089726211,0.0187536002279828,0.3161300592180815,0.069632859146315,0.0420292317206544,0.0038765186576902,0.0042919719384326,0.051165431105366,0.067242189934702,74.0,15.306958333333332,0.6728971962616823,chalearn_annotation_mirror
test,train,fmue_KpW9Ro.004,fmue_KpW9Ro.004.mp4,train/fmue_KpW9Ro.004.mp4,1.0,0.0123040869632786,0.0713217381472618,0.1044134827366099,0.0302271825929225,0.2273205293113946,0.182852955975527,0.0410735468843435,0.0196688332816826,0.008403086960423,0.0075214599889391,0.0529260851428066,0.0760935861660199,77.0,15.32,0.4579439252336448,chalearn_annotation_mirror
test,train,fv5lLeyRdd4.004,fv5lLeyRdd4.004.mp4,train/fv5lLeyRdd4.004.mp4,1.0,-0.016413913431671,0.0915448234742863,0.0464268898003867,0.0193545729384196,0.2076502249519176,0.1392563289185244,0.0510352492954456,0.0348358293359427,0.0028519032487927,0.0026872661320864,0.0497155852101892,0.0892741821511402,77.0,15.3153,0.5420560747663551,chalearn_annotation_mirror
test,train,fwJykIyvS04.001,fwJykIyvS04.001.mp4,train/fwJykIyvS04.001.mp4,1.0,-0.0256714613209724,0.0371729034819118,0.0536227713714706,0.020451353912932,0.1067323246857523,0.1255566356013228,0.0357803820127787,0.0274815784689635,0.0052021164875018,0.0058803365717967,0.0648019431810129,0.0912932103106779,77.0,15.3153,0.4112149532710279,chalearn_annotation_mirror
test,train,fyXiORXmWHs.003,fyXiORXmWHs.003.mp4,train/fyXiORXmWHs.003.mp4,1.0,0.0601979715835117,0.0692671562790482,-0.0301116558314397,0.0154668590040802,-0.1239272522328293,0.0853401607042812,0.0384260794983881,0.0292540588572868,0.0091885836197572,0.0092989045312902,0.1178469576432846,0.1610370126330959,77.0,15.3153,0.514018691588785,chalearn_annotation_mirror
test,train,g9zgIN56MnQ.004,g9zgIN56MnQ.004.mp4,train/g9zgIN56MnQ.004.mp4,1.0,0.0755475608425692,0.0498162475284589,0.0824595948411523,0.0330847006199103,-0.1793365753872666,0.17774896620101,0.0397536793463222,0.0299056227655378,0.0023808655431395,0.0029871427842713,0.0405952135780996,0.0836215527072238,77.0,15.3153,0.5420560747663551,chalearn_annotation_mirror
test,train,glgfB3vFewc.002,glgfB3vFewc.002.mp4,train/glgfB3vFewc.002.mp4,1.0,-0.2219759881823582,0.0329823586804964,0.0423898962985262,0.017766730453374,0.198373097154542,0.0593783006181943,0.0487157505419195,0.0270068768980684,0.000755363502588,0.0006906544122066,0.0167221205080897,0.0186480413316144,77.0,15.3153,0.6635514018691588,chalearn_annotation_mirror
test,train,grhDDOLsBho.004,grhDDOLsBho.004.mp4,train/grhDDOLsBho.004.mp4,1.0,0.1089633506811422,0.0835797321927905,0.0232765910773408,0.0215919462168148,0.0126117193846528,0.1126573609990387,0.0635600991285697,0.0327935744293886,0.0030527830068456,0.0027795751474745,0.0643582140740062,0.061585058231487,77.0,15.3,0.5514018691588785,chalearn_annotation_mirror
test,validation,hjQpiGBO1Ao.000,hjQpiGBO1Ao.000.mp4,validation/hjQpiGBO1Ao.000.mp4,1.0,0.070113847402994,0.1044718767293325,0.032970405240952,0.0174820974244325,0.1690704004341683,0.1640071164101385,0.0460943159578052,0.0279114048725009,0.0046997489840001,0.0046340127723848,0.038162337127827,0.066617888318564,77.0,15.3,0.3738317757009345,chalearn_annotation_mirror
test,validation,hnMp0eX28es.002,hnMp0eX28es.002.mp4,validation/hnMp0eX28es.002.mp4,0.987012987012987,0.252245476915237,0.0869834095061801,0.01191009050748,0.0311169177213466,-0.1822742036494667,0.092589610433392,0.0455607692669825,0.0364985474977085,0.0144337495623935,0.0130088983310861,0.1311923994196149,0.1929991341943083,77.0,15.3153,0.5514018691588785,chalearn_annotation_mirror
test,train,hquzfo9MVDo.003,hquzfo9MVDo.003.mp4,train/hquzfo9MVDo.003.mp4,1.0,-0.0496276683779722,0.1109526059936475,0.0554432207643391,0.0190649643221885,0.1384175381035906,0.1506390244213175,0.0558929207442161,0.0292052769306754,0.0013226219741013,0.0011724186489288,0.005521460181661,0.0039730760196665,77.0,15.3153,0.1588785046728971,chalearn_annotation_mirror
test,train,iGBVrJMr62U.002,iGBVrJMr62U.002.mp4,train/iGBVrJMr62U.002.mp4,1.0,0.0187153978464315,0.1077461652346617,0.060387412093335,0.0416503845039835,-0.2199380525047566,0.2775525212495103,0.0654973376761637,0.0424948145593226,0.0068379435691813,0.0090559955900759,0.1080096934313077,0.1211237316655689,77.0,15.3153,0.3271028037383177,chalearn_annotation_mirror
test,train,iW1t-ZiG2rc.000,iW1t-ZiG2rc.000.mp4,train/iW1t-ZiG2rc.000.mp4,1.0,-0.039550157263383,0.0598819181479489,0.0273924807091924,0.0191105082558966,-0.0156841161390217,0.1386099896535327,0.046673703158478,0.0279062035821445,0.0055129077634888,0.0049956645039313,0.0504126884786807,0.0479758605320727,74.0,15.306958333333332,0.644859813084112,chalearn_annotation_mirror
test,validation,io0aNQE8En8.004,io0aNQE8En8.004.mp4,validation/io0aNQE8En8.004.mp4,0.7272727272727273,0.0133335098159271,0.2374688378300392,0.0608032364335266,0.0332654278134445,-0.0940099976755407,0.0743818708755378,0.0227737662130274,0.0214189501122172,0.0028506389477551,0.0031557941612714,0.0118829698590254,0.0149932783036351,77.0,15.3153,0.233644859813084,chalearn_annotation_mirror
test,validation,iqs7mZbg5UI.002,iqs7mZbg5UI.002.mp4,validation/iqs7mZbg5UI.002.mp4,1.0,0.0216523251332196,0.0181250910516512,-0.001218492489034,0.0109424698897434,-0.0767821651635982,0.0654591973050047,0.0568337357438927,0.0309162891399971,0.0025699455758654,0.0030584600046723,0.0055925732284427,0.0045457322581039,77.0,15.3153,0.4953271028037382,chalearn_annotation_mirror
test,train,j3jdT1V-DeI.001,j3jdT1V-DeI.001.mp4,train/j3jdT1V-DeI.001.mp4,0.974025974025974,0.027453836898562,0.0795375188464019,0.0479604757622652,0.0378245909537667,-0.1723835565028765,0.1565067371052786,0.0690304563125711,0.0328016771152443,0.0121053265685982,0.012412593300983,0.11616686350108,0.1334764553082787,77.0,15.337729816147084,0.2803738317757009,chalearn_annotation_mirror
test,train,jDdRrqRcSzM.001,jDdRrqRcSzM.001.mp4,train/jDdRrqRcSzM.001.mp4,1.0,0.0744869248116671,0.0384757310510384,0.0496378215499748,0.0238393571145171,-0.0221300727530594,0.2537398671606679,0.0386487097662388,0.02609079101339,0.0036019448060099,0.0035759562923213,0.0532002836430813,0.0586168161630543,77.0,15.3,0.6635514018691588,chalearn_annotation_mirror
test,train,jOTlJwOBSd4.002,jOTlJwOBSd4.002.mp4,train/jOTlJwOBSd4.002.mp4,1.0,-0.1270893715600513,0.013200425732765,0.1727240680669682,0.0127079467120168,-0.0549508489171865,0.0231869395649325,0.0233475137898307,0.0234211270646007,0.0018114920213256,0.0014784066835536,0.0373574961854238,0.0438703311437369,77.0,15.3153,0.2710280373831775,chalearn_annotation_mirror
test,train,jOTlJwOBSd4.005,jOTlJwOBSd4.005.mp4,train/jOTlJwOBSd4.005.mp4,1.0,0.1102919219736782,0.0602157234897564,0.0481375960568249,0.0144025074700817,-0.0988432943395034,0.0881776539679754,0.0575430111854351,0.0327022981757392,0.0028266722065219,0.0029836979337724,0.0338227578343805,0.0509078487059552,77.0,15.3153,0.439252336448598,chalearn_annotation_mirror
test,train,jwcSbw4NDn0.002,jwcSbw4NDn0.002.mp4,train/jwcSbw4NDn0.002.mp4,1.0,0.0076654583322139,0.0420623006114917,0.0473637651112833,0.0197829009594464,0.0536612837906348,0.0487575143500938,0.0592255842202119,0.0372663383935,0.0031815104787952,0.0043517004855723,0.0744547507671763,0.0993961285701779,77.0,15.3,0.5327102803738317,chalearn_annotation_mirror
test,train,k2buv6xZ4_o.000,k2buv6xZ4_o.000.mp4,train/k2buv6xZ4_o.000.mp4,1.0,0.0254765514512555,0.0624815813131124,0.0322022611838386,0.0251099663627042,-0.2080129494326695,0.1491234667232666,0.035527635802415,0.0234429857505095,0.001662487282734,0.0018859980789814,0.0235666740843823,0.0290349401885236,77.0,15.32,0.4859813084112149,chalearn_annotation_mirror
test,validation,kDJigDGDJTo.004,kDJigDGDJTo.004.mp4,validation/kDJigDGDJTo.004.mp4,1.0,0.0934533535697685,0.1571249160870927,0.0094704310828428,0.0312010930935393,0.1315156001099316,0.2392300844765867,0.0745262705572994,0.0360160864114246,0.0050653233163639,0.0047418152350705,0.0904986789593038,0.0956081989300339,74.0,15.306958333333332,0.4859813084112149,chalearn_annotation_mirror
test,train,kFak4VnRnRM.005,kFak4VnRnRM.005.mp4,train/kFak4VnRnRM.005.mp4,1.0,-0.043907896734382,0.0683318494848561,0.0088276473124574,0.0218050498169309,-0.1705859562801537,0.1485816115564954,0.0718264987050684,0.0313042661073513,0.0102833165990702,0.0134577434583293,0.1288751849682018,0.1621932523875731,77.0,15.32,0.5887850467289719,chalearn_annotation_mirror
test,train,kN9cs2nFhM4.003,kN9cs2nFhM4.003.mp4,train/kN9cs2nFhM4.003.mp4,1.0,-0.0632868167506716,0.0460204501032841,0.0359612253020195,0.0351730645955034,0.0491642526727836,0.0996953504564609,0.0828459317308829,0.045062348073469,0.0092472589027587,0.007721405707409,0.0176088480680398,0.0138058010295781,77.0,15.3153,0.4299065420560747,chalearn_annotation_mirror
test,train,keGXYAcUXmA.002,keGXYAcUXmA.002.mp4,train/keGXYAcUXmA.002.mp4,0.987012987012987,0.022537647982695,0.1152158392987759,0.0227830425097863,0.0244124979233775,-0.0312064434582954,0.2135896616164793,0.0650651435313468,0.0440574413757767,0.0072516466454057,0.0104377491548778,0.0186706541664941,0.0388719016295076,77.0,15.32,0.308411214953271,chalearn_annotation_mirror
test,train,lLObIVKYDUI.005,lLObIVKYDUI.005.mp4,train/lLObIVKYDUI.005.mp4,1.0,-0.0057062357414325,0.0331045197485527,0.0654343744743588,0.0335395268895439,0.1330374502690934,0.0535891029901438,0.0444024003140339,0.0377324233459065,0.0017592297983257,0.0017046068109176,0.0360359213089835,0.0880323871231541,77.0,15.3153,0.4205607476635514,chalearn_annotation_mirror
test,train,lLWOcztaIBI.000,lLWOcztaIBI.000.mp4,train/lLWOcztaIBI.000.mp4,1.0,-0.1149553517322261,0.0587284224537481,0.0323342454665152,0.0237717118445013,0.1961166674154874,0.0715469875565303,0.0582866440640863,0.0312378460379333,0.0032667213533612,0.0026151184859262,0.0567383465011406,0.0621554753042275,74.0,15.306958333333332,0.6542056074766355,chalearn_annotation_mirror
test,train,lkdQjIunxSE.002,lkdQjIunxSE.002.mp4,train/lkdQjIunxSE.002.mp4,1.0,-0.1578289679873054,0.1238077066725424,0.0370859427596806,0.0276765817400202,-0.1043838512792703,0.2445242022798829,0.0409953510445726,0.030809735113157,0.0025631051989431,0.0024039715372377,0.0329700767290726,0.0427212396721365,77.0,15.32,0.5607476635514018,chalearn_annotation_mirror
test,train,lnawWqnGpMc.005,lnawWqnGpMc.005.mp4,train/lnawWqnGpMc.005.mp4,1.0,0.0483662713698983,0.0654223989630088,0.0714751175141989,0.0321295395731965,-0.1394449550386809,0.115239664355872,0.0304048361324277,0.0299448398393569,0.0042711324604034,0.0051565110026677,0.0488130203939837,0.1077341496409373,77.0,15.3153,0.1308411214953271,chalearn_annotation_mirror
test,validation,lxnV9X8T2Zc.005,lxnV9X8T2Zc.005.mp4,validation/lxnV9X8T2Zc.005.mp4,1.0,0.0192345940865739,0.0795513754941248,0.0535315070869499,0.0392403504854818,-0.0334198544850256,0.2308202004401242,0.0545333204195086,0.0302823573984973,0.005230049186508,0.0065542526893411,0.1229164821925562,0.1334903674677138,77.0,15.3153,0.7289719626168224,chalearn_annotation_mirror
test,validation,m7zdWVDT-34.000,m7zdWVDT-34.000.mp4,validation/m7zdWVDT-34.000.mp4,1.0,-0.0114437551579565,0.0566074433852452,0.0303127429520357,0.0266849888118554,0.1626655235042577,0.1604460094452519,0.0704171793403697,0.0445083985878224,0.0038443360652395,0.004748062562602,0.0269692692496706,0.0275752574703192,77.0,15.32,0.616822429906542,chalearn_annotation_mirror
test,validation,mpk5Ubw2fj8.001,mpk5Ubw2fj8.001.mp4,validation/mpk5Ubw2fj8.001.mp4,1.0,0.0463279788304366,0.0667176314643588,0.057569377080603,0.0188967000368256,-0.2991693415639314,0.2196502696009269,0.0383032008366365,0.0281293187936684,0.003406553985069,0.0039179148834421,0.0182422239733014,0.0449546047026166,77.0,15.3,0.4859813084112149,chalearn_annotation_mirror
test,train,n4NkVZ1_dfk.000,n4NkVZ1_dfk.000.mp4,train/n4NkVZ1_dfk.000.mp4,1.0,0.0363333085147323,0.0828249400088938,0.0318375600464247,0.021803122149098,-0.0088034383800839,0.1747713485198537,0.0342303915925973,0.0227833003616707,0.0138501554822283,0.0095344670426113,0.0998800217665495,0.0835127816084708,77.0,15.3153,0.5607476635514018,chalearn_annotation_mirror
test,train,nQtiqrceBhg.003,nQtiqrceBhg.003.mp4,train/nQtiqrceBhg.003.mp4,1.0,0.0728345781110102,0.0513184239648889,0.0910414936397328,0.0238504609224359,0.2473535561752666,0.3129731550370698,0.034109917026648,0.0257046893404945,0.004071499191062,0.0047375360195908,0.0198180437100206,0.0407082719289076,77.0,15.32,0.3177570093457943,chalearn_annotation_mirror
test,train,nex61B854Ms.004,nex61B854Ms.004.mp4,train/nex61B854Ms.004.mp4,1.0,-0.0169356630800339,0.0552568784159555,0.0566891049070453,0.025433499947917,0.0881302958475821,0.1624263126703132,0.0313624058689933,0.0278886060322861,0.0034371040308189,0.0035243548200206,0.0365868448849218,0.0641651333896375,77.0,15.3,0.3738317757009345,chalearn_annotation_mirror
test,train,o2lu6rkd5-Y.004,o2lu6rkd5-Y.004.mp4,train/o2lu6rkd5-Y.004.mp4,1.0,-0.0389940624158876,0.0279905924538284,0.0694020263095796,0.0365660871927009,-0.0085189253081407,0.0712626483638328,0.0599329313918636,0.0297188947558233,0.0031858764711736,0.0029643811633177,0.0731030165482878,0.0805281677643026,74.0,15.306958333333332,0.4112149532710279,chalearn_annotation_mirror
test,validation,o2wtRccAgjE.000,o2wtRccAgjE.000.mp4,validation/o2wtRccAgjE.000.mp4,0.922077922077922,-0.0448761476720384,0.1098508689215318,0.0753522079425047,0.0463466869929306,-0.1924405551535972,0.1569266210924547,0.0320837163391472,0.0239934646896465,0.0014439669418434,0.0012784835720048,0.0157150027738463,0.0281554462038708,77.0,15.3153,0.4485981308411215,chalearn_annotation_mirror
test,validation,o2wtRccAgjE.004,o2wtRccAgjE.004.mp4,validation/o2wtRccAgjE.004.mp4,1.0,0.0396546105909738,0.0484999403246339,0.0519917730774617,0.0135404857046331,-0.1701403098707204,0.2413933111587265,0.0389570973204685,0.023485390937321,0.0006757110572337,0.0008173301458228,0.0024299014981854,0.0018401799375877,77.0,15.3153,0.4859813084112149,chalearn_annotation_mirror
test,train,oG84VxrGfj0.001,oG84VxrGfj0.001.mp4,train/oG84VxrGfj0.001.mp4,1.0,0.0209912784106677,0.0842540853685553,0.0275841979622448,0.0278411468503458,0.1464911063769855,0.2005687273145858,0.029952933379726,0.0277951053893472,0.0045999092365131,0.0046496367218066,0.0502557201579979,0.0720357103284748,74.0,15.306958333333332,0.439252336448598,chalearn_annotation_mirror
test,train,oHudDVcT5Lg.004,oHudDVcT5Lg.004.mp4,train/oHudDVcT5Lg.004.mp4,1.0,0.0507094861258017,0.1486914238180256,0.0412700075835932,0.0320945184390674,-0.0934505820433138,0.2806010745921397,0.0554327215515593,0.0393172406560111,0.0041120382565823,0.0041735966465863,0.0148528158017895,0.0376982913369129,77.0,15.32,0.5981308411214953,chalearn_annotation_mirror
test,train,odHogR_36Dc.002,odHogR_36Dc.002.mp4,train/odHogR_36Dc.002.mp4,0.987012987012987,0.0043938001717839,0.1218840982163526,0.0464608483259809,0.0256638354152724,-0.1030968024331818,0.1348709031594724,0.044387023136856,0.0308687487154125,0.005538296038284,0.0050400055097242,0.0436864151696128,0.0863282819294438,77.0,15.3153,0.5514018691588785,chalearn_annotation_mirror
test,train,odHogR_36Dc.003,odHogR_36Dc.003.mp4,train/odHogR_36Dc.003.mp4,1.0,0.0659853122819941,0.1213673988879716,0.0419304545220606,0.0168408761225897,-0.1576515479414879,0.0818580186560254,0.0430463666902919,0.0295868852333908,0.0045839669591815,0.006289821874922,0.0239795766805622,0.0538259058852974,77.0,15.3153,0.6261682242990654,chalearn_annotation_mirror
test,train,ogSLrHVeqLI.003,ogSLrHVeqLI.003.mp4,train/ogSLrHVeqLI.003.mp4,1.0,-0.0783708852082767,0.0715298860654684,0.0632917533378964,0.0794170854612154,0.1671351507695757,0.1895140848277778,0.0471402486174635,0.031671801725491,0.0038452295632505,0.0054280053536663,0.0582286642541553,0.1413590103476855,77.0,15.3153,0.3925233644859813,chalearn_annotation_mirror
test,train,owRKOW0ymCM.002,owRKOW0ymCM.002.mp4,train/owRKOW0ymCM.002.mp4,1.0,-0.0307667300350323,0.0824844505450562,0.0445875159469907,0.0215736552292206,0.0104092792676861,0.1268034821783398,0.0387198719074239,0.0345302128854285,0.0060032264200382,0.0053613250713154,0.0766759078574894,0.0968204647474236,77.0,15.3,0.4485981308411215,chalearn_annotation_mirror
test,validation,p1ORMiJ0fPU.000,p1ORMiJ0fPU.000.mp4,validation/p1ORMiJ0fPU.000.mp4,1.0,0.079474080929327,0.0560899049915029,0.0230516839622939,0.03249392784758,-0.0911312607056044,0.1048100226887833,0.0818152526602337,0.0505384575979594,0.0054930605213441,0.0054917303545837,0.0862000920704078,0.1056302503713205,77.0,15.3153,0.6915887850467289,chalearn_annotation_mirror
test,train,p5QXPhJS8Ks.005,p5QXPhJS8Ks.005.mp4,train/p5QXPhJS8Ks.005.mp4,1.0,0.0182700365551327,0.0331532665589353,0.0870281184494579,0.0147140445399664,0.0863308009184077,0.0424235058823677,0.0177845576362487,0.0208266263061432,0.0021645836632479,0.0022215029491499,0.0671249914664076,0.0650452843013049,77.0,15.3153,0.3177570093457943,chalearn_annotation_mirror
test,validation,p7-JUvStF4w.001,p7-JUvStF4w.001.mp4,validation/p7-JUvStF4w.001.mp4,1.0,-0.0974389373187388,0.0885200549156147,0.066964237029565,0.0241778615202866,0.1372520567131107,0.0825189028225095,0.0545026626975193,0.0255675525905193,0.0061442706456097,0.0051920653556641,0.0625105516547733,0.0628913672249631,77.0,15.3153,0.4299065420560747,chalearn_annotation_mirror
test,train,p7-JUvStF4w.005,p7-JUvStF4w.005.mp4,train/p7-JUvStF4w.005.mp4,1.0,-0.1315347432090081,0.0431281565102818,0.0401120669620428,0.0197014562358811,0.1156363805729308,0.0375071206494712,0.0608498384630583,0.0381620983579807,0.0059955291153112,0.0054640922707425,0.0331352128735487,0.0369466942007888,77.0,15.3153,0.308411214953271,chalearn_annotation_mirror
test,train,pOBn7AuGIuI.002,pOBn7AuGIuI.002.mp4,train/pOBn7AuGIuI.002.mp4,1.0,-0.02489419553427,0.0589823481930922,0.007083391723211,0.037249325709092,-0.0623829531890054,0.0459609654062494,0.0717426649286818,0.0396994217504734,0.0048641336192168,0.0070148104724081,0.1156518303257385,0.1211761063780677,77.0,15.3153,0.5794392523364486,chalearn_annotation_mirror
test,train,pOBn7AuGIuI.003,pOBn7AuGIuI.003.mp4,train/pOBn7AuGIuI.003.mp4,1.0,-0.020828567384606,0.0707064815602669,0.0255340802964742,0.0337114599782377,-0.0235046917168654,0.1090218839210043,0.0526244185492423,0.033294042252772,0.0026614767400383,0.0025002661328052,0.0947672201097829,0.1078277891363679,77.0,15.3153,0.6728971962616823,chalearn_annotation_mirror
test,train,pOtWKOF07iU.002,pOtWKOF07iU.002.mp4,train/pOtWKOF07iU.002.mp4,1.0,-0.1384443025618457,0.0826298296212643,0.0818787461896786,0.0119547648377715,0.2087656130155374,0.1208777900150293,0.0510914850276952,0.0288266965216918,0.0037307929602724,0.0037492545520186,0.030536024380675,0.058158134045057,77.0,15.3153,0.5607476635514018,chalearn_annotation_mirror
test,validation,pkwzo1OkEmY.004,pkwzo1OkEmY.004.mp4,validation/pkwzo1OkEmY.004.mp4,0.8571428571428571,-0.0359161298481125,0.082255413018733,0.0771780067294047,0.0511932965033975,0.1224968149614826,0.2003623702671797,0.0502366455304098,0.0396091076206995,0.0390745616832302,0.0537682679205754,0.1115100064498059,0.1524844639705312,77.0,15.3153,0.4953271028037382,chalearn_annotation_mirror
test,train,pljK0DEusA0.003,pljK0DEusA0.003.mp4,train/pljK0DEusA0.003.mp4,0.987012987012987,0.0515973471199853,0.0790726819910353,0.0600864749005289,0.0325470276207536,-0.1440264209703395,0.1117775515487667,0.0526709634966895,0.0284496350850414,0.0109075207466047,0.0109020446366676,0.0967088367204877,0.1271611490586662,77.0,15.3153,0.4299065420560747,chalearn_annotation_mirror
test,train,puJ_NbKzRTE.003,puJ_NbKzRTE.003.mp4,train/puJ_NbKzRTE.003.mp4,1.0,-0.1740527812387906,0.1706592913998202,0.0330233569695461,0.0297811278082179,-0.0587274309340067,0.0984707433863615,0.0402034952797756,0.0241647023753006,0.0055725527334392,0.0065524113409175,0.0780109652689004,0.0838049099761231,77.0,15.3153,0.4485981308411215,chalearn_annotation_mirror
test,train,pwvQaSwgso8.001,pwvQaSwgso8.001.mp4,train/pwvQaSwgso8.001.mp4,0.974025974025974,-0.0192140844579672,0.051574644160829,0.0568881308851699,0.0423178240010256,0.2092543451376526,0.1299075201620726,0.0511489602009294,0.0283442827489282,0.0046187903269614,0.0090952241943858,0.0296746337037017,0.0456980683330633,77.0,15.3153,0.4672897196261681,chalearn_annotation_mirror
test,train,pzG2VeUbefw.001,pzG2VeUbefw.001.mp4,train/pzG2VeUbefw.001.mp4,1.0,0.0219526353148915,0.0508298772984538,0.0649722242471056,0.0201731352268606,0.3193652172970501,0.1305918003265247,0.0486689239746973,0.0263890717994439,0.0033149947050569,0.0031668981185402,0.0511939319783846,0.0887030011659547,77.0,15.3153,0.5514018691588785,chalearn_annotation_mirror
test,train,pzG2VeUbefw.003,pzG2VeUbefw.003.mp4,train/pzG2VeUbefw.003.mp4,1.0,0.0263452417535241,0.0496751610923716,0.0605116573275272,0.0161288779319974,0.1841119778931105,0.0718219089727114,0.0440988521224719,0.0284710446972488,0.0021131841800956,0.0018813595207851,0.0056949789033425,0.0064998324242743,77.0,15.3153,0.6074766355140186,chalearn_annotation_mirror
test,train,qD15qWMepxU.003,qD15qWMepxU.003.mp4,train/qD15qWMepxU.003.mp4,1.0,0.1009650848498782,0.0854310855076245,-0.0085632913783476,0.0144008964209225,-0.0456539606033626,0.0728767939388294,0.04517601974847,0.0295500712855576,0.0031144196752643,0.0026971040947214,0.1031225255132159,0.0944710741101119,77.0,15.3153,0.3738317757009345,chalearn_annotation_mirror
test,train,qLbOPbx33dk.001,qLbOPbx33dk.001.mp4,train/qLbOPbx33dk.001.mp4,0.987012987012987,-0.0153631454068022,0.1614461204794594,-0.0001113477703707,0.0256133545555449,-0.0006210328610684,0.0642775570809849,0.0318383190278854,0.022444407240842,0.0067486460254164,0.0089526571310925,0.0724628278421904,0.0724178690880789,77.0,15.32,0.4112149532710279,chalearn_annotation_mirror
test,validation,qP1UtCbMaW4.000,qP1UtCbMaW4.000.mp4,validation/qP1UtCbMaW4.000.mp4,1.0,-0.0629401300451757,0.0507975473353604,0.0343867543439949,0.0223082250476644,0.0284993264965183,0.1578551407545142,0.0484095693851685,0.0451323680824335,0.0039549535190533,0.003250504339115,0.0561556878013953,0.0641102225716338,77.0,15.3,0.4205607476635514,chalearn_annotation_mirror
test,train,qVcw5-mm31s.004,qVcw5-mm31s.004.mp4,train/qVcw5-mm31s.004.mp4,1.0,-0.0501291036439376,0.1526665753392996,0.0631075239504234,0.0350442536829419,0.1545675488316358,0.1080248499066898,0.0472387942947811,0.0376625696095974,0.0082309501856878,0.0081376486591091,0.0441958026674132,0.078819797626848,77.0,15.3,0.5794392523364486,chalearn_annotation_mirror
test,validation,rJgbslC72gw.002,rJgbslC72gw.002.mp4,validation/rJgbslC72gw.002.mp4,1.0,0.0133436408439614,0.0667398033803389,0.0578921163164232,0.0331566625774001,0.0816388234089292,0.0872125347588532,0.0551663577513436,0.0325339081643679,0.0046648069117592,0.0046283406798742,0.0525107739864607,0.0879659822747758,75.0,15.306543444178564,0.3925233644859813,chalearn_annotation_mirror
test,train,rUGAiuYHNgE.000,rUGAiuYHNgE.000.mp4,train/rUGAiuYHNgE.000.mp4,1.0,-0.0392725659146313,0.0459234522441356,0.0460770299746958,0.0229080836901798,0.0237672946157314,0.0645618944799978,0.0624106985100332,0.0377646467111369,0.0062364261385546,0.0065302541924122,0.0889285436314296,0.1072098955369673,77.0,15.3153,0.3925233644859813,chalearn_annotation_mirror
test,train,rrdSLfnU2pg.003,rrdSLfnU2pg.003.mp4,train/rrdSLfnU2pg.003.mp4,1.0,-0.0563631198406554,0.0372079353299283,-0.0004299591018868,0.0168482922004081,-0.0098524366068707,0.1486482133697006,0.0618566968807783,0.0331343178071242,0.0028587138629248,0.0023679423491776,0.0187904379712378,0.0211345817897496,77.0,15.3153,0.3925233644859813,chalearn_annotation_mirror
test,train,si_gZCrLa4A.005,si_gZCrLa4A.005.mp4,train/si_gZCrLa4A.005.mp4,1.0,0.0756169885736733,0.0458957995528641,0.0415438997073542,0.0251597677627068,0.0036050056812377,0.1831058498061978,0.0255974516307988,0.0203204746014822,0.0036178939261933,0.003599781613343,0.010350968584887,0.0093895788481106,77.0,15.3153,0.2710280373831775,chalearn_annotation_mirror
test,validation,t0AupkXkkZw.002,t0AupkXkkZw.002.mp4,validation/t0AupkXkkZw.002.mp4,1.0,0.064816674245667,0.0523361663786971,0.0198271716934692,0.0258852397345672,-0.1296736705751079,0.0986333864444483,0.077753579590238,0.0378228417531715,0.0078119667900513,0.005937908251488,0.1124481128687154,0.1055831921379277,77.0,15.315315315315315,0.5327102803738317,chalearn_annotation_mirror
test,train,t6-ljEWQjW8.005,t6-ljEWQjW8.005.mp4,train/t6-ljEWQjW8.005.mp4,1.0,-0.0194097447199184,0.0549554450275848,0.0513400119772853,0.0244499890911598,0.0766099869581437,0.0903336435828907,0.0382829463870957,0.0250251718623443,0.0029909511925208,0.0031551627535809,0.0304542852603417,0.078476946060167,77.0,15.3,0.3551401869158878,chalearn_annotation_mirror
test,train,tiVKJWLzmk4.004,tiVKJWLzmk4.004.mp4,train/tiVKJWLzmk4.004.mp4,1.0,0.0807318958221945,0.0866936465722626,0.0007541481409151,0.0531414283525853,0.0693064874141892,0.2377391053495221,0.06393053490003,0.0431216498719313,0.0091330428988251,0.0086309185205522,0.1035492627208397,0.1152553504057143,77.0,15.3,0.5700934579439252,chalearn_annotation_mirror
test,train,tvKUJujTUEo.001,tvKUJujTUEo.001.mp4,train/tvKUJujTUEo.001.mp4,1.0,0.0413713005230623,0.050560384339127,0.0167901483356366,0.0159333870441235,-0.009936318113371,0.0609503818222548,0.0381012731276707,0.0286426694508474,0.0034776234512447,0.0030471701997444,0.04236200630947,0.0402772539770135,77.0,15.3,0.6542056074766355,chalearn_annotation_mirror
test,train,uKy7lHuMQ_o.002,uKy7lHuMQ_o.002.mp4,train/uKy7lHuMQ_o.002.mp4,1.0,0.1204663801885116,0.0374215058955229,0.1155845528117861,0.0265935802142067,-0.0238954595039811,0.101451786100275,0.0518000280263181,0.029426702864517,0.0051301372559995,0.0049385733889214,0.0497548218057954,0.0463937364876071,74.0,15.291666666666666,0.5327102803738317,chalearn_annotation_mirror
test,train,u_qvbRpm88k.002,u_qvbRpm88k.002.mp4,train/u_qvbRpm88k.002.mp4,0.9733333333333334,0.1768460201141553,0.1818117069962498,0.1224315464684152,0.0315042415425658,-0.0395476077714108,0.1824274382396761,0.0353953957263209,0.0288039524001519,0.008113803018593,0.0085585138947753,0.03431790792634,0.0718841535847093,75.0,15.36,0.308411214953271,chalearn_annotation_mirror
test,validation,ukcUhZbkVBI.002,ukcUhZbkVBI.002.mp4,validation/ukcUhZbkVBI.002.mp4,1.0,0.0627021540534675,0.0339555933309226,0.0303358932921829,0.0204793065617875,0.0282223951175145,0.1654531303814642,0.0492953943439921,0.0367124546428609,0.004887261537254,0.0037084473661042,0.0730650501853064,0.0620824098420493,74.0,15.323117921385744,0.2897196261682243,chalearn_annotation_mirror
test,validation,vCCRvatOFLA.002,vCCRvatOFLA.002.mp4,validation/vCCRvatOFLA.002.mp4,1.0,-0.0240460074187368,0.0796132601045629,-0.0158482805290182,0.037456979636715,-0.0694504874503479,0.1403158463421048,0.0354993523477007,0.0406164674682022,0.0034347581563518,0.0034180095756331,0.0417724158150066,0.0473297582581128,77.0,15.3,0.6822429906542056,chalearn_annotation_mirror
test,train,vHIBCKwJLEY.001,vHIBCKwJLEY.001.mp4,train/vHIBCKwJLEY.001.mp4,1.0,0.0122150279931903,0.0631835316913966,0.0366406236827945,0.022738072862611,0.0789359231844464,0.0889909382126413,0.0468525390233179,0.0327936054072083,0.0032874689159386,0.002935761009905,0.0472610722126496,0.0901751532639721,77.0,15.3,0.514018691588785,chalearn_annotation_mirror
test,train,vp9p1osOaLI.002,vp9p1osOaLI.002.mp4,train/vp9p1osOaLI.002.mp4,1.0,0.0134875525272594,0.0516941635858792,0.1120824484917148,0.0142430056886465,-0.1150668546538381,0.112944244054359,0.0417750089831525,0.0281199819452764,0.0019010058971575,0.0022626377156817,0.0103503131077846,0.0114374562864613,74.0,15.306958333333332,0.3457943925233644,chalearn_annotation_mirror
test,train,vr5FWHUkYRM.001,vr5FWHUkYRM.001.mp4,train/vr5FWHUkYRM.001.mp4,1.0,0.0093192224779147,0.0389788477051226,0.0488289231538121,0.0434016355208418,-0.0254438568033421,0.10250668688434,0.0769276203506932,0.0449073426345162,0.0029403389581672,0.0025895629974677,0.0412413584929528,0.0547519443943678,74.0,15.306958333333332,0.4859813084112149,chalearn_annotation_mirror
test,validation,wVpjBxCirAQ.000,wVpjBxCirAQ.000.mp4,validation/wVpjBxCirAQ.000.mp4,1.0,-0.0423237032565279,0.0361126993364701,0.0412258127850854,0.0173807418116244,-0.0208512906231526,0.0891748270197408,0.0291831320395359,0.0280899680184511,0.00351872540243,0.0025822341434577,0.0101155592576664,0.0119648628766019,77.0,15.3,0.4112149532710279,chalearn_annotation_mirror
test,train,wVpjBxCirAQ.004,wVpjBxCirAQ.004.mp4,train/wVpjBxCirAQ.004.mp4,1.0,-0.006302509397338,0.0786363831217329,0.0498080582717689,0.0234763897219931,-0.0698788266856448,0.0867278834678869,0.0264888615370301,0.0262874345662305,0.0025049354786468,0.002892880260603,0.0086138171745082,0.0123537561046987,77.0,15.3,0.5887850467289719,chalearn_annotation_mirror
test,train,wzCdM6Fe_4A.004,wzCdM6Fe_4A.004.mp4,train/wzCdM6Fe_4A.004.mp4,1.0,-0.1185562713205715,0.113519947910778,0.0568250560138692,0.0233110047661212,-0.1522145052320735,0.0878199476662894,0.0501272786466979,0.0402736886979125,0.0043066104754648,0.0038829555518011,0.011548565410217,0.0127569147660807,77.0,15.3,0.4579439252336448,chalearn_annotation_mirror
test,validation,x0mD5kr2hu4.000,x0mD5kr2hu4.000.mp4,validation/x0mD5kr2hu4.000.mp4,1.0,0.0197821365091517,0.0433862469186514,0.0373809812926383,0.0296345542801044,0.2037943578193935,0.0792891931951208,0.0454062683691134,0.0266458822865584,0.0084762081874808,0.0080663786417991,0.0680123992920202,0.0602616352988725,77.0,15.3153,0.5981308411214953,chalearn_annotation_mirror
test,validation,x0mD5kr2hu4.001,x0mD5kr2hu4.001.mp4,validation/x0mD5kr2hu4.001.mp4,1.0,-0.0161176154813672,0.090919998256504,0.0281989496621699,0.0528207693159939,0.2463045312192654,0.1876270240182949,0.0524992990812832,0.0335097182375857,0.0075580812709398,0.0075803801808316,0.0511910501002362,0.0548548686582979,77.0,15.3153,0.5981308411214953,chalearn_annotation_mirror
test,validation,x57nEfACdXA.000,x57nEfACdXA.000.mp4,validation/x57nEfACdXA.000.mp4,1.0,0.0558852043643193,0.0835006046816031,0.078647170153373,0.0385935075982882,-0.1591639034154028,0.235050406135148,0.0601841030995085,0.0302880474625521,0.0024541383365129,0.0026104820759953,0.0159070616619637,0.0248912225498336,77.0,15.333333333333334,0.616822429906542,chalearn_annotation_mirror
test,train,x6Tluj4dJTU.002,x6Tluj4dJTU.002.mp4,train/x6Tluj4dJTU.002.mp4,0.987012987012987,0.141107472155825,0.102150782374574,0.1616903386345027,0.1022789509799019,-0.1363757896654784,0.1225548798096253,0.0258830335918336,0.0327137756851759,0.0027080553921991,0.0027951283739577,0.0116058632371078,0.0131939217431478,77.0,15.3153,0.514018691588785,chalearn_annotation_mirror
test,train,xP6i_WO1LCM.000,xP6i_WO1LCM.000.mp4,train/xP6i_WO1LCM.000.mp4,1.0,-0.0416855797068873,0.0352100185039064,0.0629117178163311,0.0292632784895919,0.1317544156718599,0.0788946679924768,0.019308729219504,0.0175684891893456,0.0057412297216805,0.0045385582638664,0.0705944327479285,0.0836800552748881,77.0,15.32,0.514018691588785,chalearn_annotation_mirror
test,validation,xVJDjbiIjTo.000,xVJDjbiIjTo.000.mp4,validation/xVJDjbiIjTo.000.mp4,1.0,0.020411037129053,0.096747715735526,0.0434431976770773,0.0227316670806634,0.0312861308821484,0.1920955993367105,0.0652726627855185,0.0423991364064671,0.0080998349391209,0.0064735672934197,0.1092977515620822,0.1021384102551874,77.0,15.3153,0.2429906542056074,chalearn_annotation_mirror
test,train,xcMwMi4fdis.001,xcMwMi4fdis.001.mp4,train/xcMwMi4fdis.001.mp4,1.0,-0.0536159720736359,0.0555099952847644,0.0180142286970556,0.0295260171973999,-0.094539856057525,0.1572025010712452,0.0467565370172991,0.044389571411844,0.0014509444450192,0.002133962045575,0.0134450456151906,0.0168349972947142,77.0,15.3,0.308411214953271,chalearn_annotation_mirror
test,train,xmD4FKMq2rk.001,xmD4FKMq2rk.001.mp4,train/xmD4FKMq2rk.001.mp4,1.0,-0.0177080235001077,0.0254634223807691,0.0162911537878801,0.0170010276162538,0.0214238244980686,0.0845424304503324,0.0386157093132959,0.0361867419064873,0.0026028147309977,0.0024343932225983,0.1093371326085144,0.1268257203407856,77.0,15.3153,0.4299065420560747,chalearn_annotation_mirror
test,train,xmD4FKMq2rk.005,xmD4FKMq2rk.005.mp4,train/xmD4FKMq2rk.005.mp4,1.0,-0.0161167559722401,0.0313363526598883,0.0282919516006411,0.0115316341881031,0.0932838963435367,0.1168970502803573,0.0281961698746859,0.0257090991074251,0.0040506937060975,0.0037742485558374,0.0892574864381083,0.0883225464973198,55.0,10.944266666666667,0.4112149532710279,chalearn_annotation_mirror
test,train,xmaC2XOhPaE.003,xmaC2XOhPaE.003.mp4,train/xmaC2XOhPaE.003.mp4,1.0,0.1368105574604178,0.0163093668851976,0.0264078391974891,0.0107384144434424,-0.0757463647104434,0.0426924222742389,0.061590924917307,0.0327908655841738,0.0035203654493553,0.0029503362225332,0.0756926453326963,0.0584736858258053,77.0,15.3,0.336448598130841,chalearn_annotation_mirror
test,train,y4Ej1YSEQf0.002,y4Ej1YSEQf0.002.mp4,train/y4Ej1YSEQf0.002.mp4,1.0,0.0354814364355243,0.0492913329441466,0.0456283607146056,0.0324120691821052,-0.1553201356492548,0.0963122042240952,0.066845103097798,0.0366067226485941,0.007146413047391,0.0076594597796008,0.0605876928309293,0.1120096882601209,77.0,15.32,0.8411214953271028,chalearn_annotation_mirror
test,validation,yyqXzlF8Fgc.003,yyqXzlF8Fgc.003.mp4,validation/yyqXzlF8Fgc.003.mp4,1.0,0.0102114366797852,0.0282744953357173,-0.0004487056520021,0.0149432395285627,0.0081613129463173,0.0272436522736574,0.0614976712491708,0.0321050939171228,0.001162983227998,0.0013440315934411,0.0067987121277035,0.0071888950376124,77.0,15.3153,0.5887850467289719,chalearn_annotation_mirror
test,train,z54OqeICELg.004,z54OqeICELg.004.mp4,train/z54OqeICELg.004.mp4,1.0,0.026240242478417,0.0669387458869534,0.0306200480536292,0.0351076226828339,-0.0552822989982679,0.1642659282574127,0.0661213858182349,0.0504246728320966,0.0024077110407954,0.0023166202499729,0.0421777006297802,0.0401593442430597,77.0,15.3153,0.5420560747663551,chalearn_annotation_mirror
test,train,zJEnT19uoPY.000,zJEnT19uoPY.000.mp4,train/zJEnT19uoPY.000.mp4,1.0,-0.0718654307883324,0.1009179532204044,0.036499038422327,0.0208048516037842,0.0121008343616127,0.1176625323155412,0.0711139624908732,0.0397831509136595,0.0039793148128227,0.0039564460684459,0.0729076839841771,0.0812140954244109,77.0,15.3153,0.5794392523364486,chalearn_annotation_mirror
test,train,zNmuwZkaeVg.002,zNmuwZkaeVg.002.mp4,train/zNmuwZkaeVg.002.mp4,1.0,-0.0079557383497948,0.1134288676785576,0.0347674908741328,0.0380880541979488,0.0813760078079272,0.1567382342217541,0.0631391092494128,0.0349776854034214,0.005288902461372,0.0046181155785358,0.0476644930569888,0.0956104839811692,77.0,15.32,0.4112149532710279,chalearn_annotation_mirror
test,validation,zwO2zBdbCb4.001,zwO2zBdbCb4.001.mp4,validation/zwO2zBdbCb4.001.mp4,1.0,0.0236666575020315,0.0345500255260597,0.0728947627796039,0.0201147664267256,0.1580001115731612,0.0963960068547815,0.0437228597596178,0.0258999032235304,0.0013937552625817,0.0030604736004864,0.0041581367429029,0.004248657058389,77.0,15.315315315315315,0.4953271028037382,chalearn_annotation_mirror
train,validation,-BDSWZIF-WY.000,-BDSWZIF-WY.000.mp4,validation/-BDSWZIF-WY.000.mp4,1.0,-0.0087135730970379,0.0238981054709482,0.0144903801740886,0.0179197859925875,0.009462569531338,0.1035037721191661,0.090743556068044,0.0417304520188737,0.0071800506255834,0.0058750278754521,0.0827023631141594,0.0957828231712853,77.0,15.3153,0.439252336448598,chalearn_annotation_mirror
train,validation,-DOqN0d8KHw.000,-DOqN0d8KHw.000.mp4,validation/-DOqN0d8KHw.000.mp4,1.0,0.0152255987417505,0.0446256310226856,0.0504939800481183,0.0144107874045492,0.10322232941116,0.0857209453966055,0.042775938736491,0.0282314918528793,0.0032171613038603,0.0028785862544042,0.0089974741340895,0.0075121733883995,77.0,15.3,0.6542056074766355,chalearn_annotation_mirror
train,train,-IK--4uz5ZY.004,-IK--4uz5ZY.004.mp4,train/-IK--4uz5ZY.004.mp4,1.0,0.0235730331246724,0.0435719762174975,0.0688542493262877,0.0208232789913532,-0.1587059426662938,0.0764100020140953,0.0569066342312077,0.0318594951563233,0.0055358750838457,0.0054887298451731,0.0505882670572171,0.0994484694768137,77.0,15.32,0.7850467289719626,chalearn_annotation_mirror
train,train,0C6i34q2-f8.003,0C6i34q2-f8.003.mp4,train/0C6i34q2-f8.003.mp4,1.0,-0.0169558487743672,0.042366685779886,0.0703187275547318,0.0576233522721598,0.0318746694563725,0.0670226830519374,0.0317601475946921,0.0271775888351607,0.002062407577289,0.0017807603559602,0.0248608772154743,0.0405672083581051,74.0,15.306958333333332,0.4766355140186915,chalearn_annotation_mirror
train,train,0RLFM1ehSFM.000,0RLFM1ehSFM.000.mp4,train/0RLFM1ehSFM.000.mp4,1.0,0.0656912632967332,0.1244764086914278,0.0332664719838437,0.0292191204833635,0.1886695997160517,0.228211448630436,0.0448706265254071,0.0353970011923288,0.0070428933944037,0.0049737862289942,0.1059406447344383,0.1195084426104982,77.0,15.32,0.6355140186915886,chalearn_annotation_mirror
train,train,0gv5Z0qt2jc.001,0gv5Z0qt2jc.001.mp4,train/0gv5Z0qt2jc.001.mp4,1.0,-0.0128078692970922,0.0253235706315535,0.0617579754702156,0.0193908505662753,0.0723343930329452,0.0622853043958175,0.035384506698883,0.0311422914090702,0.0052069053680745,0.0041412273543922,0.0631289985752004,0.0464906686585935,71.0,15.34886234664649,0.2056074766355139,chalearn_annotation_mirror
train,train,0kg6pmbSN6A.001,0kg6pmbSN6A.001.mp4,train/0kg6pmbSN6A.001.mp4,1.0,0.0511135305016329,0.0458254575555042,-0.0599136596985793,0.0162235880331748,-0.5039628358967077,0.0809605511050994,0.0421341714509773,0.0257066745942011,0.0058895180428828,0.0049320704134332,0.111002877588111,0.1044322994665648,77.0,15.3,0.2429906542056074,chalearn_annotation_mirror
train,train,12Hbl_oZF9c.003,12Hbl_oZF9c.003.mp4,train/12Hbl_oZF9c.003.mp4,0.961038961038961,0.012721905140728,0.1256093309739661,0.0251148744494112,0.0536732018675074,0.0652292663605239,0.2201613208900334,0.0691316202815284,0.0413053028730166,0.0134002139683643,0.0168478757901632,0.1459301288167042,0.1231653880667465,77.0,15.3,0.4859813084112149,chalearn_annotation_mirror
train,train,13KtmgntgQw.002,13KtmgntgQw.002.mp4,train/13KtmgntgQw.002.mp4,1.0,-0.0191965604098698,0.0615135346566808,0.0637102747514522,0.0413523289550708,-0.1894702138002842,0.2239162914501871,0.066385429772824,0.0347394806754531,0.0059724794663065,0.0043084957935004,0.0742553803357438,0.1013067477384236,77.0,15.32,0.6635514018691588,chalearn_annotation_mirror
train,train,1CYzbX8AaP8.003,1CYzbX8AaP8.003.mp4,train/1CYzbX8AaP8.003.mp4,1.0,-0.0210112465565243,0.0877134875999908,-0.0155177540276821,0.0165756911902109,0.2828822751297548,0.0936383999320808,0.0619056766551426,0.0339300889948896,0.002155840100622,0.0020587837779616,0.0807610527422318,0.0825822201834578,84.0,15.345503666538017,0.4299065420560747,chalearn_annotation_mirror
train,train,1cqwKxx6GF8.004,1cqwKxx6GF8.004.mp4,train/1cqwKxx6GF8.004.mp4,1.0,0.0192699061131871,0.0666530464237363,0.0476923234762058,0.0325309730982239,-0.087027893073604,0.0720970254264484,0.0409316970788705,0.0364107639535382,0.0016279504904763,0.002397323174684,0.0342174473761754,0.0565407864891602,77.0,15.3153,0.5327102803738317,chalearn_annotation_mirror
train,validation,1dOaM7zWPo8.002,1dOaM7zWPo8.002.mp4,validation/1dOaM7zWPo8.002.mp4,1.0,-0.0348855967975642,0.0240006924692788,0.0399796635913157,0.0216724446710223,0.0581296647431891,0.0424217617640873,0.0552652419209279,0.0289477167947427,0.0037231876102175,0.0046564138536597,0.0352993532991077,0.059861083693896,77.0,15.3153,0.5420560747663551,chalearn_annotation_mirror
train,train,1mReUxIEuw0.005,1mReUxIEuw0.005.mp4,train/1mReUxIEuw0.005.mp4,1.0,0.0370067611542382,0.0491829476661881,0.0749152088024642,0.0253086969922544,-0.0211867660410039,0.0744394129006677,0.0547881217072459,0.0277619732305879,0.0247579850926319,0.0230276759067802,0.0966373860116803,0.1704319228554591,75.0,15.312132485299411,0.308411214953271,chalearn_annotation_mirror
train,train,1pm5uoU85FI.001,1pm5uoU85FI.001.mp4,train/1pm5uoU85FI.001.mp4,1.0,-0.1895486314672172,0.053568258385057,0.0403862215648256,0.0090537841719861,0.0267622081813971,0.0423569020243505,0.0346333011251233,0.0197837143420064,0.0007169845348375,0.0006769614881691,0.0071233484558575,0.0066769137361782,77.0,15.3153,0.4205607476635514,chalearn_annotation_mirror
train,validation,1tPH6PNeOSk.000,1tPH6PNeOSk.000.mp4,validation/1tPH6PNeOSk.000.mp4,1.0,0.1717441581167514,0.0441040576019349,0.0416018998152432,0.0149335954167998,-0.1827638399115181,0.100718447601532,0.0486718668039698,0.0258263405664853,0.0087529544578931,0.0066684978306938,0.0500844425986783,0.0687056215341739,77.0,15.3153,0.5700934579439252,chalearn_annotation_mirror
train,train,2-LDYe7OXZU.001,2-LDYe7OXZU.001.mp4,train/2-LDYe7OXZU.001.mp4,1.0,-0.0125395723589255,0.0478029953486314,0.0526688787301312,0.02578626386953,-0.0675297144781481,0.0928133394562215,0.0408635906732933,0.026849931423634,0.0048614757558999,0.0045959627406019,0.1258671533613238,0.155708810292797,77.0,15.3,0.4299065420560747,chalearn_annotation_mirror
train,validation,2KSBoJZMcMU.000,2KSBoJZMcMU.000.mp4,validation/2KSBoJZMcMU.000.mp4,1.0,-0.0091424334246405,0.049578070385146,0.0019274397028315,0.0266009591820813,-0.1337412023811682,0.0762856281390833,0.0698270469702008,0.0383154771043764,0.0037249566546775,0.0044734806626317,0.091155593696571,0.10469736274995,77.0,15.3153,0.4672897196261681,chalearn_annotation_mirror
train,train,2PSGksTyrnI.003,2PSGksTyrnI.003.mp4,train/2PSGksTyrnI.003.mp4,1.0,-0.0148177625168,0.0433017425134459,0.040506386171891,0.0354668810307952,0.0562649148533088,0.0881006842801047,0.0552154042775194,0.0333134846033993,0.0031702768476409,0.0036929065071985,0.0318566187716701,0.0396254318405509,77.0,15.32,0.2523364485981308,chalearn_annotation_mirror
train,validation,2T3oK1Gse2g.004,2T3oK1Gse2g.004.mp4,validation/2T3oK1Gse2g.004.mp4,0.8571428571428571,-0.0136296064613429,0.0704586366750569,0.0787758479815791,0.0689510092461899,0.0624351078994244,0.2415309189531631,0.0437309385251544,0.0265093706280005,0.0186144409524821,0.0261109178716974,0.0814181574005213,0.0930660125958665,77.0,15.3153,0.5607476635514018,chalearn_annotation_mirror
train,train,2TXrDZgbDHE.005,2TXrDZgbDHE.005.mp4,train/2TXrDZgbDHE.005.mp4,0.4935064935064935,0.0396163374645208,0.0817728258154753,0.2736487473464638,0.0306944068401214,-0.4793516874133741,0.1428922419264308,0.0087327452539236,0.0079836836913366,0.0017914150673759,0.0018915837999008,0.0282586420135279,0.0516179928737158,77.0,15.3153,0.2149532710280373,chalearn_annotation_mirror
train,validation,2UqnC_rFcRQ.005,2UqnC_rFcRQ.005.mp4,validation/2UqnC_rFcRQ.005.mp4,1.0,-0.025628283554825,0.016844547032216,0.0836973129637027,0.010975531948749,0.2149441977812571,0.047297149135637,0.0374801313940173,0.0199571427035265,0.0012190009945326,0.001171153076327,0.0056757990425302,0.0050801956291148,77.0,15.3153,0.6074766355140186,chalearn_annotation_mirror
train,train,2bAsXLQjlt8.005,2bAsXLQjlt8.005.mp4,train/2bAsXLQjlt8.005.mp4,1.0,-0.0163332123438986,0.0538473422881441,0.0243272364535339,0.0617620175622875,-0.1430761471250314,0.088292083035753,0.0550114585040517,0.0411663502981416,0.0056159149769114,0.0058319279789079,0.1809662098459185,0.1452494865433456,85.0,15.32079042177663,0.6635514018691588,chalearn_annotation_mirror
train,validation,2kqPuht5jTg.001,2kqPuht5jTg.001.mp4,validation/2kqPuht5jTg.001.mp4,1.0,-6.54549208178947e-05,0.0514779205362242,0.0343728623863407,0.0234922966557319,-0.0675091733543033,0.154221354254078,0.0508100714616891,0.0322400160215973,0.0057257548211185,0.0044958125422852,0.0146767869049015,0.0094955919532793,77.0,15.3153,0.6822429906542056,chalearn_annotation_mirror
train,train,2uAJJH7B5aw.003,2uAJJH7B5aw.003.mp4,train/2uAJJH7B5aw.003.mp4,1.0,0.0810076602663163,0.0488132335749308,0.0016959289580694,0.0186944416112485,0.0677270215053486,0.0737413381047303,0.0318033646279768,0.0304610232110048,0.0018985304030304,0.0016923672009606,0.0148198155078613,0.0214610024625092,77.0,15.315315315315315,0.6355140186915886,chalearn_annotation_mirror
train,train,3VTL2kFt17M.002,3VTL2kFt17M.002.mp4,train/3VTL2kFt17M.002.mp4,1.0,-0.205976991462687,0.114981117491576,0.0552913591400401,0.0407818061048105,0.0450981662810831,0.3154742234553154,0.0361394790514892,0.0326737684720235,0.0030746595059787,0.0032750319741846,0.046668084177318,0.0529004578202391,77.0,15.3153,0.3831775700934579,chalearn_annotation_mirror
train,train,3Vr5-zedeWk.002,3Vr5-zedeWk.002.mp4,train/3Vr5-zedeWk.002.mp4,1.0,-0.0388670751580797,0.021328716770981,0.0808799420791362,0.0176866259066367,-0.0406078045018752,0.0998379356795072,0.0359903094734359,0.0306310416520048,0.0040460596870695,0.0042324199417699,0.0386718725079527,0.0483945617688287,77.0,15.3,0.3177570093457943,chalearn_annotation_mirror
train,train,3WoXkI06zGk.001,3WoXkI06zGk.001.mp4,train/3WoXkI06zGk.001.mp4,1.0,0.0075685406794411,0.0386033507370003,0.0751750500695845,0.0215969177043477,-0.0012803341547864,0.0725771123301641,0.0370723935894648,0.033887859180593,0.0067327472538475,0.008744593559516,0.0874191841253866,0.1544176850295914,77.0,15.32,0.3925233644859813,chalearn_annotation_mirror
train,validation,3ccY8jYkI5o.001,3ccY8jYkI5o.001.mp4,validation/3ccY8jYkI5o.001.mp4,0.972972972972973,-0.2160916065389806,0.0959104085000373,-0.0338846878557649,0.0314421918439973,-0.1481929405213438,0.2217017127166817,0.0615425640673389,0.0432669408886625,0.0216324411675979,0.0215489798339717,0.102818559408179,0.0967900357355924,74.0,15.306958333333332,0.8037383177570093,chalearn_annotation_mirror
train,validation,3tPq9fNOXZQ.004,3tPq9fNOXZQ.004.mp4,validation/3tPq9fNOXZQ.004.mp4,1.0,-0.004821051071071,0.0597462335384234,0.0485890690817014,0.0232957416084861,-0.1616245434672419,0.1722004971811327,0.0550686059433079,0.0336918223656866,0.0046608338305515,0.0057688706694897,0.0530725510209847,0.0539910038032134,77.0,15.3153,0.5514018691588785,chalearn_annotation_mirror
train,train,3y3au0hVfm8.001,3y3au0hVfm8.001.mp4,train/3y3au0hVfm8.001.mp4,1.0,-0.0122512442985902,0.0910091810187103,0.0275225926318725,0.0291004399033806,-0.0456342722410455,0.2845300755800249,0.0580557449034224,0.0358957117325919,0.0082749060285248,0.0095011404624812,0.0893987579685985,0.082654671722787,77.0,15.32,0.5327102803738317,chalearn_annotation_mirror
train,train,4yogPbHFQ9o.002,4yogPbHFQ9o.002.mp4,train/4yogPbHFQ9o.002.mp4,1.0,0.0316003961493649,0.0574781806258459,0.0735893421771834,0.0203498319211904,-0.0026718075693751,0.0856352915249263,0.0593332183318501,0.0405177268288138,0.001870068412113,0.0025079966954324,0.0551343898531139,0.0902166173662942,77.0,15.3,0.4205607476635514,chalearn_annotation_mirror
train,train,54TGLGvIm_8.002,54TGLGvIm_8.002.mp4,train/54TGLGvIm_8.002.mp4,1.0,-0.0243346134238309,0.1089881212531354,0.0949471034384799,0.0257638826293889,0.0824497582023975,0.0933523186912831,0.0514924312489379,0.0370188759936176,0.0031232660267282,0.0024243588587855,0.0095869078777319,0.0076849602458916,77.0,15.3153,0.6542056074766355,chalearn_annotation_mirror
train,validation,5KHOpRCxnwQ.001,5KHOpRCxnwQ.001.mp4,validation/5KHOpRCxnwQ.001.mp4,1.0,-0.1923710139233207,0.146504467469688,0.0085715365783756,0.0388410562960916,0.1999905456969156,0.0960682780566775,0.0476861931514466,0.0335530854524042,0.0033836452745597,0.0027540396037919,0.0690134128771971,0.1020088629420991,77.0,15.3153,0.5887850467289719,chalearn_annotation_mirror
train,train,5kwoq4EZixQ.001,5kwoq4EZixQ.001.mp4,train/5kwoq4EZixQ.001.mp4,1.0,-0.1316961197004302,0.102908411144254,0.005306097967071,0.0266809684662243,-0.3030866551380942,0.092218004299833,0.0201709549203121,0.0241039682191721,0.0022564285751315,0.0025424603047589,0.0231616414947847,0.0231129045650167,77.0,15.3,0.6261682242990654,chalearn_annotation_mirror
train,validation,5kwoq4EZixQ.002,5kwoq4EZixQ.002.mp4,validation/5kwoq4EZixQ.002.mp4,1.0,-0.176067280312005,0.0745158696570976,0.0156254572544578,0.019089724860611,-0.2819359064193845,0.1760207720877581,0.0181393118498169,0.020725411186658,0.0034797810344645,0.0054433661590104,0.0389542126201256,0.0375663913823626,77.0,15.3,0.4953271028037382,chalearn_annotation_mirror
train,train,69BopbFc34U.000,69BopbFc34U.000.mp4,train/69BopbFc34U.000.mp4,1.0,0.0611884038770834,0.0204522151361515,0.1284955944757856,0.0104794603509249,0.0935059776837651,0.0692987659116606,0.0037755663745025,0.007693960492111,0.0018782155814812,0.0021266290611751,0.0055559757799673,0.0108491490833781,77.0,15.3153,0.1308411214953271,chalearn_annotation_mirror
train,train,69BopbFc34U.001,69BopbFc34U.001.mp4,train/69BopbFc34U.001.mp4,1.0,0.0849606769359042,0.0396161124170322,0.1278992249539127,0.013750956626783,0.0574733043208704,0.0946663904131664,0.0050629833039978,0.0076625341515538,0.0032307057184578,0.0033138861234773,0.0709490762348931,0.0837926239246652,77.0,15.3153,0.233644859813084,chalearn_annotation_mirror
train,validation,69BopbFc34U.003,69BopbFc34U.003.mp4,validation/69BopbFc34U.003.mp4,1.0,0.0772588956873432,0.0285932945119357,0.1117118895026689,0.0127515868296816,0.0096086035261658,0.0739554550377718,0.008193007927029,0.0137321662908028,0.0028176444530182,0.0028005034198635,0.0417932205180081,0.0718415294340021,77.0,15.3153,0.2242990654205607,chalearn_annotation_mirror
train,validation,6NjuNY4LfQc.002,6NjuNY4LfQc.002.mp4,validation/6NjuNY4LfQc.002.mp4,1.0,-0.0748887327113784,0.0338629611962548,0.1159869662090104,0.0311955584416316,-0.0827954705002893,0.0419848847855542,0.0269152471346455,0.0291015106435982,0.0014344071449901,0.0011609393210089,0.0250498880584217,0.0497757383966772,77.0,15.3153,0.2990654205607476,chalearn_annotation_mirror
train,train,7BgScfRre5M.003,7BgScfRre5M.003.mp4,train/7BgScfRre5M.003.mp4,1.0,0.002546943500408,0.0481391757824292,0.0373047769188178,0.0152214225608742,0.077103390024472,0.0356484192457031,0.0693633181296031,0.0397761225243429,0.0027498738166327,0.0030262092299478,0.0268128240876263,0.0504554500937752,77.0,15.3153,0.4672897196261681,chalearn_annotation_mirror
train,train,7IegDaeNlik.003,7IegDaeNlik.003.mp4,train/7IegDaeNlik.003.mp4,0.987012987012987,0.0135931181023089,0.0498390668165893,0.1137679914657797,0.0456783898006898,0.0059813867625828,0.0919443499267929,0.0419627727265606,0.0359092136996484,0.0039626915618408,0.0034764028451862,0.034868313209474,0.0499800736558377,77.0,15.3153,0.2710280373831775,chalearn_annotation_mirror
train,train,7LHmNEH65Pk.000,7LHmNEH65Pk.000.mp4,train/7LHmNEH65Pk.000.mp4,1.0,-0.0674870323533899,0.0612804129469886,0.0757274259940883,0.0262663424267619,0.1192975221266987,0.1869748260009558,0.0663173397748623,0.0352139149595843,0.0030663007490151,0.0028029299973611,0.0344905113810407,0.0448816975688718,77.0,15.3153,0.6635514018691588,chalearn_annotation_mirror
train,train,7UQt8QB3cQY.003,7UQt8QB3cQY.003.mp4,train/7UQt8QB3cQY.003.mp4,1.0,0.0337036475031355,0.1049710156220644,0.0620943558272862,0.0398008704643919,-0.0056245626977632,0.2106429090780175,0.0271165456818153,0.025710168061231,0.0056567804381052,0.0077529690339372,0.0332284867986406,0.0861387271378518,77.0,15.3153,0.2803738317757009,chalearn_annotation_mirror
train,validation,7WixH0aSfqI.004,7WixH0aSfqI.004.mp4,validation/7WixH0aSfqI.004.mp4,1.0,-0.0372850262168874,0.1130404487462336,0.0524804538299331,0.0305424550825207,0.0690221945940096,0.1072091076133218,0.0688984829033786,0.0359631463699718,0.007921810422159,0.0070229895260445,0.0735168061413292,0.1115180348154837,77.0,15.3,0.6542056074766355,chalearn_annotation_mirror
train,train,7ZnijRlK5-E.002,7ZnijRlK5-E.002.mp4,train/7ZnijRlK5-E.002.mp4,1.0,0.0142985185284923,0.0576524540207493,0.0138985713686396,0.0127306384448987,-0.1230179752503299,0.1139450344636868,0.0698075626705612,0.0402569423768099,0.0026333336788499,0.0019550897101947,0.0245817974037249,0.0415949002494337,77.0,15.3,0.3831775700934579,chalearn_annotation_mirror
train,train,836kYlEs9GI.001,836kYlEs9GI.001.mp4,train/836kYlEs9GI.001.mp4,1.0,0.027746636867757,0.0872628263074971,0.0746802242977321,0.0159734574870818,0.0480454627593608,0.0977494643634931,0.0339093735565958,0.0271884719500423,0.002316732403985,0.0021643677104279,0.0116637837576059,0.0106957756018425,74.0,15.306958333333332,0.3551401869158878,chalearn_annotation_mirror
train,validation,8OGiv7FetSQ.003,8OGiv7FetSQ.003.mp4,validation/8OGiv7FetSQ.003.mp4,1.0,-0.0229834686432541,0.0837232902273747,0.0265939267695015,0.0462210532163202,-0.0374110466016551,0.0895312935029247,0.0664802576322956,0.0511722796750835,0.0112395415812578,0.0116480477521198,0.1625333620380921,0.1773687566473717,74.0,15.306958333333332,0.4579439252336448,chalearn_annotation_mirror
train,validation,8eeZjC_bmtc.000,8eeZjC_bmtc.000.mp4,validation/8eeZjC_bmtc.000.mp4,1.0,0.0352812811298744,0.0627522669684074,-0.058926293079619,0.0211371111147046,-0.0170006154001851,0.0735951520963684,0.0940904816176368,0.0469509535079165,0.0124530866060955,0.0143883355975512,0.07235945701861,0.0682334935764914,77.0,15.3153,0.3457943925233644,chalearn_annotation_mirror
train,validation,8gvBbE6iZNo.004,8gvBbE6iZNo.004.mp4,validation/8gvBbE6iZNo.004.mp4,1.0,0.1605385802714303,0.0237141541206022,0.0457992079227197,0.0111559090421193,0.0924508859718993,0.0192437570435768,0.0334360818782888,0.0161536388184689,0.000638481392235,0.0006474267067132,0.0043699668767811,0.0059293166879932,77.0,15.3153,0.644859813084112,chalearn_annotation_mirror
train,train,8mZZlnbmOYE.004,8mZZlnbmOYE.004.mp4,train/8mZZlnbmOYE.004.mp4,1.0,-0.1911538727365901,0.0310991127823987,0.0137528508032423,0.0210911496764754,0.0101258909321163,0.0841176374776232,0.0686144340811206,0.0419851797982386,0.003173426675052,0.0025480938306265,0.0102549290352848,0.0128229010968212,77.0,15.3153,0.6074766355140186,chalearn_annotation_mirror
train,train,8n6G3V3-Tk8.005,8n6G3V3-Tk8.005.mp4,train/8n6G3V3-Tk8.005.mp4,1.0,-0.0041259246103137,0.0256799654223576,0.0316248068810991,0.0245746403984619,0.0098012774977643,0.0820693849243061,0.0712522119236577,0.0373308862100425,0.0043757875468794,0.0045878716731538,0.0219289625971762,0.0567024881583092,77.0,15.3153,0.5607476635514018,chalearn_annotation_mirror
train,train,9kEyN8a76j4.005,9kEyN8a76j4.005.mp4,train/9kEyN8a76j4.005.mp4,1.0,0.0067401362297394,0.1046561457453455,0.0296920440686013,0.0298445317367818,0.0128381600080867,0.0678741041411435,0.0396573839842789,0.0388144500105262,0.0142295681559253,0.0120794972016999,0.13609503852471,0.1197815107396636,77.0,15.3153,0.3177570093457943,chalearn_annotation_mirror
train,train,A7qb47cmxJo.000,A7qb47cmxJo.000.mp4,train/A7qb47cmxJo.000.mp4,0.972972972972973,0.0493743777507267,0.0925726889275648,0.0273218263716061,0.0269256586468369,0.0659771908761102,0.0992001046375703,0.0412646522230714,0.0321596283614349,0.0029203681270009,0.0023396079394282,0.0400510107105668,0.0390812040166013,74.0,15.306958333333332,0.5700934579439252,chalearn_annotation_mirror
train,validation,AFQz-qy0FkY.005,AFQz-qy0FkY.005.mp4,validation/AFQz-qy0FkY.005.mp4,1.0,-0.1444346160968727,0.0635697443978563,0.0540857963970575,0.0224022176553544,-0.0092226489715995,0.1402219477416156,0.0481228387280368,0.0275439390536048,0.0034159474189907,0.0030699975333088,0.0153853029419759,0.0306566099677594,77.0,15.3153,0.6915887850467289,chalearn_annotation_mirror
train,train,AFvUxDwJB84.003,AFvUxDwJB84.003.mp4,train/AFvUxDwJB84.003.mp4,1.0,-0.0873954898737192,0.055477624523171,0.0767848623796439,0.044238554354401,0.077501452449759,0.0757024897518925,0.0905831488752427,0.0655087906707255,0.0054779085578358,0.0048320405758116,0.0487311833017801,0.0354168904641942,77.0,15.32,0.4205607476635514,chalearn_annotation_mirror
train,validation,APqMkruLkoE.001,APqMkruLkoE.001.mp4,validation/APqMkruLkoE.001.mp4,1.0,-0.1067437977378798,0.0932314159440942,0.031575908966319,0.015217210031075,0.2075827680203573,0.1450611425318883,0.0567761440505439,0.0317555166144959,0.0039624111122932,0.0031634084522955,0.1089138760169634,0.1128753488209926,77.0,15.3,0.8317757009345793,chalearn_annotation_mirror
train,train,Agg7z10B_iY.002,Agg7z10B_iY.002.mp4,train/Agg7z10B_iY.002.mp4,1.0,-0.2483421085030066,0.1415375681131915,0.0652037924154721,0.0396855722506319,-0.0128926267488334,0.2406786492882318,0.0510781350393282,0.0394079827938174,0.0078700400391606,0.0087711039490851,0.0780804271069378,0.0772769732460815,77.0,15.3153,0.6355140186915886,chalearn_annotation_mirror
train,train,As93GgkTdt4.004,As93GgkTdt4.004.mp4,train/As93GgkTdt4.004.mp4,1.0,0.0264213977142777,0.0366759249008801,0.0864831227209357,0.0259249341276226,-0.0247166545856226,0.0736819524275939,0.0376069938758195,0.0261731375892386,0.0066762717056056,0.0079583860160663,0.0668302791487125,0.1264069871787123,77.0,15.32,0.9065420560747662,chalearn_annotation_mirror
train,validation,AwNVGShHjvw.003,AwNVGShHjvw.003.mp4,validation/AwNVGShHjvw.003.mp4,1.0,0.1149588936341851,0.0973282738055674,0.0408593718316251,0.0403242949475028,0.0147051856134328,0.1525799536467844,0.0470520695413883,0.040112006357548,0.0075823074641647,0.0066000466742029,0.1614107702516614,0.2226153877235936,77.0,15.3153,0.2523364485981308,chalearn_annotation_mirror
train,validation,B2riMsP8LD8.000,B2riMsP8LD8.000.mp4,validation/B2riMsP8LD8.000.mp4,1.0,-0.0317483490112216,0.0928852926490623,0.0467102862719836,0.020466315284005,-0.0622689558951269,0.1655342719755735,0.0311902739673196,0.0225706099624185,0.0054634410124331,0.0045821296040109,0.0694673644574263,0.0646454957510812,77.0,15.3153,0.6822429906542056,chalearn_annotation_mirror
train,train,BLwgxAWf7cg.003,BLwgxAWf7cg.003.mp4,train/BLwgxAWf7cg.003.mp4,1.0,-0.0064883570737078,0.0770021859551224,0.0802482712350592,0.0401341519327877,0.096810133664645,0.0913533479091798,0.0261530442990966,0.0214598434049949,0.004547992722305,0.0041071163926306,0.0485160401646035,0.0813268223009548,77.0,15.333333333333334,0.1962616822429906,chalearn_annotation_mirror
train,train,BQ9i8qkXiVQ.000,BQ9i8qkXiVQ.000.mp4,train/BQ9i8qkXiVQ.000.mp4,1.0,-0.0228623547655293,0.0617601996097123,0.0662487065635807,0.0207891836144218,-0.1461927093197622,0.0779009450266885,0.0170912954072191,0.0183459486846121,0.0029800651540882,0.00319185209988,0.0235862283496345,0.033105750739036,77.0,15.3153,0.2990654205607476,chalearn_annotation_mirror
train,validation,BS0wgLXqFgc.000,BS0wgLXqFgc.000.mp4,validation/BS0wgLXqFgc.000.mp4,1.0,0.0161622313156904,0.0653348957503243,0.0843630498065816,0.029266773213408,-0.1166005900255931,0.128682681817131,0.0398572516466958,0.0230987860849534,0.0026876327490408,0.002126537038613,0.009177536001434,0.014425038138328,77.0,15.3,0.7757009345794392,chalearn_annotation_mirror
train,train,Bk9Hxn7Drxw.004,Bk9Hxn7Drxw.004.mp4,train/Bk9Hxn7Drxw.004.mp4,1.0,0.0805928528085615,0.0322184289895738,0.000913390532142,0.0154597266844899,0.010051453520901,0.0967187583387483,0.0395584556938412,0.0212235422019472,0.0046229374495851,0.0042619352179742,0.0863739148029638,0.1501711082227582,74.0,15.306958333333332,0.308411214953271,chalearn_annotation_mirror
train,validation,CAuVlnNy95E.002,CAuVlnNy95E.002.mp4,validation/CAuVlnNy95E.002.mp4,1.0,-0.0294088359856838,0.1119863344208907,0.0389739700533949,0.0263936241214986,-0.1709002349969678,0.1777674086971746,0.073994871329887,0.0573604953218394,0.0099278136960787,0.0101742656145222,0.0776165795340237,0.1009218589280926,77.0,15.3153,0.5607476635514018,chalearn_annotation_mirror
train,train,CFK8ib0aWe8.000,CFK8ib0aWe8.000.mp4,train/CFK8ib0aWe8.000.mp4,1.0,0.0124828002775302,0.0680239341607117,0.03467341259251,0.0193371611209293,0.0018952605140599,0.129641649645689,0.0483154520663118,0.0397490266098662,0.0024670203125397,0.0026689424179429,0.0414220871407572,0.0648366776241193,74.0,15.291666666666666,0.4953271028037382,chalearn_annotation_mirror
train,validation,CGfr9jl8w4Y.000,CGfr9jl8w4Y.000.mp4,validation/CGfr9jl8w4Y.000.mp4,1.0,-0.0068609601539549,0.0827201549268109,0.0764314402621128,0.0294287598823654,-0.0251912817150417,0.1172713112940881,0.0534438531103279,0.042578526162369,0.0073796980392159,0.0076034134881261,0.0755810232513826,0.0862246646717117,77.0,15.3153,0.439252336448598,chalearn_annotation_mirror
train,train,CO7vZjYF6Zk.001,CO7vZjYF6Zk.001.mp4,train/CO7vZjYF6Zk.001.mp4,1.0,0.0517507650894601,0.0627561398822518,0.0788028827093667,0.0203200686832482,-0.0538495986060673,0.1005980778901856,0.0584056239259952,0.0326143073517713,0.0064826273619671,0.0059697328450449,0.0624751883712356,0.1007904453715844,74.0,15.306958333333332,0.4205607476635514,chalearn_annotation_mirror
train,train,DXw4lVoiiWY.004,DXw4lVoiiWY.004.mp4,train/DXw4lVoiiWY.004.mp4,1.0,-0.0389908973280649,0.0376580123428085,-0.1022229602152127,0.022301652864954,0.0576787488593148,0.1726971138094806,0.059010644568223,0.0452872925577051,0.0075626797258945,0.0102475214776865,0.1357904835767021,0.1963882550030625,77.0,15.3,0.4299065420560747,chalearn_annotation_mirror
train,train,DctPau1p7JM.001,DctPau1p7JM.001.mp4,train/DctPau1p7JM.001.mp4,1.0,0.0954296819440563,0.0827779230204634,0.0470329788328928,0.0106367829240627,0.0761055812584376,0.1420203839522553,0.0367833836076396,0.0236687707051453,0.0050870307639342,0.006771570138288,0.0597756778055933,0.0961558015590427,77.0,15.3,0.308411214953271,chalearn_annotation_mirror
train,train,DegRGUG4Wi0.001,DegRGUG4Wi0.001.mp4,train/DegRGUG4Wi0.001.mp4,1.0,-0.0044497579912617,0.0598554882083106,0.0396383868721672,0.0229305764908435,-0.018293215029704,0.2692086241593437,0.0479487570671279,0.0228690019273888,0.0061042415540175,0.0057083481375254,0.0326358090422541,0.0915319356244514,77.0,15.333333333333334,0.6355140186915886,chalearn_annotation_mirror
train,train,DhqfB9chceo.003,DhqfB9chceo.003.mp4,train/DhqfB9chceo.003.mp4,1.0,-0.0556311451626871,0.0434980616006461,0.0147475350921141,0.0292418375669002,0.0414539374954193,0.111676871598142,0.0460084951319156,0.0323603368255432,0.0036368585347513,0.00407230943285,0.0123764130742059,0.0144376317495783,77.0,15.32,0.3925233644859813,chalearn_annotation_mirror
train,train,DnTtbAR_Qyw.002,DnTtbAR_Qyw.002.mp4,train/DnTtbAR_Qyw.002.mp4,1.0,-0.0030331986658267,0.0860832671970026,0.0048143870035931,0.0327517933704101,0.1038425131674592,0.2188761614291793,0.0641308712916135,0.0317467958134318,0.0058026114257919,0.0062605591693804,0.08927217306008,0.0894062609252531,77.0,15.3,0.6542056074766355,chalearn_annotation_mirror
train,train,DzqJmiQjsZ4.005,DzqJmiQjsZ4.005.mp4,train/DzqJmiQjsZ4.005.mp4,1.0,0.1087784470129315,0.0501306133235999,0.0934491954302213,0.010332791112109,-0.1402737791447469,0.0936527399857729,0.077723769681334,0.0303846344481024,0.0021041645512044,0.0024546195804175,0.0085297949188075,0.0093614565874296,76.0,15.30474649406688,0.616822429906542,chalearn_annotation_mirror
train,train,EA8BEYAZqAA.001,EA8BEYAZqAA.001.mp4,train/EA8BEYAZqAA.001.mp4,1.0,-0.0165291906189331,0.0615717085671925,0.0244950474790432,0.0214265371156492,-0.0164850373170029,0.0791907908053361,0.0621143484414847,0.0325350205544996,0.005314351917503,0.0068186327557593,0.0805125190136953,0.1260404742319011,74.0,15.306958333333332,0.7943925233644858,chalearn_annotation_mirror
train,validation,EeI8iXLDfc0.000,EeI8iXLDfc0.000.mp4,validation/EeI8iXLDfc0.000.mp4,1.0,0.1646674865840829,0.0474825306995964,0.0221237867792624,0.0142438108139565,-0.3720263625397168,0.1366580887815325,0.0146825829974217,0.016549913795029,0.0022356306341252,0.0030530980935257,0.0207914288007965,0.0154201015984775,77.0,15.301349726045704,0.5607476635514018,chalearn_annotation_mirror
train,train,EjhDyc8Oc6k.000,EjhDyc8Oc6k.000.mp4,train/EjhDyc8Oc6k.000.mp4,1.0,-0.0066053069560062,0.1092311095542055,0.0143628195630548,0.0236503693726027,0.2441113601075475,0.1440220579176444,0.0507770821007742,0.0341932902521127,0.0032230851801848,0.0030511546969961,0.0202992858638355,0.0316285435218803,77.0,15.3,0.5607476635514018,chalearn_annotation_mirror
train,validation,F0kidNe_RSo.003,F0kidNe_RSo.003.mp4,validation/F0kidNe_RSo.003.mp4,1.0,-0.0003643282249796,0.0562695093119572,-0.0245442250675978,0.0359852582077728,0.0154766609639681,0.1014152927333417,0.0992434550028393,0.0491683292113188,0.004916177169037,0.0052354234367774,0.0544479802497757,0.0494844583757177,77.0,15.3153,0.3831775700934579,chalearn_annotation_mirror
train,train,G-25EWOIGNs.004,G-25EWOIGNs.004.mp4,train/G-25EWOIGNs.004.mp4,1.0,-0.007779432067015,0.1887742251944289,0.0715585939861265,0.0564427713494023,-0.0912511011807928,0.1837906490115594,0.0382249186915068,0.0270416198592258,0.0099536679298403,0.0098143091053434,0.0980802935763804,0.1007605779505101,77.0,15.3153,0.5327102803738317,chalearn_annotation_mirror
train,train,GHetseJP358.004,GHetseJP358.004.mp4,train/GHetseJP358.004.mp4,1.0,0.0525229905128833,0.1144448868586204,0.0651358739446208,0.0235850148335015,-0.059540283934422,0.3380635492880893,0.0744278410937851,0.0182841674798997,0.0045497460011954,0.0032468369615189,0.0424618671217298,0.0376331655904456,77.0,15.3153,0.7289719626168224,chalearn_annotation_mirror
train,train,GWOtluILlk4.005,GWOtluILlk4.005.mp4,train/GWOtluILlk4.005.mp4,1.0,-0.037400408428638,0.0765742997206923,0.0282452501137887,0.0647949516273375,-0.1169992317132053,0.093360854583109,0.0416343303838282,0.0310876299049514,0.0081223852828655,0.0080340197321061,0.069630103684081,0.121724785376136,77.0,15.3153,0.5046728971962616,chalearn_annotation_mirror
train,validation,Gdv79afXNKE.000,Gdv79afXNKE.000.mp4,validation/Gdv79afXNKE.000.mp4,1.0,0.0304489592078534,0.089981018989476,0.0449739599180585,0.0275222398724087,-0.0077517411840022,0.2005383632419951,0.0675532270968986,0.0395312793088868,0.0049935299319313,0.0048502965599321,0.0580436746686823,0.0774973225070656,77.0,15.3153,0.6542056074766355,chalearn_annotation_mirror
train,train,Gk94xrcmFts.000,Gk94xrcmFts.000.mp4,train/Gk94xrcmFts.000.mp4,1.0,0.0800276195893806,0.0262642220386344,0.0184697437562259,0.027892514510379,-0.1714896882666437,0.0696393611681923,0.032210535478496,0.0227207944337277,0.0018716449633194,0.0025768769852829,0.0192259686098971,0.0514507875570356,73.0,15.342580916351409,0.1121495327102803,chalearn_annotation_mirror
train,validation,HCkDd0UnUgo.005,HCkDd0UnUgo.005.mp4,validation/HCkDd0UnUgo.005.mp4,1.0,0.1172366808842055,0.0290007233779105,0.0642806495304278,0.01804947064701,-0.1907547004734838,0.1455272720132976,0.0413132943304685,0.0266946001072141,0.0011825935493259,0.0012515409938164,0.0147337048360454,0.0172823611943907,77.0,15.3,0.439252336448598,chalearn_annotation_mirror
train,train,HWuh0biZQ_c.001,HWuh0biZQ_c.001.mp4,train/HWuh0biZQ_c.001.mp4,1.0,-0.0246752750663579,0.044425811515362,0.0499093122351488,0.0139015586013804,0.065309097447121,0.1087643913360898,0.0463333477691247,0.0266599089249005,0.0110779820043592,0.0128614939103416,0.0462095187117891,0.0990334001876868,77.0,15.3153,0.1962616822429906,chalearn_annotation_mirror
train,train,HekcZ0Em60E.004,HekcZ0Em60E.004.mp4,train/HekcZ0Em60E.004.mp4,1.0,0.0870741988751412,0.0636750874913319,0.0669053200506027,0.0205850863031683,-0.0439666018069836,0.0864074973250382,0.033246676656536,0.027390132921817,0.0053688819112214,0.0058918790469079,0.0501504525498982,0.1107530093645235,77.0,15.3153,0.5046728971962616,chalearn_annotation_mirror
train,validation,HwZlfygV2eU.004,HwZlfygV2eU.004.mp4,validation/HwZlfygV2eU.004.mp4,1.0,0.080283402126318,0.1178943795734292,0.0498872640861986,0.0380687994157631,-0.1404978987890998,0.1114449488772754,0.0581900876600791,0.0384926388451805,0.0024015985152936,0.0018722951314124,0.02189104105075,0.0443021040727802,77.0,15.3153,0.5514018691588785,chalearn_annotation_mirror
train,train,Ie2y_yOeKpo.004,Ie2y_yOeKpo.004.mp4,train/Ie2y_yOeKpo.004.mp4,1.0,0.0062528072176125,0.1440602919169288,0.0255467683552195,0.0256687617023849,-0.0389453089170821,0.1041383732225758,0.0661053682908123,0.0353566030938422,0.0051480864903668,0.0036222076198037,0.0636625986379809,0.072424325023297,77.0,15.3,0.5794392523364486,chalearn_annotation_mirror
train,train,JFKZEGDhcRs.004,JFKZEGDhcRs.004.mp4,train/JFKZEGDhcRs.004.mp4,1.0,0.0521756450058362,0.0883694643838614,0.1088756170152998,0.0196066034074632,-0.0660148071077594,0.0945308564349862,0.0464496361398057,0.0304675504256631,0.0046661793388736,0.0038776086638384,0.0434943294209656,0.0778764423443271,77.0,15.3153,0.5794392523364486,chalearn_annotation_mirror
train,validation,JKDEEwxZwrw.004,JKDEEwxZwrw.004.mp4,validation/JKDEEwxZwrw.004.mp4,1.0,-0.0567061712043251,0.1084884032504489,0.0571556233925407,0.0251885427599293,0.1095765834675943,0.0579465479736701,0.0341124658506074,0.0287065291574288,0.012108311252359,0.0134479557257467,0.119119638454194,0.1286668968001371,77.0,15.3,0.5607476635514018,chalearn_annotation_mirror
train,train,JTmq4k4uQCY.003,JTmq4k4uQCY.003.mp4,train/JTmq4k4uQCY.003.mp4,1.0,0.0270516630135892,0.0944169092838752,0.0243033171198098,0.0285594353357998,-0.1392164462783726,0.1625874710829377,0.032808118819303,0.036895628691043,0.0030405677637011,0.003525782130753,0.0334499746570697,0.0430718661240647,74.0,15.306958333333332,0.6261682242990654,chalearn_annotation_mirror
train,train,Jf8lqSpAjZ8.002,Jf8lqSpAjZ8.002.mp4,train/Jf8lqSpAjZ8.002.mp4,1.0,-0.0205469360179367,0.0697267082504104,0.0106138132056468,0.0329138921260079,-0.127384734913357,0.1464345248525868,0.0551106496314672,0.0407638198769148,0.0073412928562049,0.0066310695201257,0.1901430056529675,0.1908850740049671,77.0,15.3153,0.5327102803738317,chalearn_annotation_mirror
train,train,Jhz5ssCKaug.002,Jhz5ssCKaug.002.mp4,train/Jhz5ssCKaug.002.mp4,1.0,0.0252150330440504,0.0810978141065024,-0.0009130661646756,0.0427136176026438,-0.2031782890498008,0.1835712311238407,0.0529141984054191,0.0369950174982879,0.0033459245446122,0.0033944780087677,0.0239447795167271,0.0690244610097108,77.0,15.3,0.5233644859813084,chalearn_annotation_mirror
train,validation,Jhz5ssCKaug.004,Jhz5ssCKaug.004.mp4,validation/Jhz5ssCKaug.004.mp4,0.987012987012987,0.0601719140643563,0.0817611467705279,0.0246809394380226,0.0815817190761533,-0.3435919434052222,0.2538567327034531,0.0545763884821523,0.0366048773062821,0.0047101333119754,0.00499027789118,0.0296259486342179,0.0646050139855934,77.0,15.3,0.514018691588785,chalearn_annotation_mirror
train,train,KGRUaRe3r7I.001,KGRUaRe3r7I.001.mp4,train/KGRUaRe3r7I.001.mp4,1.0,-0.0062024593657082,0.1494683938769478,0.0342895576367331,0.0389806014573868,-0.1366098321201628,0.1103600518588223,0.0730153538250156,0.0544997396539161,0.010489534258117,0.0091365282906195,0.0414689716721004,0.0697913741925746,77.0,15.3153,0.8317757009345793,chalearn_annotation_mirror
train,train,KJ643kfjqLY.001,KJ643kfjqLY.001.mp4,train/KJ643kfjqLY.001.mp4,0.987012987012987,0.0661617004924371,0.0779177197481591,0.0840714087279857,0.0251687306271738,0.0864907725660685,0.1657302678952276,0.0490924725908839,0.0305324037353192,0.0049426321247905,0.0061156047440508,0.1038070542083576,0.1401128342840838,77.0,15.3153,0.4485981308411215,chalearn_annotation_mirror
train,train,KNOHhnRMpSw.000,KNOHhnRMpSw.000.mp4,train/KNOHhnRMpSw.000.mp4,1.0,0.0147921806669996,0.0785194813840203,0.0416136840914137,0.0600115211500134,-0.1647551223247043,0.1710914142632331,0.0349091389402875,0.0372338888095059,0.0024778097826538,0.0041294881796928,0.0213999831973236,0.0620426331007764,77.0,15.333333333333334,0.2803738317757009,chalearn_annotation_mirror
train,validation,KVepk_9iPEU.004,KVepk_9iPEU.004.mp4,validation/KVepk_9iPEU.004.mp4,1.0,0.0105902844370259,0.0473885365326932,0.0408017748693504,0.0224402209300436,0.082693383431625,0.0889850903719511,0.021039591662432,0.03100238040877,0.0049268766254024,0.005029919013382,0.0454470437284158,0.0562200278861069,77.0,15.3153,0.6822429906542056,chalearn_annotation_mirror
train,train,KXUERmhPyr8.004,KXUERmhPyr8.004.mp4,train/KXUERmhPyr8.004.mp4,1.0,0.0855539230285014,0.0452177476287802,0.0686997296833986,0.027362403882821,-0.1322080958214229,0.0809923305606753,0.0619313333471631,0.0346683947487541,0.0028808138902538,0.0048303144418255,0.0209724029542039,0.0394219305424446,77.0,15.32,0.4018691588785046,chalearn_annotation_mirror
train,train,LBKbubsgpE8.003,LBKbubsgpE8.003.mp4,train/LBKbubsgpE8.003.mp4,1.0,0.0293627214679977,0.0734596184423153,0.0090851287219196,0.027798722121698,0.0785409239376364,0.0927284566945685,0.0669529738451759,0.0432514658490955,0.0043581992764031,0.0037904279694596,0.070788691596483,0.0789949039627499,77.0,15.3,0.6355140186915886,chalearn_annotation_mirror
train,train,LHV4HNK35pM.001,LHV4HNK35pM.001.mp4,train/LHV4HNK35pM.001.mp4,1.0,0.1017836430362064,0.0560380833388909,0.0911119997598936,0.0195166620730858,-0.043483580564861,0.056723204535478,0.0648778659248751,0.0306039470980474,0.0084971535174491,0.0071144348295669,0.1014259682937177,0.1117490262635412,77.0,15.3153,0.5607476635514018,chalearn_annotation_mirror
train,train,LSqijVxP0EM.002,LSqijVxP0EM.002.mp4,train/LSqijVxP0EM.002.mp4,1.0,-0.0598873493431628,0.0462682325985615,0.0148299153163729,0.0203861533386665,-0.0123129485069128,0.0583450033992943,0.0822219509249681,0.0426066778017521,0.0041471781647961,0.005415195776264,0.0440668378227232,0.0678643643722418,77.0,15.3153,0.3177570093457943,chalearn_annotation_mirror
train,train,LWO2ZhalAEY.004,LWO2ZhalAEY.004.mp4,train/LWO2ZhalAEY.004.mp4,0.9864864864864864,-0.177654796710483,0.1155907364754356,0.0765997233479223,0.0281008106359804,0.0127189342177183,0.1557184490326393,0.0746867762891125,0.0498380545618627,0.0145222756808145,0.0245226091436472,0.1007939760979062,0.1188910540674496,74.0,15.306958333333332,0.6822429906542056,chalearn_annotation_mirror
train,train,LXmwDq89LdA.000,LXmwDq89LdA.000.mp4,train/LXmwDq89LdA.000.mp4,1.0,-0.0051403151887059,0.0725879886020521,0.0099976183683049,0.0198646586562478,-0.0783595597265988,0.0739038686227213,0.0680584604052586,0.0309000062703805,0.0031906171310463,0.002431103411648,0.0473455694558645,0.0422394703411591,74.0,15.306958333333332,0.514018691588785,chalearn_annotation_mirror
train,validation,L_gmlaz-0s4.002,L_gmlaz-0s4.002.mp4,validation/L_gmlaz-0s4.002.mp4,0.948051948051948,-0.1065310636242694,0.0710810067497044,0.0626092091575117,0.0275750330575154,0.1048665158071065,0.310036234442655,0.0283347269603128,0.0263168900544489,0.0045793805823543,0.0055197954987981,0.0468031904957543,0.0923997903222084,77.0,15.3153,0.336448598130841,chalearn_annotation_mirror
train,train,LzT4m85N17o.002,LzT4m85N17o.002.mp4,train/LzT4m85N17o.002.mp4,1.0,-0.1139496821035054,0.1222595802224913,0.1065093256809112,0.0401586924145102,-0.1275514394214117,0.1279754343949051,0.028237158188778,0.0254725234347416,0.0179921089864601,0.0134739430046516,0.1136466995506721,0.1203865357369424,77.0,15.3153,0.3551401869158878,chalearn_annotation_mirror
train,train,MK7KveAeb6Y.002,MK7KveAeb6Y.002.mp4,train/MK7KveAeb6Y.002.mp4,1.0,-0.031006389220305,0.120741926010829,0.0733655332548101,0.0262889505285283,-0.0720208806902476,0.1456501488187281,0.0244509496698812,0.0226186734163798,0.0019354191127601,0.0018758340471646,0.0124010635055531,0.0394473110354786,77.0,15.3153,0.1869158878504672,chalearn_annotation_mirror
train,validation,MbunPsukPnQ.004,MbunPsukPnQ.004.mp4,validation/MbunPsukPnQ.004.mp4,1.0,-0.0499104554768018,0.0294170990414283,0.013692689343611,0.0244351910199268,0.1682352173145354,0.1479968595460259,0.0555917827141786,0.0398426269973894,0.0074309101865247,0.0064392283033416,0.0722114398134362,0.0715122759922737,77.0,15.3,0.514018691588785,chalearn_annotation_mirror
train,train,NpiglwrZzsA.002,NpiglwrZzsA.002.mp4,train/NpiglwrZzsA.002.mp4,1.0,-0.0046626008386269,0.0547255158291593,0.0914492154546724,0.0133434749652001,-0.0534042866720929,0.0818123054402856,0.0370972431464449,0.0213734688024139,0.003259796979021,0.0030211731705167,0.0068772162268734,0.0065882710584098,77.0,15.3153,0.3644859813084112,chalearn_annotation_mirror
train,validation,O7h-kf7hPIU.003,O7h-kf7hPIU.003.mp4,validation/O7h-kf7hPIU.003.mp4,1.0,-0.0130729933235856,0.0493398326597898,0.0583795385770868,0.036559455890993,0.0729982433249249,0.0988277282186924,0.0614240313023626,0.0351738242815506,0.0084451788916985,0.0097324734448961,0.0884856031308767,0.0748828108829475,77.0,15.3153,0.5607476635514018,chalearn_annotation_mirror
train,validation,OEKg-Tvwcbk.002,OEKg-Tvwcbk.002.mp4,validation/OEKg-Tvwcbk.002.mp4,0.7402597402597403,0.3911720417379596,0.163214044848241,0.1110862608670997,0.0663841065369652,-0.0772287987605745,0.3441058975889574,0.0336808048925299,0.0221238784347648,0.0061772633614782,0.0045733425159515,0.0689605566399205,0.1069275663856102,77.0,15.3153,0.3831775700934579,chalearn_annotation_mirror
train,train,OZlpENU9h28.005,OZlpENU9h28.005.mp4,train/OZlpENU9h28.005.mp4,1.0,-0.0597600570537821,0.0744441861512464,0.0617166293097338,0.0465830704612902,0.1508324831164187,0.1073969943106701,0.0491616369060289,0.030492779511456,0.0031167905795426,0.0038276590759197,0.0299986710723602,0.0495745336848507,77.0,15.3,0.336448598130841,chalearn_annotation_mirror
train,train,OdwK_oMdfSU.003,OdwK_oMdfSU.003.mp4,train/OdwK_oMdfSU.003.mp4,1.0,-0.0405805113170447,0.0703691175449712,0.1310938333770483,0.026053841562972,-0.0182410692208445,0.1107068107264477,0.046674740950578,0.0301819285255968,0.005981740529155,0.0054802492416056,0.0266192829582215,0.0518722935803279,77.0,15.3153,0.644859813084112,chalearn_annotation_mirror
train,train,Or2_bP4lWYI.005,Or2_bP4lWYI.005.mp4,train/Or2_bP4lWYI.005.mp4,1.0,0.2330968319897386,0.0794344105344672,0.0976532076073685,0.0302235370487365,-0.0262335647170565,0.326648824890158,0.0308647158755676,0.0252285245385371,0.0037642904269925,0.005983794551624,0.0207592508329926,0.0634446552622972,77.0,15.32,0.7383177570093457,chalearn_annotation_mirror
train,train,Os7L5C-i9Fw.000,Os7L5C-i9Fw.000.mp4,train/Os7L5C-i9Fw.000.mp4,1.0,-0.0112440190335471,0.0346147014860786,0.0479268274439036,0.0153513230772996,-0.0570653421651753,0.083785472455731,0.0436038286527593,0.0281348555441342,0.0019616054766295,0.0020947282218917,0.0107134610285606,0.0166986346577387,77.0,15.3153,0.439252336448598,chalearn_annotation_mirror
train,validation,OuE91U_n04E.003,OuE91U_n04E.003.mp4,validation/OuE91U_n04E.003.mp4,1.0,-0.1508172619836384,0.0797459294606705,0.084819769103842,0.0218063373081038,-0.4410273010243369,0.125678696414179,0.0671147398615394,0.0411410380010548,0.0056365947069839,0.0073369755143301,0.0125215489798206,0.0200410305088786,77.0,15.3153,0.5981308411214953,chalearn_annotation_mirror
train,train,OugdInDyt9s.005,OugdInDyt9s.005.mp4,train/OugdInDyt9s.005.mp4,1.0,0.0057096049159604,0.0348582558981645,-0.0205164461979877,0.0177804891601283,-0.1035370090087368,0.115020817448081,0.0457347930906326,0.0328667698732557,0.0057784335091996,0.0054411095078332,0.0608294727799868,0.072371499085976,77.0,15.3153,0.6542056074766355,chalearn_annotation_mirror
train,train,OwI3Q-qUqDw.002,OwI3Q-qUqDw.002.mp4,train/OwI3Q-qUqDw.002.mp4,1.0,-0.0632226271015514,0.0460818149250197,0.0006158425731216,0.0176051739360375,0.0804474879992669,0.0793397670096989,0.0296289894177372,0.0191491693753095,0.0013259542309912,0.0011091731573292,0.0574366946479901,0.0592969378528485,77.0,15.3,0.2149532710280373,chalearn_annotation_mirror
train,train,P0a209IS614.005,P0a209IS614.005.mp4,train/P0a209IS614.005.mp4,1.0,0.0519938250148282,0.0232068846413441,0.0671351004665685,0.0202466717531848,-0.081405821453599,0.0409784770504201,0.0386413881018426,0.0224746142436936,0.0016627496836042,0.0015767673856535,0.0251275270133345,0.0340378590645441,77.0,15.3153,0.719626168224299,chalearn_annotation_mirror
train,train,P63CUj9KnSw.001,P63CUj9KnSw.001.mp4,train/P63CUj9KnSw.001.mp4,1.0,-0.1199346102554449,0.0748940875157143,0.1042405113256378,0.0496259538054555,-0.024017007768181,0.1176863110304606,0.0296589780216099,0.0253784045983485,0.0037502508231664,0.0032358715634508,0.0764349147704922,0.100817074312894,74.0,15.306958333333332,0.3644859813084112,chalearn_annotation_mirror
train,validation,P7poMmhYnM0.003,P7poMmhYnM0.003.mp4,validation/P7poMmhYnM0.003.mp4,1.0,-0.0387978695448864,0.0561140122965509,0.0342987935753249,0.0334151419160643,0.0056826657364607,0.1428357476040852,0.0589602008996445,0.036126830332827,0.0137208026897121,0.0133514531136134,0.1090952487658696,0.1215217717855262,77.0,15.3,0.4112149532710279,chalearn_annotation_mirror
train,train,P9WDAY-MFzk.002,P9WDAY-MFzk.002.mp4,train/P9WDAY-MFzk.002.mp4,1.0,-0.0211638373940848,0.0217386096885208,0.0108488266263624,0.0158277798337954,-0.0668021742924093,0.0515899818391923,0.0449673336211741,0.0292822849298645,0.002894184183899,0.002825852004085,0.0309336285880468,0.0437747903906805,77.0,15.3153,0.5233644859813084,chalearn_annotation_mirror
train,validation,PEjFZNkbQos.000,PEjFZNkbQos.000.mp4,validation/PEjFZNkbQos.000.mp4,1.0,-0.0268842200563754,0.0385528669573353,0.0388753089524479,0.0356467547738662,-0.0375179113514069,0.1017572435629053,0.0272559622699086,0.0238034925384425,0.0015862681666395,0.0013516816437534,0.0048306755669369,0.0064268924312588,77.0,15.3153,0.5327102803738317,chalearn_annotation_mirror
train,train,PHUlL5ZzX5U.005,PHUlL5ZzX5U.005.mp4,train/PHUlL5ZzX5U.005.mp4,1.0,0.0476561964676241,0.0271851868902575,0.0480925532053762,0.0110083238027687,0.0959810340866214,0.0300575652300222,0.0194016914785117,0.0209432265636317,0.0045920682381622,0.0072674396752346,0.0387896598159474,0.1132416860305248,77.0,15.3153,0.233644859813084,chalearn_annotation_mirror
train,validation,PK0EPT3k4RM.003,PK0EPT3k4RM.003.mp4,validation/PK0EPT3k4RM.003.mp4,1.0,-0.0102485733209793,0.0274827888886549,0.0281662879460396,0.0231767880495432,-0.1818963764253033,0.1128305126317482,0.0464509649026031,0.0277397570833871,0.0009488229375733,0.0008764722002566,0.009932586881295,0.0132082475812928,77.0,15.32,0.5700934579439252,chalearn_annotation_mirror
train,train,PKyqjYem0dY.004,PKyqjYem0dY.004.mp4,train/PKyqjYem0dY.004.mp4,1.0,-0.1114710243130213,0.03072329676005,0.0613639979743321,0.0178754501710784,-0.0047048692502545,0.0779477338998286,0.0443808803899705,0.0315465216666424,0.0038311001840453,0.0048647845318763,0.0751715630498724,0.0834505094929667,77.0,15.3,0.514018691588785,chalearn_annotation_mirror
train,train,PoVizBmIHy0.000,PoVizBmIHy0.000.mp4,train/PoVizBmIHy0.000.mp4,1.0,-0.0306367271290107,0.0334868468233152,0.118508230751229,0.0273330816203963,-0.0664688492591125,0.0637541016954438,0.0294964355938879,0.0257938432694622,0.0039715848792739,0.0055418839477392,0.0491373274690935,0.0561344368331546,77.0,15.3153,0.2523364485981308,chalearn_annotation_mirror
train,train,PyPFJWirPjs.000,PyPFJWirPjs.000.mp4,train/PyPFJWirPjs.000.mp4,1.0,-0.1065358732111532,0.0849555574065707,-0.0056428230404445,0.0268860801106392,-0.1300726541338349,0.1035992937785453,0.0262518657225761,0.0270387304011936,0.0049731113144942,0.0080166627485907,0.0284439458606507,0.0356060975005304,76.0,15.321550971036892,0.2897196261682243,chalearn_annotation_mirror
train,train,PyPFJWirPjs.001,PyPFJWirPjs.001.mp4,train/PyPFJWirPjs.001.mp4,1.0,-0.1053490348846006,0.0577735932568891,-0.0114397536640466,0.0214405027858272,-0.1294245770357907,0.1419442167062203,0.025527899063007,0.026326816244717,0.00177786547877,0.0020363582932601,0.0317449103964723,0.0487459356524157,76.0,15.321550971036892,0.4112149532710279,chalearn_annotation_mirror
train,train,Q4z4GRUtccE.002,Q4z4GRUtccE.002.mp4,train/Q4z4GRUtccE.002.mp4,1.0,-0.0086067664827348,0.0540547722660093,0.0829265767685401,0.0127364355795199,0.0640806408373318,0.064912366907893,0.0376256569397281,0.0266273502506216,0.0013423884697767,0.0012497608534035,0.0088907177448471,0.0135665148311873,77.0,15.3153,0.514018691588785,chalearn_annotation_mirror
train,validation,Q8bdpKNp698.000,Q8bdpKNp698.000.mp4,validation/Q8bdpKNp698.000.mp4,1.0,0.0437457067743419,0.0468101482283082,0.0303765156327262,0.0221692819072472,0.1013278523144525,0.1379329150406351,0.0376788778194613,0.0342123888401335,0.0026173096978357,0.0024671388210121,0.0427914560597196,0.0447610176205585,77.0,15.3,0.3831775700934579,chalearn_annotation_mirror
train,train,QTtTAFqT-no.004,QTtTAFqT-no.004.mp4,train/QTtTAFqT-no.004.mp4,1.0,0.0323962376837882,0.0332793913380709,0.0356239413730035,0.019227924761116,-0.0688627616228188,0.0526661435233747,0.046436555786777,0.0345200539497965,0.0017476915650231,0.0011807474522955,0.0107305969913939,0.0140336524235115,77.0,15.3153,0.4018691588785046,chalearn_annotation_mirror
train,validation,QV4TV3aHxfE.004,QV4TV3aHxfE.004.mp4,validation/QV4TV3aHxfE.004.mp4,1.0,-0.0892461383342889,0.0285648215913586,0.017241128670174,0.0247271605451117,0.0735536541882004,0.0585476714648946,0.0476084015167251,0.0254340568420466,0.0012888317607341,0.0010362537520626,0.003785966422627,0.0036671944961298,74.0,15.306958333333332,0.5420560747663551,chalearn_annotation_mirror
train,validation,QiR6yJbFCfM.003,QiR6yJbFCfM.003.mp4,validation/QiR6yJbFCfM.003.mp4,1.0,-0.1152053220392282,0.0454112063408848,-0.0244874418078856,0.0165811182839448,0.0281693869920093,0.2392734464531734,0.0277596986216574,0.0224724931001256,0.0024087638673961,0.0018821886388782,0.0281176874519832,0.0362773571191137,74.0,15.306958333333332,0.5046728971962616,chalearn_annotation_mirror
train,train,Qkao4XiSflU.003,Qkao4XiSflU.003.mp4,train/Qkao4XiSflU.003.mp4,1.0,0.0537182841130401,0.0675936421445433,0.00809129184562,0.0267963088976582,0.1043011851347644,0.0938672387181456,0.0392467883530568,0.0305627954170031,0.0032976799114648,0.003348454793687,0.0136798238709305,0.0510386339501493,77.0,15.3153,0.5981308411214953,chalearn_annotation_mirror
train,train,QlkTEWrSCBs.000,QlkTEWrSCBs.000.mp4,train/QlkTEWrSCBs.000.mp4,1.0,-0.166803647590642,0.1271216010390326,0.0584970778435143,0.0197814783916348,-0.1371736356450086,0.1134324179437679,0.0328028132791231,0.0267433259299337,0.0041814066836594,0.0038462270826186,0.0276198927483931,0.0478023170556283,77.0,15.32,0.3457943925233644,chalearn_annotation_mirror
train,validation,Qqc1539E6rs.000,Qqc1539E6rs.000.mp4,validation/Qqc1539E6rs.000.mp4,1.0,-0.0562248394198367,0.128462129944804,0.0706476651096188,0.0293717733745127,0.2694305055977167,0.155851039051171,0.0779990851863366,0.0427526642911702,0.0044278426475377,0.0038543574704661,0.0503684631772864,0.0774108799358949,77.0,15.32,0.5794392523364486,chalearn_annotation_mirror
train,train,QuwVzi2tQrQ.005,QuwVzi2tQrQ.005.mp4,train/QuwVzi2tQrQ.005.mp4,1.0,0.0052482131588546,0.0436323588964434,0.046973665821324,0.0216223615166415,0.1034694386825448,0.088333526208269,0.0516612426866502,0.0242713330177155,0.0053809829677001,0.0053216110998866,0.0367844129193332,0.0596553278722435,77.0,15.3153,0.7663551401869158,chalearn_annotation_mirror
train,train,R42dmIPCXwo.001,R42dmIPCXwo.001.mp4,train/R42dmIPCXwo.001.mp4,0.974025974025974,0.1768719656513789,0.1408223474564383,0.024481231469705,0.0217458621704988,-0.0651902065720314,0.2244767806543304,0.0775114579453822,0.0341239050675191,0.0216533690705254,0.0220781346277446,0.2012030259985206,0.2008159311489601,77.0,15.3153,0.3177570093457943,chalearn_annotation_mirror
train,train,RQeoo3idUJc.004,RQeoo3idUJc.004.mp4,train/RQeoo3idUJc.004.mp4,1.0,0.0909709981916361,0.0869645729518501,0.043398362314562,0.0232537691538063,0.131002777084246,0.118876106547375,0.0225089247161165,0.0218293896464067,0.0025846568653706,0.0040673185394671,0.0521841191597012,0.1174305449291886,77.0,15.315315315315315,0.3644859813084112,chalearn_annotation_mirror
train,validation,RWhyKkFI3zw.002,RWhyKkFI3zw.002.mp4,validation/RWhyKkFI3zw.002.mp4,1.0,-0.0676419591963249,0.0448933313727078,0.0346496278190473,0.0177766080559767,0.1358387932137199,0.2003968450212281,0.0366711502273928,0.0366735384424958,0.0037329048027297,0.0041564560216447,0.0295411798598165,0.0752193796343658,77.0,15.32,0.3738317757009345,chalearn_annotation_mirror
train,train,RhFPotjd0hM.003,RhFPotjd0hM.003.mp4,train/RhFPotjd0hM.003.mp4,1.0,0.0076426098235705,0.0344970175957009,0.0089689764790073,0.0137966295548461,0.1630761974761698,0.0508509428918974,0.0329895628438743,0.0270341475448127,0.0007972700154096,0.0006293492516883,0.0052742398351556,0.0052186283462684,77.0,15.32400761192535,0.5046728971962616,chalearn_annotation_mirror
train,train,Rp_gyvKE4hI.000,Rp_gyvKE4hI.000.mp4,train/Rp_gyvKE4hI.000.mp4,1.0,0.0217972024514135,0.0318641624040883,0.0621942873866029,0.0149828130054527,-0.0010541608559242,0.0369997166240552,0.0573003365597143,0.0293802726263427,0.0013119891751585,0.0016690944882575,0.0198696559655544,0.027604912350307,77.0,15.3153,0.6355140186915886,chalearn_annotation_mirror
train,train,Rsz-26AaL2o.001,Rsz-26AaL2o.001.mp4,train/Rsz-26AaL2o.001.mp4,1.0,-0.0573764692462281,0.0844860292710133,0.0564855266473401,0.0244888276341357,0.1706905512401508,0.1961258057283584,0.0564565763818389,0.0344100022171922,0.0035456655701773,0.0052294169098265,0.0098376019531116,0.0183238142887861,77.0,15.32,0.5046728971962616,chalearn_annotation_mirror
train,validation,RuRn2t7iPSc.001,RuRn2t7iPSc.001.mp4,validation/RuRn2t7iPSc.001.mp4,0.987012987012987,0.0305580843183899,0.0319450241459155,0.0540057650545845,0.0287508727754395,0.0645071446937407,0.1278277109441144,0.0494508838606216,0.0309939545379573,0.0033018607050091,0.0075229289270485,0.0340594059093866,0.0498937736430659,77.0,15.3153,0.5420560747663551,chalearn_annotation_mirror
train,train,S-e9-bW4seo.004,S-e9-bW4seo.004.mp4,train/S-e9-bW4seo.004.mp4,1.0,-0.0282092229673551,0.0381547229182502,0.0126981058145238,0.0163763864559266,0.0857248306261815,0.1599004825298637,0.0485110617264976,0.0279653000799566,0.0027970066030384,0.0036293085779477,0.0073731329882536,0.0060963330078142,77.0,15.3,0.4766355140186915,chalearn_annotation_mirror
train,validation,SPD5fXHVyIk.005,SPD5fXHVyIk.005.mp4,validation/SPD5fXHVyIk.005.mp4,0.961038961038961,0.0569099800563569,0.1139623386745488,0.0984549789476526,0.030116385856692,0.0378318814235544,0.0749953553301106,0.0227600829943932,0.021834868434363,0.0143674449416935,0.0331972712709884,0.0813324215160244,0.1190359392896901,77.0,15.3153,0.2990654205607476,chalearn_annotation_mirror
train,validation,SUI6WNryjqw.005,SUI6WNryjqw.005.mp4,validation/SUI6WNryjqw.005.mp4,1.0,-0.0277264029302974,0.085769742860098,0.0809587410954145,0.0227515772018706,0.1348452733738859,0.1156395182973462,0.064554017316111,0.040708300188973,0.0077415823372913,0.0070359098851663,0.2234076210059866,0.2321193911733264,77.0,15.3153,0.4579439252336448,chalearn_annotation_mirror
train,train,SbtIS7XwkLU.005,SbtIS7XwkLU.005.mp4,train/SbtIS7XwkLU.005.mp4,1.0,-0.1098781125486754,0.0754865740025162,0.0418946833958143,0.0170219458672209,0.0675931288300921,0.0681424957623605,0.0312846173656992,0.0220359973990493,0.0046266593999217,0.0029633398302684,0.0886510831566303,0.1140552306649134,77.0,15.309192200557105,0.4299065420560747,chalearn_annotation_mirror
train,validation,T4eZ81aJwJI.002,T4eZ81aJwJI.002.mp4,validation/T4eZ81aJwJI.002.mp4,1.0,0.0428251921638285,0.0311573018257554,-0.0276971380496966,0.0256366098389197,-0.2678696273007828,0.1185790498537312,0.0501588138374665,0.0285482544890314,0.0012456866160949,0.0013862039038287,0.0293834715214506,0.0549067690339103,77.0,15.32,0.4953271028037382,chalearn_annotation_mirror
train,train,TCzYD74Xqe8.000,TCzYD74Xqe8.000.mp4,train/TCzYD74Xqe8.000.mp4,1.0,-0.0375849970236084,0.016651680264991,0.0466697854786982,0.0135627251874229,0.0773070253051129,0.0793470049481103,0.0533127074813557,0.0251887776272736,0.001917314002498,0.001965331110276,0.0059123103377224,0.0053896196741245,77.0,15.3153,0.5233644859813084,chalearn_annotation_mirror
train,train,TCzYD74Xqe8.002,TCzYD74Xqe8.002.mp4,train/TCzYD74Xqe8.002.mp4,1.0,-0.0702666283283345,0.0355526748137637,0.0526660480638395,0.0190377141976373,0.0489382057371937,0.1566855842301229,0.0499218238825329,0.0265789992006701,0.0030951139691067,0.0039039956331852,0.0254674606461687,0.0352446292515645,77.0,15.3153,0.5046728971962616,chalearn_annotation_mirror
train,validation,U2RemWUyjts.001,U2RemWUyjts.001.mp4,validation/U2RemWUyjts.001.mp4,1.0,-0.0763199390267581,0.0810183893203268,0.0567597115357493,0.0204014103341706,0.1412199890089491,0.0862176349487607,0.055099478858774,0.0292931463769083,0.0028413728059561,0.0039647778373846,0.0379909306706597,0.1010692899318277,77.0,15.3153,0.5700934579439252,chalearn_annotation_mirror
train,train,Ui1ajQU5Ib8.000,Ui1ajQU5Ib8.000.mp4,train/Ui1ajQU5Ib8.000.mp4,1.0,0.012326527217027,0.1213871469652599,0.0599394330111732,0.0259091858815499,0.1200985982974407,0.1411276567106821,0.0324292398040454,0.029406924410473,0.0043611626384004,0.0046392491095742,0.023586715006166,0.0260627491033114,77.0,15.3153,0.514018691588785,chalearn_annotation_mirror
train,train,UvX6ctu2ObM.002,UvX6ctu2ObM.002.mp4,train/UvX6ctu2ObM.002.mp4,0.974025974025974,0.0056723824221277,0.1695672869791576,0.0394707996934617,0.0325336958617002,0.1835273070012341,0.2769897927023241,0.0290886031121697,0.0256945720319765,0.0064290275839429,0.0084691774015804,0.0285147353343381,0.0282504922592375,77.0,15.3,0.2803738317757009,chalearn_annotation_mirror
train,train,V1I40vVRk78.002,V1I40vVRk78.002.mp4,train/V1I40vVRk78.002.mp4,1.0,-0.0793863827072667,0.0671931844000835,0.0437752531551469,0.0299913403037027,0.1327286000163797,0.127345452422389,0.0652056492041289,0.039289880951832,0.009731170489468,0.0097281690767596,0.1639024451261725,0.1533580700005014,77.0,15.3153,0.5420560747663551,chalearn_annotation_mirror
train,train,V4ibYU1O-YI.001,V4ibYU1O-YI.001.mp4,train/V4ibYU1O-YI.001.mp4,1.0,-0.0257585290644403,0.1636602170760322,0.1263056976621874,0.0467375085961868,0.2985154778518368,0.2914810388970211,0.0169843241826822,0.0188811054347566,0.0136009667929675,0.0119182340362469,0.0824500789947478,0.1387936930847713,77.0,15.3153,0.1775700934579439,chalearn_annotation_mirror
train,train,V7_h3URfSFY.000,V7_h3URfSFY.000.mp4,train/V7_h3URfSFY.000.mp4,1.0,-0.0110881705611848,0.0443292851364625,-0.0004780082286758,0.0257660442670251,0.0809003269891767,0.075735493061177,0.0623673842312555,0.0382418582311908,0.0012522691918611,0.0010999913765704,0.0049356756741099,0.0042064481579163,77.0,15.333333333333334,0.2149532710280373,chalearn_annotation_mirror
train,train,V9OuGDPnqHI.001,V9OuGDPnqHI.001.mp4,train/V9OuGDPnqHI.001.mp4,1.0,-0.2086886028424877,0.0753423310292088,0.0964191638564746,0.0327569850596895,0.0816337562777072,0.1593741002549351,0.0439277582529623,0.0309981775495928,0.0080559978052441,0.0067096736863768,0.0614812834348094,0.0717293311347123,77.0,15.32,0.5887850467289719,chalearn_annotation_mirror
train,train,VGoAtKcKIe8.005,VGoAtKcKIe8.005.mp4,train/VGoAtKcKIe8.005.mp4,1.0,0.0124359116443825,0.0721212373160926,0.0070619337623554,0.0361645360391984,-0.0293850434355642,0.1416096592690405,0.0502018543557881,0.0268936907977802,0.0019775474709544,0.0020281783305165,0.0626309071217795,0.0820239266169804,77.0,15.32,0.644859813084112,chalearn_annotation_mirror
train,train,VIhStXxpAr0.001,VIhStXxpAr0.001.mp4,train/VIhStXxpAr0.001.mp4,1.0,-0.0006398588332547,0.0678118108984371,0.0495553759174868,0.0435143057000331,0.0977372567166525,0.2095566992567583,0.038263725619987,0.0234129047597698,0.006806849964363,0.005989402262867,0.0749839859173084,0.0712733761890025,77.0,15.3153,0.3644859813084112,chalearn_annotation_mirror
train,train,Vd9biSOZ5CI.003,Vd9biSOZ5CI.003.mp4,train/Vd9biSOZ5CI.003.mp4,1.0,0.0066337411349086,0.0574242203512583,0.0561366718138769,0.0252001934879163,0.0678966958150587,0.1128569869288689,0.038096525764161,0.022324332827741,0.0028610194064628,0.0021996321748763,0.0618752748305408,0.0701430997805223,77.0,15.3,0.616822429906542,chalearn_annotation_mirror
train,train,VuadgOz6T7s.002,VuadgOz6T7s.002.mp4,train/VuadgOz6T7s.002.mp4,1.0,-0.1905239137215875,0.0711811068345619,0.0635800601576024,0.0266532949972613,0.0590350696356369,0.2038580692275349,0.0349132529226126,0.0257568979073798,0.0048989553306063,0.0046877357868601,0.0359527792849914,0.0364344784036365,87.0,15.294117647058824,0.1682242990654205,chalearn_annotation_mirror
train,train,VugKq4gOi50.005,VugKq4gOi50.005.mp4,train/VugKq4gOi50.005.mp4,1.0,-0.0740455515068691,0.1229851154518872,0.0504665020957024,0.05058939307802,0.059974988868938,0.1048353715777857,0.0434052422780665,0.0273187288267758,0.0018764100366602,0.0019046932345157,0.0122575191982288,0.0149997239559219,77.0,15.3,0.6822429906542056,chalearn_annotation_mirror
train,validation,W0FCCk0a0tg.002,W0FCCk0a0tg.002.mp4,validation/W0FCCk0a0tg.002.mp4,1.0,0.0850702355974508,0.0204644464376817,0.0307962263739126,0.0145067773495125,-0.1899576997788939,0.0524111982430226,0.0203816871279092,0.01459986770229,0.0009899795564448,0.0012970922229736,0.0032544667570019,0.0038609761003374,77.0,15.3,0.3925233644859813,chalearn_annotation_mirror
train,train,WUNXs4r_xCU.003,WUNXs4r_xCU.003.mp4,train/WUNXs4r_xCU.003.mp4,1.0,-0.0287604365231995,0.0544151416828271,0.0277928303806239,0.0226820880838726,0.1631609015519032,0.1278014309516487,0.0344178382404987,0.0366759585582163,0.0039265436487848,0.0035908183436614,0.0839733347469564,0.0829442431792336,77.0,15.3,0.5514018691588785,chalearn_annotation_mirror
train,validation,WfCSCxADlrg.003,WfCSCxADlrg.003.mp4,validation/WfCSCxADlrg.003.mp4,1.0,-0.0461339713011483,0.0635343921366766,0.0895317899118057,0.0224072137950264,0.030019339631871,0.0760292596159323,0.0061242572764178,0.012490989377355,0.0033693054006206,0.0030787753035125,0.0081000569971762,0.0083407219169672,77.0,15.32,0.233644859813084,chalearn_annotation_mirror
train,train,WuHLxhCSnGs.001,WuHLxhCSnGs.001.mp4,train/WuHLxhCSnGs.001.mp4,1.0,-0.0283428595246597,0.0465177855425182,0.0362558022709013,0.0187897279749875,0.1831013152288811,0.085728632756801,0.032018449657887,0.0312195561595857,0.0017821049746018,0.0016180103027598,0.00460350223491,0.0033258612264384,74.0,15.306958333333332,0.3738317757009345,chalearn_annotation_mirror
train,validation,WuIKjBb7s4Q.001,WuIKjBb7s4Q.001.mp4,validation/WuIKjBb7s4Q.001.mp4,1.0,-0.0929496035998787,0.0921805380706301,0.0574927072864384,0.0203672883499395,-0.282754400295024,0.168967885532783,0.0531612107749711,0.0365042345159403,0.0056398253164226,0.0054170664941908,0.0819849852115707,0.1130619356876521,77.0,15.3153,0.3738317757009345,chalearn_annotation_mirror
train,train,Wy4hWbeibhU.000,Wy4hWbeibhU.000.mp4,train/Wy4hWbeibhU.000.mp4,1.0,0.0668845361044883,0.0594425427988898,0.0474600857696797,0.0215678469306658,-0.2328291858659268,0.0869990570779836,0.0512033186989446,0.0305932002810353,0.006497537428168,0.0089092437214,0.0700309925403316,0.0782742511200868,77.0,15.3153,0.336448598130841,chalearn_annotation_mirror
train,train,X-i_eQ48DBw.004,X-i_eQ48DBw.004.mp4,train/X-i_eQ48DBw.004.mp4,1.0,-0.0625586013535264,0.0600988298213299,0.0349208997686336,0.0335624135271153,0.0711114914192212,0.0780935432760805,0.0336710377443243,0.035698424054902,0.0029148858218303,0.0034579282303823,0.0178729338624372,0.0313416341287595,74.0,15.291666666666666,0.3925233644859813,chalearn_annotation_mirror
train,train,XAO4l8Ej-J8.003,XAO4l8Ej-J8.003.mp4,train/XAO4l8Ej-J8.003.mp4,1.0,-0.0223907681827414,0.0717765634518696,0.1151555806449274,0.0583143354673561,0.0740604028678555,0.1016813672285415,0.0481183902464262,0.0307719148239356,0.006540532516784,0.006350016888679,0.1345609633726255,0.165602689826562,77.0,15.3153,0.5981308411214953,chalearn_annotation_mirror
train,train,XN5vpJU3ifw.004,XN5vpJU3ifw.004.mp4,train/XN5vpJU3ifw.004.mp4,1.0,0.1291132370860535,0.1462899064716581,0.0155469400978685,0.0277459256165105,-0.0583951852002821,0.1799816926734396,0.0339598211649083,0.0272357347253297,0.0041166087818967,0.004927361872027,0.1034599851510302,0.1054999255156283,74.0,15.33678756476684,0.3271028037383177,chalearn_annotation_mirror
train,validation,Xauhek9-iKA.005,Xauhek9-iKA.005.mp4,validation/Xauhek9-iKA.005.mp4,1.0,0.0177620446694519,0.0713202158309,0.0260159720018093,0.0240281107890024,0.0734687005669544,0.1255956341584197,0.0726694078762777,0.0388935674040946,0.0040840197961274,0.0028805950881277,0.0866746431267185,0.0819355127393781,77.0,15.3153,0.6542056074766355,chalearn_annotation_mirror
train,validation,Y6iogSmj6FQ.000,Y6iogSmj6FQ.000.mp4,validation/Y6iogSmj6FQ.000.mp4,1.0,0.0936086160895168,0.032430490859572,0.0025704069962004,0.0085637237494526,-0.123091877404704,0.0249847030248913,0.0320306502685796,0.0223358468968988,0.0039814337765419,0.0032828564845241,0.0889033716247395,0.0873520525206675,77.0,15.3,0.5327102803738317,chalearn_annotation_mirror
train,train,YyHOKFYDZ5Y.004,YyHOKFYDZ5Y.004.mp4,train/YyHOKFYDZ5Y.004.mp4,1.0,0.0204747268920549,0.1660257623472077,0.0484098324928684,0.0512031782412694,0.1058231103673386,0.2303680444844308,0.0326453996074482,0.0254537105917935,0.0052972392095888,0.0049762485829677,0.0266412272670773,0.0392747395008144,77.0,15.348666666666666,0.233644859813084,chalearn_annotation_mirror
train,train,Z6vQQvro86Y.004,Z6vQQvro86Y.004.mp4,train/Z6vQQvro86Y.004.mp4,1.0,0.0034663677102226,0.1072140015659348,0.0275804594799882,0.0235553088824675,-0.0421874894036305,0.1477461209112453,0.0347341224049115,0.0301737770826338,0.0087559922308472,0.0083136742788128,0.0347563614064083,0.0271568848440793,77.0,15.3,0.5046728971962616,chalearn_annotation_mirror
train,validation,ZaihsIQZCx8.001,ZaihsIQZCx8.001.mp4,validation/ZaihsIQZCx8.001.mp4,1.0,0.0291568577244167,0.0141390239870898,0.1182450307607693,0.0087241626740021,-0.0475523751145242,0.0366107549224227,0.0198231193266605,0.0205864257975546,0.001656615176901,0.0016213791438695,0.024279828520674,0.0233223585475955,77.0,15.3153,0.4953271028037382,chalearn_annotation_mirror
train,train,_LWrd9t4oZw.003,_LWrd9t4oZw.003.mp4,train/_LWrd9t4oZw.003.mp4,1.0,0.0989761262459642,0.051454274058927,0.0630901983113952,0.0244696418134461,-0.0886669174015491,0.1430788246004991,0.0604167114171353,0.0387283323216657,0.0070780806610474,0.0057249461498454,0.092648269746361,0.1199194414449844,77.0,15.3153,0.5981308411214953,chalearn_annotation_mirror
train,train,_ZAqTHlu2ts.001,_ZAqTHlu2ts.001.mp4,train/_ZAqTHlu2ts.001.mp4,1.0,-0.0736287939272546,0.0355145565040426,0.045346348152707,0.0200431646633702,-0.1026749047629537,0.0727727082329803,0.0604751029172751,0.0361737784774071,0.0040245267024072,0.0051721111566398,0.0695313834432721,0.0679087257945933,74.0,14.72,0.1308411214953271,chalearn_annotation_mirror
train,train,_ZAqTHlu2ts.004,_ZAqTHlu2ts.004.mp4,train/_ZAqTHlu2ts.004.mp4,1.0,-0.0517768646245196,0.0319549711956022,0.040818471835143,0.0211401940114259,-0.104651710353072,0.0363768726669683,0.0555608391217161,0.0393863272977293,0.0045383313053288,0.0039039446364107,0.0917226864240188,0.0790243348967362,77.0,15.32,0.3831775700934579,chalearn_annotation_mirror
train,train,_g3M_MoFIvA.001,_g3M_MoFIvA.001.mp4,train/_g3M_MoFIvA.001.mp4,1.0,0.0320620288461054,0.0439832270729534,-0.0027404707189992,0.034604870669945,-0.1826830522338806,0.0919315188752468,0.054377223752216,0.0388366921171461,0.0090634773198607,0.0097090322689343,0.0544308104651266,0.1031922846318401,77.0,15.3101802757158,0.5420560747663551,chalearn_annotation_mirror
train,validation,a38rz5AIslE.000,a38rz5AIslE.000.mp4,validation/a38rz5AIslE.000.mp4,1.0,0.0237318604327657,0.0604597221009165,0.0424133757721287,0.0244708187978454,0.0889949962310828,0.0886004455680252,0.0340715895650016,0.0284410156904085,0.0011770429443858,0.0011296620214097,0.005541885451653,0.0053252332910961,77.0,15.3153,0.6915887850467289,chalearn_annotation_mirror
train,train,aFVFvJNnFt0.000,aFVFvJNnFt0.000.mp4,train/aFVFvJNnFt0.000.mp4,1.0,0.1058152696225677,0.0657934161386446,0.059318729803732,0.0111097529455544,-0.0841462081218078,0.1491870030426631,0.0188986987941437,0.0243986873379949,0.0040406694002663,0.0042928262418555,0.0715112653280859,0.081211022379719,77.0,15.3,0.4672897196261681,chalearn_annotation_mirror
train,train,aLAqJkRWKuk.000,aLAqJkRWKuk.000.mp4,train/aLAqJkRWKuk.000.mp4,1.0,-0.018815874191228,0.0654571047769578,0.0745140483550218,0.0240298228186619,-0.1420007819714133,0.1174325421675753,0.037095114951272,0.0249550232988705,0.0013422580905812,0.0016321631812164,0.0162202773875358,0.0254626017511737,77.0,15.3153,0.616822429906542,chalearn_annotation_mirror
train,validation,aLvpOYqzErk.001,aLvpOYqzErk.001.mp4,validation/aLvpOYqzErk.001.mp4,1.0,0.0199853691594927,0.0440935195057152,0.0369020107187835,0.0370463418340869,0.1978552525816974,0.1393274206032137,0.0361252725273555,0.0254545905329377,0.0107047872816665,0.0118303198850919,0.0885664223783832,0.1598069950287996,77.0,15.3153,0.5233644859813084,chalearn_annotation_mirror
train,validation,aLvpOYqzErk.005,aLvpOYqzErk.005.mp4,validation/aLvpOYqzErk.005.mp4,1.0,-0.0109206661732575,0.0195705882636252,0.0580842094120965,0.0286626397210902,0.2458340839325376,0.1036517413225231,0.0324083431070692,0.0214670324467209,0.0036105313855028,0.0030703332852704,0.0072217450463502,0.0064560577455551,77.0,15.3153,0.4859813084112149,chalearn_annotation_mirror
train,train,aqd4_4ga1fQ.004,aqd4_4ga1fQ.004.mp4,train/aqd4_4ga1fQ.004.mp4,1.0,0.0700614316521853,0.0681901494316392,-0.017745080561164,0.0218411514069205,-0.0508506644232523,0.1035656037609184,0.0415171793306001,0.0331365222800608,0.0024674357845765,0.0029121412963778,0.0224233185886425,0.0354859406261638,77.0,15.3153,0.2616822429906542,chalearn_annotation_mirror
train,train,ask-ZFRztf8.002,ask-ZFRztf8.002.mp4,train/ask-ZFRztf8.002.mp4,1.0,-0.0137239853745666,0.0628911619674682,0.0272511627659087,0.0305208198342782,0.017649759916753,0.2214166440933984,0.0267571014626538,0.0271225241836276,0.0032935502752545,0.0027437579996811,0.0304884495208293,0.0472113009826248,77.0,15.3,0.3831775700934579,chalearn_annotation_mirror
train,train,b39BQbVhOAg.004,b39BQbVhOAg.004.mp4,train/b39BQbVhOAg.004.mp4,1.0,0.0583466290613309,0.0462557960167154,0.1150461491682821,0.0242429726991569,-0.1392774978637198,0.0601289885778125,0.0383328701690002,0.025495762422418,0.0057125563731648,0.0061856777215382,0.0650128852413483,0.0594728846749684,74.0,15.291666666666666,0.4672897196261681,chalearn_annotation_mirror
train,validation,bTLTLzXehPE.005,bTLTLzXehPE.005.mp4,validation/bTLTLzXehPE.005.mp4,1.0,-0.0270220870738406,0.0608426522451178,0.0411501635918265,0.0206117315333887,-0.0693704337364597,0.0577413593909697,0.0355984273981615,0.0253367134748535,0.0021406507786063,0.0013259068910458,0.0378077602245677,0.0364052670183284,77.0,15.3,0.4672897196261681,chalearn_annotation_mirror
train,train,bcx6xr9Ja-8.001,bcx6xr9Ja-8.001.mp4,train/bcx6xr9Ja-8.001.mp4,1.0,0.0212629765189818,0.06762262708478,0.054049696946936,0.0211639347045323,-0.1014186879107621,0.1790032973969803,0.0499687311087277,0.0372370927724259,0.0032635802757676,0.0025323011403212,0.0908371531536004,0.0864220004291794,77.0,15.3153,0.4672897196261681,chalearn_annotation_mirror
train,validation,blAjqQ0ja8Q.001,blAjqQ0ja8Q.001.mp4,validation/blAjqQ0ja8Q.001.mp4,1.0,-0.0104204881447736,0.0514924776542692,0.0539846449357588,0.0171988861880388,-0.0945093274927725,0.1483300543917851,0.0359301834438043,0.0262732707357803,0.0025826141159164,0.0025499556420907,0.0863817132197568,0.1067585326032976,74.0,15.306958333333332,0.6728971962616823,chalearn_annotation_mirror
train,validation,blAjqQ0ja8Q.002,blAjqQ0ja8Q.002.mp4,validation/blAjqQ0ja8Q.002.mp4,1.0,-0.0051858189155086,0.0423283605598177,0.0588445396197106,0.0246517402572052,-0.0599642269784639,0.1765662000060488,0.0392165120196699,0.0275508229653971,0.0045187378295214,0.0042860168330909,0.0592434098434736,0.0949641625551782,74.0,15.306958333333332,0.5233644859813084,chalearn_annotation_mirror
train,train,cA43Gfcg0QA.004,cA43Gfcg0QA.004.mp4,train/cA43Gfcg0QA.004.mp4,1.0,-0.0160641245333202,0.0826050178297441,0.0929873997615034,0.0178309944725117,-0.0323537652648463,0.1074250214601014,0.038828394471735,0.0250563662886492,0.0031738540090793,0.0026735117401506,0.0218726397243468,0.0443270636789174,91.0,15.337940333726614,0.308411214953271,chalearn_annotation_mirror
train,train,cP_dSXql7z8.005,cP_dSXql7z8.005.mp4,train/cP_dSXql7z8.005.mp4,1.0,-0.0794695299214633,0.077103943331244,0.0414127744933408,0.0279601650249084,0.0223912435108216,0.122792600441103,0.057376597173983,0.0360597267780179,0.0027149128672549,0.0032361576527797,0.0499588893302151,0.1117900361638172,77.0,15.3,0.6915887850467289,chalearn_annotation_mirror
train,train,cWZudzeJVXg.003,cWZudzeJVXg.003.mp4,train/cWZudzeJVXg.003.mp4,1.0,0.0601264013323896,0.0212227208114174,0.0223948241419566,0.012225586935766,0.2349652768097552,0.0502339808029598,0.0137774860785262,0.0186642448637686,0.0004295134711283,0.0003626551148881,0.0178833733330179,0.0136471167399919,77.0,15.3,0.4205607476635514,chalearn_annotation_mirror
train,train,cxJ0u6r0-pU.001,cxJ0u6r0-pU.001.mp4,train/cxJ0u6r0-pU.001.mp4,1.0,0.0322944054036533,0.0227436313117967,-0.0030831023485619,0.0176400606120562,0.0450077691155998,0.1090413587358979,0.0425461495953713,0.0332248073739347,0.0026206660216699,0.0027055148323672,0.0092895938348999,0.0101546766255301,77.0,15.3,0.616822429906542,chalearn_annotation_mirror
train,train,cxJ0u6r0-pU.003,cxJ0u6r0-pU.003.mp4,train/cxJ0u6r0-pU.003.mp4,1.0,0.0231432581391033,0.0414863154999569,0.0027829748224665,0.0287297909246717,0.0646517596048532,0.1566530271755647,0.0380091577039058,0.0299199114755912,0.0034352920682647,0.0032532209331813,0.012143135904718,0.0136018438251686,77.0,15.3,0.6822429906542056,chalearn_annotation_mirror
train,validation,dDi6vy-OZRg.001,dDi6vy-OZRg.001.mp4,validation/dDi6vy-OZRg.001.mp4,1.0,-0.1497011695646157,0.0825799015694567,0.0217870124278153,0.0244219180017487,0.0822086579717236,0.2167035240784511,0.0596112278889998,0.0354280032756527,0.0124331664442357,0.0094946573690944,0.1208510301025699,0.1189135155251638,77.0,15.3153,0.7570093457943924,chalearn_annotation_mirror
train,validation,dLaqub4BEsA.000,dLaqub4BEsA.000.mp4,validation/dLaqub4BEsA.000.mp4,1.0,-0.0220016615644674,0.0319553982868044,0.090818820813514,0.0159886396209176,-0.1033836127368806,0.0697104169129489,0.0457057618947008,0.0251262498547059,0.0051156399755304,0.0049812950519155,0.0908638282880695,0.1041343554422033,77.0,15.3153,0.6728971962616823,chalearn_annotation_mirror
train,train,dRP8ZaAryro.000,dRP8ZaAryro.000.mp4,train/dRP8ZaAryro.000.mp4,1.0,-0.0148832593845388,0.0224503333181603,0.0077068204057494,0.018294893486305,0.0100072854777615,0.1175549873376351,0.0713515848063307,0.0472498987117356,0.0016747617583418,0.0015092948781838,0.0146390447799954,0.0439846340736825,77.0,15.3153,0.4953271028037382,chalearn_annotation_mirror
train,train,dVbo9Ftlyl0.005,dVbo9Ftlyl0.005.mp4,train/dVbo9Ftlyl0.005.mp4,1.0,-0.0320342500911163,0.0539190333426383,0.0502997245739541,0.0290908707108553,-0.2684103733020617,0.1177755669966099,0.048655166739748,0.0251865016641219,0.0116749270983945,0.0133061543116251,0.0871565429892725,0.1054546458227748,77.0,15.3153,0.5700934579439252,chalearn_annotation_mirror
train,train,eAkWSjU-JyY.001,eAkWSjU-JyY.001.mp4,train/eAkWSjU-JyY.001.mp4,1.0,0.0528941373653499,0.0694788284386877,0.0180015726455429,0.0273268499177283,-0.0181468538989588,0.130021849100943,0.0535264507555544,0.0412096521933849,0.0034251670818421,0.0033503829580674,0.0481120953912956,0.0744937181900741,77.0,15.3153,0.5981308411214953,chalearn_annotation_mirror
train,train,eZwGkhUa0TQ.004,eZwGkhUa0TQ.004.mp4,train/eZwGkhUa0TQ.004.mp4,1.0,0.0425642625411283,0.0369964224174709,0.1118542221662035,0.0199685571505851,-0.0330164882035106,0.0814500522358756,0.0445410391191666,0.0225902672968074,0.0029675771728282,0.0027479479855168,0.015819054684112,0.0344305402191769,77.0,15.3,0.6074766355140186,chalearn_annotation_mirror
train,train,fBMKlYUjA9E.000,fBMKlYUjA9E.000.mp4,train/fBMKlYUjA9E.000.mp4,1.0,0.1131260488821799,0.078710871536765,0.0733719643112348,0.03240595526242,-2.7213843159076292e-05,0.1624310050341095,0.0442580024052207,0.0291056982151431,0.0056165687195228,0.0047132885281365,0.0656143605246826,0.0903690602210929,77.0,15.32,0.6915887850467289,chalearn_annotation_mirror
train,validation,fG-hvGTHoec.000,fG-hvGTHoec.000.mp4,validation/fG-hvGTHoec.000.mp4,1.0,-0.0505307811712786,0.109401236420627,0.0604271962309743,0.023881845697,0.014030090926617,0.1020752343751944,0.0582423023375784,0.0478925130376816,0.004929377342984,0.0045366057045245,0.0592567796870753,0.0741943636052838,77.0,15.3153,0.3925233644859813,chalearn_annotation_mirror
train,train,fPLd_NLF43M.002,fPLd_NLF43M.002.mp4,train/fPLd_NLF43M.002.mp4,1.0,-0.0071495380988023,0.054486675976247,0.106787218936599,0.0333589209631949,0.0096799666310805,0.1011112967929478,0.0320338376672863,0.0250236263987123,0.0035483509058136,0.0035436888196876,0.0463572978731673,0.0505719254774868,77.0,15.3153,0.4672897196261681,chalearn_annotation_mirror
train,train,fSDA4eEyGHk.000,fSDA4eEyGHk.000.mp4,train/fSDA4eEyGHk.000.mp4,1.0,0.0966940943159496,0.0732603539112946,0.0417662960562426,0.0297475042971234,-0.0173403234127541,0.0973484894790652,0.0400667066561677,0.025401870207413,0.0044776061983551,0.0027438462211761,0.0353262376286587,0.0451375335509014,77.0,15.3,0.644859813084112,chalearn_annotation_mirror
train,train,fiVORaERbP0.002,fiVORaERbP0.002.mp4,train/fiVORaERbP0.002.mp4,1.0,-0.0397174983166136,0.1402303374626638,0.0224147918591963,0.0321237492679431,0.1702614669475332,0.0675022906651217,0.042829564670901,0.0343346943093212,0.0043162004426377,0.0057095468152909,0.0413039068903135,0.0669377296555178,73.0,14.48,0.6261682242990654,chalearn_annotation_mirror
train,train,gAWA-fcIa_M.002,gAWA-fcIa_M.002.mp4,train/gAWA-fcIa_M.002.mp4,1.0,-0.1446072554007624,0.0594327790410919,0.0740875481042304,0.0181853347308559,-0.1463140559474658,0.0817806527907736,0.0346201767543746,0.0246273201649714,0.0045713424071501,0.0042684699801885,0.0879579522531655,0.093555352635875,77.0,15.3,0.5607476635514018,chalearn_annotation_mirror
train,train,gLtvOEy7m8Q.005,gLtvOEy7m8Q.005.mp4,train/gLtvOEy7m8Q.005.mp4,1.0,-0.0148225969447452,0.0562063486258113,0.0713328569880768,0.0279984825612949,-0.1042451759948669,0.1575737369304118,0.049629025950249,0.0355422967561509,0.0039220716207181,0.0035008575001136,0.0406183795147155,0.0745500485070182,77.0,15.3153,0.5981308411214953,chalearn_annotation_mirror
train,train,geXpIfaFzF4.003,geXpIfaFzF4.003.mp4,train/geXpIfaFzF4.003.mp4,1.0,0.0994003596846226,0.0354205161111681,0.0396074429772284,0.0240529443636989,-0.1605450995972275,0.0613340374060965,0.0458549540341802,0.0245239987838014,0.0104298196239306,0.0158603221165417,0.1395586156505437,0.2197876277308167,77.0,15.3,0.5514018691588785,chalearn_annotation_mirror
train,train,glgfB3vFewc.003,glgfB3vFewc.003.mp4,train/glgfB3vFewc.003.mp4,1.0,-0.1986242042059461,0.0272869040843428,0.0402182476267666,0.0141269776601549,0.129113927847711,0.0525394662870919,0.0504275238550501,0.026432516394517,0.0007055276772277,0.0006947909241798,0.0096549780914154,0.0098104046868243,77.0,15.3153,0.6542056074766355,chalearn_annotation_mirror
train,train,hhdoeK8SsiI.000,hhdoeK8SsiI.000.mp4,train/hhdoeK8SsiI.000.mp4,1.0,0.0051541344676072,0.0398475335544052,0.1224563911425716,0.0299504108519606,-0.0373432546289453,0.0872073744778273,0.0351982759082481,0.0317754144715231,0.0034099495649654,0.0050135274299239,0.0651421902317188,0.0567917783452886,77.0,15.3,0.7757009345794392,chalearn_annotation_mirror
train,train,htH89DBizno.003,htH89DBizno.003.mp4,train/htH89DBizno.003.mp4,1.0,-0.0630253353184447,0.0748498225430397,0.0274467159638482,0.0248301446912166,-0.1831754066303365,0.0721895254231699,0.0624929837248408,0.0304190302511648,0.0010068315338534,0.0008701761593771,0.003975761148023,0.003876878666845,77.0,15.32,0.5233644859813084,chalearn_annotation_mirror
train,validation,hvGLlMhj7iE.002,hvGLlMhj7iE.002.mp4,validation/hvGLlMhj7iE.002.mp4,1.0,-0.0624783769535438,0.0728701071159932,0.0442498015075735,0.0186793421492959,-0.0649900847082514,0.1308578932281496,0.0501711317078996,0.0259137439457737,0.0016297764646853,0.0014381893122293,0.0074929046570489,0.0060060675810905,77.0,15.3153,0.7289719626168224,chalearn_annotation_mirror
train,validation,iOB65zCiOFM.000,iOB65zCiOFM.000.mp4,validation/iOB65zCiOFM.000.mp4,0.8831168831168831,-0.0396776519308375,0.0663855117478744,0.1307253419747095,0.0334966357989349,0.0756227668682644,0.1364642816628199,0.0305770260269972,0.0225060665083851,0.0091273124002789,0.0176664907318634,0.0455951243415615,0.0479052658975428,77.0,15.3153,0.4766355140186915,chalearn_annotation_mirror
train,train,iOv0_RdVPCM.003,iOv0_RdVPCM.003.mp4,train/iOv0_RdVPCM.003.mp4,1.0,-0.0080363914012971,0.057740305765548,0.1169580663479408,0.0203938254978473,0.1316731533170768,0.0878061653055511,0.0427909454666723,0.0338432491413336,0.0057976853260745,0.0062948385492558,0.0500383011459679,0.0793624161634953,77.0,15.315315315315315,0.5700934579439252,chalearn_annotation_mirror
train,validation,ibawV2tqKug.003,ibawV2tqKug.003.mp4,validation/ibawV2tqKug.003.mp4,1.0,0.206141020532428,0.053338380098482,0.0632831875950552,0.0203512507146981,0.0749394977973392,0.1787923296707502,0.0495833806908325,0.0359011998510224,0.0046747189768223,0.0040294961487872,0.0229115394197635,0.0486336516731022,77.0,15.3153,0.308411214953271,chalearn_annotation_mirror
train,train,ic_LECbCm5M.002,ic_LECbCm5M.002.mp4,train/ic_LECbCm5M.002.mp4,1.0,-0.0279186165345865,0.0377312799547923,0.0548546906907584,0.0179467009593213,-0.0578778641813536,0.0725258464211722,0.0462936953426384,0.0375485634909492,0.0031642494421816,0.0036018254410812,0.0345478375926618,0.0758338886386441,77.0,15.3153,0.439252336448598,chalearn_annotation_mirror
train,train,io0aNQE8En8.000,io0aNQE8En8.000.mp4,train/io0aNQE8En8.000.mp4,1.0,-0.0588967749664503,0.1404171994018052,0.0589288653710328,0.0339296021082825,-0.0143597940191075,0.1049519957702088,0.0173158945504458,0.0219559119942373,0.0007571876642564,0.0012319913748488,0.0040186086479363,0.0038340069466235,77.0,15.3153,0.4205607476635514,chalearn_annotation_mirror
train,train,io0aNQE8En8.005,io0aNQE8En8.005.mp4,train/io0aNQE8En8.005.mp4,1.0,-0.0565306630517246,0.0833659537762537,0.0504978950532685,0.0335586574537231,0.0123363629352366,0.0658490040888504,0.0251211071049992,0.0203701096101857,0.0008839863838454,0.0007619945131648,0.0071315930650022,0.0063127214720732,77.0,15.3153,0.2803738317757009,chalearn_annotation_mirror
train,train,ivpw58MIRtQ.003,ivpw58MIRtQ.003.mp4,train/ivpw58MIRtQ.003.mp4,1.0,0.0203570726819833,0.0589677727072634,0.0928201499563619,0.0301149187628189,0.0360473559512082,0.1828162452015774,0.0427505666182638,0.0237464927907428,0.0029851440002964,0.0025180652931289,0.010309574627578,0.0080912286949905,77.0,15.3153,0.7009345794392522,chalearn_annotation_mirror
train,train,ixPqs7L8oAE.005,ixPqs7L8oAE.005.mp4,train/ixPqs7L8oAE.005.mp4,1.0,-0.0131430877353715,0.0406829976172213,0.1244133495977863,0.0172187499452481,-0.0244725834549718,0.040915135636559,0.0228350597017357,0.0250918095343038,0.00268763952049,0.0026597666778317,0.0079036735322815,0.0077248438640043,77.0,15.3153,0.644859813084112,chalearn_annotation_mirror
train,train,j3jdT1V-DeI.002,j3jdT1V-DeI.002.mp4,train/j3jdT1V-DeI.002.mp4,1.0,-0.0642285847616041,0.0903767673451243,0.0572105097809945,0.0235336284848498,0.0457574363610821,0.0540368122893153,0.0662402652818862,0.0367995591017709,0.0038228202694241,0.0057526694169811,0.0131029711094242,0.0103437787261714,77.0,15.337729816147084,0.2897196261682243,chalearn_annotation_mirror
train,train,jZDlFzVUZwY.002,jZDlFzVUZwY.002.mp4,train/jZDlFzVUZwY.002.mp4,1.0,0.001045708800998,0.0818182971054868,0.0549384251446736,0.0288765373438015,0.0750366411123855,0.092477639980789,0.0646023769259803,0.0372748010473974,0.0021317615087385,0.0017712589861219,0.0637114538037149,0.0538390360611968,77.0,15.3153,0.5327102803738317,chalearn_annotation_mirror
train,train,jZDlFzVUZwY.005,jZDlFzVUZwY.005.mp4,train/jZDlFzVUZwY.005.mp4,1.0,-0.0739593444176954,0.0311061006960936,0.0526496708143298,0.0212012358269154,0.1257160847939792,0.1108195592767621,0.0595569318370339,0.0311998532867429,0.0027696423960877,0.0022445971179973,0.0682354803781777,0.0795347031295338,77.0,15.3153,0.6355140186915886,chalearn_annotation_mirror
train,train,joOfhNyKRjE.004,joOfhNyKRjE.004.mp4,train/joOfhNyKRjE.004.mp4,1.0,-0.0163314235095644,0.0241375199174343,-0.0111407804788518,0.0330008902646943,0.0891460371107766,0.0456560378036126,0.0606940844053424,0.038768204924112,0.0041931511950836,0.0049950356390886,0.0552693526352008,0.0772050054215813,77.0,15.3153,0.616822429906542,chalearn_annotation_mirror
train,train,k3iu-fhIkeI.003,k3iu-fhIkeI.003.mp4,train/k3iu-fhIkeI.003.mp4,1.0,-0.0409445051750353,0.0415625452866187,-0.0342493718317179,0.0099939122609905,0.0526075870672266,0.032344179213651,0.0683764273710219,0.021867220485555,0.0004109311590774,0.0004577541306378,0.0160246352553078,0.0431821204746989,77.0,15.3153,0.4672897196261681,chalearn_annotation_mirror
train,train,kAjPHyfol4w.004,kAjPHyfol4w.004.mp4,train/kAjPHyfol4w.004.mp4,1.0,0.0147453479407093,0.0263932652843671,0.0394058539471389,0.0223728285444494,-0.0443063166416073,0.0584759714636051,0.076003281401188,0.0447669595789474,0.0058887987986224,0.0055721020874607,0.0610984491503673,0.0638179770902267,77.0,15.3153,0.4953271028037382,chalearn_annotation_mirror
train,train,kDP6_hiBR0o.002,kDP6_hiBR0o.002.mp4,train/kDP6_hiBR0o.002.mp4,1.0,0.0556482678844947,0.0764514651577842,0.0773405489590172,0.0247573652348812,-0.1639112154664869,0.1332713267246276,0.0382745596674087,0.0265449491880792,0.0097081904225586,0.0080067435807349,0.1459788429314235,0.1334240205365043,74.0,15.291666666666666,0.5981308411214953,chalearn_annotation_mirror
train,train,kDP6_hiBR0o.003,kDP6_hiBR0o.003.mp4,train/kDP6_hiBR0o.003.mp4,1.0,-0.0738988171752418,0.0594952203123797,0.0695175195488323,0.0312046295834981,-0.1768414071237375,0.124425419655915,0.0476030651340053,0.0331993398546704,0.0089964068474913,0.0076444009013517,0.0760540467228044,0.0637531108340842,74.0,15.291666666666666,0.5514018691588785,chalearn_annotation_mirror
train,train,kK4QL7pOrhs.003,kK4QL7pOrhs.003.mp4,train/kK4QL7pOrhs.003.mp4,1.0,0.0324096077066077,0.0420379931590818,0.0440670629199699,0.0219864489100844,0.0834231851804314,0.1113279843964252,0.0399361465337486,0.0221987575011467,0.0048858371255275,0.0050672642397216,0.110306341902932,0.1407710139142966,77.0,15.32,0.6822429906542056,chalearn_annotation_mirror
train,train,kK534gUcRF4.004,kK534gUcRF4.004.mp4,train/kK534gUcRF4.004.mp4,1.0,0.0853155457293705,0.079649175473009,0.0746760135729319,0.0185453230099966,0.0930990308884445,0.1173423300882961,0.0366592955104064,0.0284527873881125,0.0052244697431118,0.0054361338440389,0.0286447959607204,0.0545663933315427,74.0,15.306958333333332,0.5420560747663551,chalearn_annotation_mirror
train,train,kN9cs2nFhM4.004,kN9cs2nFhM4.004.mp4,train/kN9cs2nFhM4.004.mp4,1.0,-0.0246913988524489,0.0883837809777875,0.0124329254352198,0.0319192598505083,0.2151263883389909,0.2866072247451409,0.0685927194485921,0.0494458302992693,0.0083856219359717,0.0064729623239081,0.0408432609508288,0.0643015019744516,77.0,15.3153,0.4112149532710279,chalearn_annotation_mirror
train,train,kV7MFI2_ddo.000,kV7MFI2_ddo.000.mp4,train/kV7MFI2_ddo.000.mp4,1.0,0.0094212122276597,0.0322821057059314,-0.0075736831833389,0.030146863585222,0.0288121553970692,0.1529687441330309,0.0565804823900654,0.0359671252730494,0.0045503438749575,0.0032689939298269,0.0225299363610288,0.0212135954016286,77.0,15.3,0.3738317757009345,chalearn_annotation_mirror
train,train,kV7MFI2_ddo.002,kV7MFI2_ddo.002.mp4,train/kV7MFI2_ddo.002.mp4,1.0,0.0020769351797754,0.0305465519648453,-0.0076557963949029,0.0282563561824299,-0.0166328433920801,0.2062116662076132,0.0595478324000958,0.0383355963823809,0.004188446824667,0.004240677292817,0.0333665175597265,0.0337500128058711,77.0,15.3,0.5420560747663551,chalearn_annotation_mirror
train,train,ksCoS_ghDfM.000,ksCoS_ghDfM.000.mp4,train/ksCoS_ghDfM.000.mp4,1.0,0.0653532721099123,0.0277929145900324,0.0488519950129671,0.0212766674912054,-0.0528511218033704,0.0828510482478541,0.0458520040170442,0.0446829735382001,0.0032640094999344,0.0039470018527585,0.0743202610685382,0.0734983754126287,77.0,15.3153,0.7009345794392522,chalearn_annotation_mirror
train,train,kzDQXSGGomg.002,kzDQXSGGomg.002.mp4,train/kzDQXSGGomg.002.mp4,1.0,0.0730774313029351,0.0747235516095922,0.0256558757371174,0.0286919939069366,-0.1659587539145532,0.1451264266740131,0.0703471849167182,0.0435726283283672,0.0095231788674296,0.0091336858058848,0.0823694604263806,0.1263939174950071,77.0,15.3153,0.7009345794392522,chalearn_annotation_mirror
train,validation,lAJWoIcgXlU.003,lAJWoIcgXlU.003.mp4,validation/lAJWoIcgXlU.003.mp4,1.0,-0.009573624034226,0.0319980788007394,0.0438679029792793,0.0407417238481801,-0.0176548020359407,0.0489919772754263,0.0837880800954455,0.0492344526307533,0.0049597002698892,0.0060648029710979,0.0424772500773038,0.0590959545111566,77.0,15.3153,0.5420560747663551,chalearn_annotation_mirror
train,train,ldq15dfuaLg.001,ldq15dfuaLg.001.mp4,train/ldq15dfuaLg.001.mp4,1.0,-0.069851863434088,0.064168667343301,0.0085538449868796,0.0222019254236397,-0.042916934261504,0.0805192040801175,0.0631275000398164,0.0320795516555885,0.0053467936897776,0.0051590431735523,0.0728817815106615,0.0823292831219643,77.0,15.3153,0.7383177570093457,chalearn_annotation_mirror
train,validation,m0tNIKbEwHE.005,m0tNIKbEwHE.005.mp4,validation/m0tNIKbEwHE.005.mp4,1.0,-0.0144908562932678,0.0434121150826001,0.0533499170909513,0.0191069185262042,9.623026073332975e-06,0.1066101676268901,0.0469394812711922,0.0316078813817484,0.0068571663667829,0.0060653550820594,0.1286134690436522,0.1642483603066712,77.0,15.32,0.6728971962616823,chalearn_annotation_mirror
train,train,mM6QbrCrdLo.000,mM6QbrCrdLo.000.mp4,train/mM6QbrCrdLo.000.mp4,1.0,0.001703467416146,0.0614569782387346,0.0522658432449251,0.0211881361564155,-0.0597981060458669,0.089018937860329,0.0408203612364398,0.0257556946938822,0.0020313105358222,0.0018172372715041,0.0232251189690852,0.0420058842634628,74.0,15.306958333333332,0.6915887850467289,chalearn_annotation_mirror
train,train,mQTBqDY71dU.002,mQTBqDY71dU.002.mp4,train/mQTBqDY71dU.002.mp4,1.0,-0.00205651062577,0.0618404520912927,0.0821752523231683,0.0241615096457016,-0.0517461753166846,0.0871670089278273,0.0504926265739303,0.0258733371342354,0.0079947299478785,0.0075145677849634,0.0959979712334603,0.1285993627169991,77.0,15.3,0.6074766355140186,chalearn_annotation_mirror
train,train,m_9aygJNij8.004,m_9aygJNij8.004.mp4,train/m_9aygJNij8.004.mp4,0.987012987012987,-0.4080442757166715,0.106264458742107,0.068955577935113,0.0170964707860862,0.3861077160389832,0.1637410357355085,0.0297997519035124,0.0253114415612884,0.0194498952672991,0.0185531884974973,0.1190947377281419,0.1296378626327894,77.0,15.309192200557105,0.3925233644859813,chalearn_annotation_mirror
train,validation,mpXOSY5dW7c.003,mpXOSY5dW7c.003.mp4,validation/mpXOSY5dW7c.003.mp4,1.0,0.0407800585259355,0.1683495705733373,0.0475251205276453,0.0275618920558306,0.1225191976128007,0.1483423349937679,0.0201515818389814,0.0194338481757477,0.0022378619824308,0.0019808976291542,0.0237781526610281,0.0397506012230822,77.0,15.32797858099063,0.6355140186915886,chalearn_annotation_mirror
train,validation,nBjBfN9SbpM.000,nBjBfN9SbpM.000.mp4,validation/nBjBfN9SbpM.000.mp4,1.0,-0.0142553709586687,0.0975257227184685,0.0401166456693328,0.050432614931381,0.1286776184751474,0.2256110772231211,0.0520677938142866,0.0373525335798268,0.0093794831764661,0.0082378280345158,0.1623217601697189,0.1701437747121294,77.0,15.3,0.2242990654205607,chalearn_annotation_mirror
train,validation,nFP7EEgz0Xg.000,nFP7EEgz0Xg.000.mp4,validation/nFP7EEgz0Xg.000.mp4,1.0,0.0786851982275611,0.0715356965490547,0.0388711352627603,0.0138707124090709,0.0301509759759927,0.0603832857526665,0.0226959203861249,0.0215093532377878,0.0018157033857219,0.001799666221492,0.0177195605159438,0.0155389337761437,77.0,15.3153,0.3271028037383177,chalearn_annotation_mirror
train,train,nFP7EEgz0Xg.002,nFP7EEgz0Xg.002.mp4,train/nFP7EEgz0Xg.002.mp4,1.0,0.0490297849272444,0.0747149454462473,0.0493509922519567,0.037065472681869,-0.1182553510069087,0.1243383605790495,0.0220104170350572,0.0215309969966319,0.0043670584311725,0.0036997661220829,0.0270128224532444,0.030425529228177,77.0,15.3153,0.3271028037383177,chalearn_annotation_mirror
train,train,nGGtTu6dSJE.000,nGGtTu6dSJE.000.mp4,train/nGGtTu6dSJE.000.mp4,0.974025974025974,0.1040448173959332,0.253107152838513,0.0477751783470323,0.0280298490263318,0.0900991607798571,0.172350394678001,0.0470719814400537,0.0397708884456627,0.0083907058789436,0.0075125567376745,0.1024479239003612,0.0925149213903911,77.0,15.3153,0.2710280373831775,chalearn_annotation_mirror
train,train,nQtiqrceBhg.001,nQtiqrceBhg.001.mp4,train/nQtiqrceBhg.001.mp4,1.0,0.0607979379750403,0.0529498395400679,0.071170560641606,0.013280998921203,-0.0178217530839804,0.0630951854945532,0.0264113812727311,0.0241483806571835,0.0027960996006747,0.0028929752520946,0.0313686311826525,0.0434709531242282,77.0,15.32,0.3738317757009345,chalearn_annotation_mirror
train,train,ncmnmmmWEpU.005,ncmnmmmWEpU.005.mp4,train/ncmnmmmWEpU.005.mp4,1.0,-0.0871281739341733,0.0442927355244177,0.0351751946359431,0.0233906582346364,-0.1108519838703855,0.1735184723604612,0.0621079094499005,0.0380023496164563,0.0093467016988504,0.0085446915855378,0.1271433095970512,0.1702550049781125,74.0,15.306958333333332,0.6822429906542056,chalearn_annotation_mirror
train,train,nex61B854Ms.003,nex61B854Ms.003.mp4,train/nex61B854Ms.003.mp4,1.0,0.0048275966224639,0.0663981942197381,0.091662367544462,0.0276046190740334,0.0296556471882767,0.1278652754140307,0.0313857426135957,0.0267968723494697,0.0023348391939464,0.0025714637121668,0.017842232207715,0.0580937422076285,77.0,15.3,0.4299065420560747,chalearn_annotation_mirror
train,train,nkmYbzMmrYw.003,nkmYbzMmrYw.003.mp4,train/nkmYbzMmrYw.003.mp4,1.0,-0.0231497786004579,0.1461299058272051,0.0267448459646878,0.0323412670821974,0.2568428831125425,0.1514566542394748,0.0518119122980638,0.0373745690430439,0.006279017617545,0.0042206667553447,0.1015849966104433,0.1641781003473144,77.0,15.3153,0.5420560747663551,chalearn_annotation_mirror
train,validation,o6xswp0D8tc.003,o6xswp0D8tc.003.mp4,validation/o6xswp0D8tc.003.mp4,1.0,-0.0394719836464122,0.0085119858871329,0.1580602774831147,0.0134626184707528,0.0160142605061654,0.0164177524619146,0.0115238528336718,0.0102902968358626,0.0031786528852588,0.0024878696629404,0.0774288060978082,0.0831076774414138,77.0,15.3153,0.1682242990654205,chalearn_annotation_mirror
train,train,oCb9DK3M1DU.003,oCb9DK3M1DU.003.mp4,train/oCb9DK3M1DU.003.mp4,1.0,0.0127216391679073,0.0430792352301364,0.0495845005052788,0.0426154031568598,-0.1902397258167371,0.073618850502998,0.0526310442124492,0.0356058551752333,0.0046720705166579,0.0035415485189452,0.0434618620211569,0.0741960899767946,77.0,15.3153,0.3457943925233644,chalearn_annotation_mirror
train,train,oU7zAWm_01o.003,oU7zAWm_01o.003.mp4,train/oU7zAWm_01o.003.mp4,1.0,-0.063546469330763,0.0388901552210751,0.0198009754447278,0.0216721562124183,0.1573155275631073,0.0753563919034882,0.054920340043482,0.037386740385207,0.0033906545791396,0.0026853062358386,0.0419079629489245,0.0576890987957925,77.0,15.3,0.5887850467289719,chalearn_annotation_mirror
train,validation,okSmKH2k5lE.004,okSmKH2k5lE.004.mp4,validation/okSmKH2k5lE.004.mp4,1.0,-0.0183037494708282,0.0273367873511523,-0.0523128190080013,0.0132379991156375,0.0422434404261356,0.0267732977416498,0.0540947404332994,0.0377818480475071,0.0026311410779009,0.0026620124285225,0.0432449311346677,0.0552894280283931,77.0,15.3,0.2803738317757009,chalearn_annotation_mirror
train,train,okdZnQbLnf8.001,okdZnQbLnf8.001.mp4,train/okdZnQbLnf8.001.mp4,1.0,0.0083960098188092,0.0277097112475825,0.0838013202050302,0.0259329267147629,0.0023009320175146,0.070005116453652,0.0496139650271345,0.0377228779079927,0.0032092382240459,0.0039748644042552,0.0277445626939961,0.0585588061656732,77.0,15.3153,0.6915887850467289,chalearn_annotation_mirror
train,validation,phjVMKGYBKs.000,phjVMKGYBKs.000.mp4,validation/phjVMKGYBKs.000.mp4,1.0,0.0067708255345591,0.119732143362926,-0.0467793330242087,0.0350638283839726,-0.2007779295810035,0.0912398128944292,0.0710408353541094,0.0475358406145343,0.0034714734706889,0.0024202736477529,0.0350678171927203,0.0684481959335951,77.0,15.315315315315315,0.6074766355140186,chalearn_annotation_mirror
train,train,puLXzqUvm_U.001,puLXzqUvm_U.001.mp4,train/puLXzqUvm_U.001.mp4,1.0,0.2442620382741145,0.0903821934343589,0.1219788229336322,0.0158205562227323,-0.2938126987085719,0.1210717745608081,0.027144650938298,0.0211182489467573,0.0097923571589287,0.0106910471036188,0.0264129237864034,0.0507644482556101,77.0,15.32,0.233644859813084,chalearn_annotation_mirror
train,train,qCFFW1dM8V8.003,qCFFW1dM8V8.003.mp4,train/qCFFW1dM8V8.003.mp4,1.0,0.1173684678965839,0.0847889810092025,0.0123836239814579,0.012711995492109,-0.3430298031410497,0.1649227593198169,0.0415307322011158,0.0211292274669297,0.0031691300189832,0.0025537739386597,0.0753836351519934,0.1296547357145838,77.0,15.32,0.5233644859813084,chalearn_annotation_mirror
train,validation,qjU3GX3jgSY.000,qjU3GX3jgSY.000.mp4,validation/qjU3GX3jgSY.000.mp4,1.0,-0.1109336012290691,0.1129820826785597,0.056426550473756,0.0235701566307528,0.1324383264687952,0.3015891020239493,0.0599988481723797,0.0406016537409297,0.0098980900922911,0.0093432910887224,0.0833917881657437,0.1144565382057642,77.0,15.3,0.5514018691588785,chalearn_annotation_mirror
train,train,qtB-CogljAo.003,qtB-CogljAo.003.mp4,train/qtB-CogljAo.003.mp4,1.0,0.0223428040813014,0.0694317583359872,0.0422556518404406,0.0163222952513144,-0.2261937924718172,0.0737223748714857,0.0210631622416384,0.0153027033888591,0.0033049247703639,0.0040242038250873,0.058329375610242,0.1213725259288733,77.0,15.32,0.514018691588785,chalearn_annotation_mirror
train,train,r2BoxB3kgYk.000,r2BoxB3kgYk.000.mp4,train/r2BoxB3kgYk.000.mp4,1.0,0.0100400801210442,0.0356285282891482,-0.0582269247629653,0.0279447805971721,-0.0232565612618611,0.072945723989455,0.0907595858232822,0.0453905306731619,0.0054791571705719,0.0072963889753785,0.1113269952900169,0.1278727204742677,77.0,15.3153,0.4953271028037382,chalearn_annotation_mirror
train,validation,r93dLeVRk3U.001,r93dLeVRk3U.001.mp4,validation/r93dLeVRk3U.001.mp4,1.0,0.1220011694771045,0.1574594884949714,0.0504013329127884,0.0214976718168139,-0.0130485130245824,0.0741882215326472,0.04652580220677,0.0317286587499404,0.0124650142271103,0.0099354992913222,0.0759768535497296,0.100413214318644,77.0,15.3153,0.4859813084112149,chalearn_annotation_mirror
train,train,rGTn2uaCAT0.003,rGTn2uaCAT0.003.mp4,train/rGTn2uaCAT0.003.mp4,1.0,-0.0562870955374841,0.0595721784194627,0.0552452651114945,0.0252997083861821,0.0416069036891677,0.1011860653729922,0.0570740978819337,0.0253697983354979,0.0040066540490695,0.0039579148794669,0.0930753433587418,0.1063113910528075,77.0,15.3153,0.6728971962616823,chalearn_annotation_mirror
train,train,rxYWgXYTATs.003,rxYWgXYTATs.003.mp4,train/rxYWgXYTATs.003.mp4,1.0,0.0617044280490835,0.04672137502122,0.1449483805419047,0.0535796629564509,-0.0047931331207898,0.0535772734314784,0.0448492167325183,0.0323692581375298,0.0059938715337634,0.0075222301103808,0.039152859750984,0.0693291110367854,77.0,15.3153,0.7289719626168224,chalearn_annotation_mirror
train,validation,s0MKUEnyHSE.005,s0MKUEnyHSE.005.mp4,validation/s0MKUEnyHSE.005.mp4,1.0,-0.029365692497772,0.0232443218503978,0.0409557114104113,0.0154918615772091,0.2104099483267568,0.0407651609262124,0.0412076968488981,0.0273737826448409,0.0029850992155746,0.0024654481890734,0.0058140093152993,0.004528116212916,74.0,15.306958333333332,0.4953271028037382,chalearn_annotation_mirror
train,validation,sDWJMBZ1mVA.000,sDWJMBZ1mVA.000.mp4,validation/sDWJMBZ1mVA.000.mp4,1.0,-0.006304550661386,0.0235138495680676,-0.0110369195594381,0.0130059387154612,0.0640586444342854,0.0466710262467316,0.0325772989738906,0.0213647878709656,0.0013900999981122,0.0013554716840892,0.0064562445014781,0.0064681399359259,77.0,15.3,0.2523364485981308,chalearn_annotation_mirror
train,train,sHVXhr7_EOs.003,sHVXhr7_EOs.003.mp4,train/sHVXhr7_EOs.003.mp4,1.0,-0.0057457109710657,0.0426223033945134,0.0449812929695422,0.0245034487260206,-0.0412835517070705,0.0111632860278934,0.0847796530762003,0.0518393974560334,0.0038528772590997,0.0030246996201764,0.0566747765165486,0.0494651818298829,76.0,15.32361045769205,0.3177570093457943,chalearn_annotation_mirror
train,train,sOkGz6gEmGk.001,sOkGz6gEmGk.001.mp4,train/sOkGz6gEmGk.001.mp4,1.0,-0.0471294555676493,0.0878052765450877,0.0589815940550217,0.0124219633597385,-0.0067306002788565,0.0216753909224659,0.0371543264168553,0.0207052500429979,0.0006175318973428,0.0007313304976492,0.0021297534457599,0.0018263362601152,77.0,15.3,0.4205607476635514,chalearn_annotation_mirror
train,train,shtirfEzWFA.000,shtirfEzWFA.000.mp4,train/shtirfEzWFA.000.mp4,1.0,0.1269860120325237,0.0286741986375392,0.0907893338299103,0.0110565050312014,-0.0524106170702868,0.1288018527552317,0.0525306543420045,0.0289491011784608,0.0027575987742929,0.0037251332923629,0.0176704063374371,0.0381383966835468,77.0,15.3,0.2616822429906542,chalearn_annotation_mirror
train,train,tEQEKN07KgQ.004,tEQEKN07KgQ.004.mp4,train/tEQEKN07KgQ.004.mp4,1.0,0.0672894454483257,0.0483799043225719,-0.0291904108944843,0.0219372815050691,-0.2583207316229176,0.1144702846103646,0.0541421305895269,0.0388252302948364,0.001949950535078,0.001658220693784,0.0048160654824696,0.0041346168182573,77.0,15.315315315315315,0.2897196261682243,chalearn_annotation_mirror
train,validation,tYpxPqwle5k.003,tYpxPqwle5k.003.mp4,validation/tYpxPqwle5k.003.mp4,1.0,0.0182527643167764,0.0967017745814008,0.0740484864665608,0.0268231239012644,-0.2701907553763328,0.1483185982632743,0.057468598330054,0.0355779871082599,0.0033135013528008,0.0030159313867162,0.0653663134428573,0.0555512144216924,77.0,15.3153,0.5046728971962616,chalearn_annotation_mirror
train,validation,teRgvZ63_2I.002,teRgvZ63_2I.002.mp4,validation/teRgvZ63_2I.002.mp4,1.0,-0.0481338364338464,0.0464368709692486,0.0720315873938219,0.0359538878883182,0.2110470210530935,0.1801723379581773,0.0414050611068797,0.0231161210664595,0.0058358204053875,0.0073725733152101,0.0453453492195362,0.0815326466763344,77.0,15.3153,0.5607476635514018,chalearn_annotation_mirror
train,train,tepWDnvIuRg.001,tepWDnvIuRg.001.mp4,train/tepWDnvIuRg.001.mp4,1.0,0.0204737226011957,0.1150607213167971,0.0748183380283903,0.0382808343725829,0.0934922887237314,0.168596642853823,0.030246583540591,0.0368858255786885,0.0025377418702573,0.0023713632200813,0.0172038527187392,0.0144472651473398,77.0,15.3153,0.6355140186915886,chalearn_annotation_mirror
train,train,tvKUJujTUEo.003,tvKUJujTUEo.003.mp4,train/tvKUJujTUEo.003.mp4,1.0,0.0153894601125004,0.0646705109660092,0.0441033303644381,0.0343159263405164,-0.0373932333779388,0.0977997806452101,0.0269249730271426,0.0247482965997318,0.0038518355145403,0.0041200130532187,0.0371672596570709,0.0507675127160522,77.0,15.3,0.7383177570093457,chalearn_annotation_mirror
train,train,uRY3aJAaogw.005,uRY3aJAaogw.005.mp4,train/uRY3aJAaogw.005.mp4,1.0,0.0877882538876875,0.0210359843554018,-0.0132719567825091,0.0123787506406045,-0.1209621880375346,0.0314789321891794,0.0421052623921885,0.0373954671839717,0.0026861734384122,0.0024125729525022,0.0129439476975599,0.0131284856053744,77.0,15.3153,0.4953271028037382,chalearn_annotation_mirror
train,validation,u_qvbRpm88k.003,u_qvbRpm88k.003.mp4,validation/u_qvbRpm88k.003.mp4,1.0,0.0129815587776482,0.1936470622217193,0.1214138455693376,0.0243731289309094,0.130682721707987,0.1243525921907499,0.0392658279753185,0.02858706309312,0.0088893103239519,0.0084340005122231,0.019842532157026,0.0208653425879675,75.0,15.36,0.4112149532710279,chalearn_annotation_mirror
train,train,ua5c716lu5s.001,ua5c716lu5s.001.mp4,train/ua5c716lu5s.001.mp4,1.0,0.0029964663895107,0.0396583455244818,0.043013668791729,0.0227457003218374,-0.0650293716965638,0.0783083263811361,0.0600539703923411,0.0303887916867782,0.0010451532091348,0.0008878619541706,0.0419285902776556,0.0726202250431139,77.0,15.3153,0.3831775700934579,chalearn_annotation_mirror
train,train,uqd_cEJMJ4o.003,uqd_cEJMJ4o.003.mp4,train/uqd_cEJMJ4o.003.mp4,1.0,0.0814774774151438,0.0742986225149507,0.0773559085235107,0.0353407413453247,-0.1104456072380516,0.1782850608514578,0.0587698701608568,0.0477332016577268,0.0183624364789926,0.0192800477356111,0.1154701025350647,0.1148797066309222,77.0,15.3153,0.3644859813084112,chalearn_annotation_mirror
train,validation,v1ScttBOQc8.001,v1ScttBOQc8.001.mp4,validation/v1ScttBOQc8.001.mp4,1.0,-0.0684600154160714,0.0277334533944415,-0.0069623089746813,0.023250017313163,0.3006884941006887,0.1522348577504657,0.0396904310589147,0.0232323023328215,0.0032230393871437,0.0026573912878525,0.1042216143075005,0.1246006596048888,77.0,15.3153,0.4953271028037382,chalearn_annotation_mirror
train,train,vR7YF7Zv5-Q.003,vR7YF7Zv5-Q.003.mp4,train/vR7YF7Zv5-Q.003.mp4,1.0,0.0937596757093762,0.0561196109544206,0.042287014258966,0.0164100129963133,0.1779709155997454,0.1212492688385133,0.0293093732165673,0.0160782573604394,0.0079250926773936,0.0064687856334397,0.047892072767065,0.0655513304055081,77.0,15.3,0.4485981308411215,chalearn_annotation_mirror
train,train,w7wPDiQkiA4.001,w7wPDiQkiA4.001.mp4,train/w7wPDiQkiA4.001.mp4,1.0,-0.0214621258883912,0.0831576956070316,0.0442418190662688,0.0291256052873162,-0.0121096962555887,0.0912546179243449,0.0492396557126585,0.0340741164929472,0.0044516455349165,0.0049357427109093,0.1312717699227939,0.1389083810541934,77.0,15.32,0.6355140186915886,chalearn_annotation_mirror
train,train,wYZJ2HXfvmQ.003,wYZJ2HXfvmQ.003.mp4,train/wYZJ2HXfvmQ.003.mp4,1.0,-0.0663979001207911,0.0282009944732523,0.0620805697399877,0.0157397750743693,0.0584849104466367,0.0371449934715354,0.0622375770978166,0.0381218400508397,0.002216834277282,0.0019656622963274,0.0244340888698733,0.0607389814048743,77.0,15.32,0.4018691588785046,chalearn_annotation_mirror
train,train,x6Tluj4dJTU.004,x6Tluj4dJTU.004.mp4,train/x6Tluj4dJTU.004.mp4,0.987012987012987,0.2440734936593485,0.1224043356897118,0.0912450235753731,0.0678467501760653,-0.0966565478767985,0.1537269747129041,0.0268152212769356,0.0277877210953723,0.0022823776122226,0.0025266610564599,0.0066361980333374,0.0078894181637284,77.0,15.3153,0.2990654205607476,chalearn_annotation_mirror
train,train,xX5Imr7UmaA.002,xX5Imr7UmaA.002.mp4,train/xX5Imr7UmaA.002.mp4,1.0,-0.1712963568200801,0.1005475948226876,0.0714904788207789,0.0419462402674448,0.0253702804718551,0.3279067239252474,0.0458780992477865,0.0389141873947165,0.00868461199247,0.0080391876340884,0.0714312063171191,0.1136951427061626,77.0,15.32,0.6074766355140186,chalearn_annotation_mirror
train,train,xmD4FKMq2rk.000,xmD4FKMq2rk.000.mp4,train/xmD4FKMq2rk.000.mp4,1.0,-0.0218428671153318,0.041109646387748,0.0291196039968576,0.0139140570754814,0.0157274315560926,0.1018187831863841,0.0279793945344677,0.0265243913264968,0.0023755403727914,0.0016712645303463,0.0923668400514961,0.0806220519604943,77.0,15.3153,0.4018691588785046,chalearn_annotation_mirror
train,validation,xsDABUrvs6w.000,xsDABUrvs6w.000.mp4,validation/xsDABUrvs6w.000.mp4,1.0,0.0117667938472561,0.0417658453964849,0.0472002789288952,0.0186317817384502,-0.0600393650659621,0.078722833729166,0.039176566931496,0.0281159168599708,0.0023450131577338,0.0027604616693686,0.0212228381688508,0.0547885402167562,73.0,15.309035455585208,0.3738317757009345,chalearn_annotation_mirror
train,train,xzRYaxrhne8.004,xzRYaxrhne8.004.mp4,train/xzRYaxrhne8.004.mp4,1.0,0.0291866271660659,0.09999486346909,0.0187178019221768,0.0274672983448924,-7.973364599191791e-05,0.1734600852453445,0.0375489021716713,0.0268588455541665,0.0020094232077058,0.0018294051297081,0.0317713800036539,0.0386795608605141,77.0,15.3153,0.439252336448598,chalearn_annotation_mirror
train,validation,y6LC5kAJmHw.001,y6LC5kAJmHw.001.mp4,validation/y6LC5kAJmHw.001.mp4,1.0,-0.0644557226342814,0.0311964685872187,0.0506757798303816,0.0177757781301676,0.1078304979698325,0.0597712316599722,0.039218262318894,0.0299551453244286,0.002343934948438,0.0043832390300939,0.0732203948777897,0.1301407617366818,77.0,15.3153,0.5794392523364486,chalearn_annotation_mirror
train,train,y7MEVu2nyes.001,y7MEVu2nyes.001.mp4,train/y7MEVu2nyes.001.mp4,1.0,0.0273135500069696,0.0372531356810976,0.0586161050769452,0.024603565382766,-0.1095584592180216,0.0693713255980222,0.0337485736940986,0.0193043192577329,0.0043807861716555,0.0045294253793244,0.0282130396625194,0.064057070869646,77.0,15.3153,0.6074766355140186,chalearn_annotation_mirror
train,train,yFZ3eUD6Pqs.005,yFZ3eUD6Pqs.005.mp4,train/yFZ3eUD6Pqs.005.mp4,1.0,0.0063279678218406,0.0246511114812211,0.0417601797691343,0.0093450324395501,0.0404638184741405,0.1743147530446138,0.0251147061286906,0.0197220997758951,0.0015924352651165,0.0016175789402946,0.0071237029671231,0.0067127143591038,77.0,15.32,0.4205607476635514,chalearn_annotation_mirror
train,train,yIe7Rp54-bU.001,yIe7Rp54-bU.001.mp4,train/yIe7Rp54-bU.001.mp4,1.0,0.0049757447128404,0.0571960716110665,0.0263706365764862,0.0133610209771645,0.2403825907025771,0.06709735740978,0.056607086418661,0.0349919858454093,0.0030754159398144,0.0035740192910152,0.0494066143108014,0.0811927614933413,77.0,15.3153,0.5233644859813084,chalearn_annotation_mirror
train,validation,ymrFbEMNBME.002,ymrFbEMNBME.002.mp4,validation/ymrFbEMNBME.002.mp4,1.0,0.168371531186116,0.0861031435559988,0.0408647837647196,0.0154680113855281,-0.0675409737425691,0.1385800725004272,0.0551782629191034,0.0294360970821758,0.0019932445270849,0.0021412512304785,0.0046849119470979,0.0081223270118733,77.0,15.3,0.5607476635514018,chalearn_annotation_mirror
train,train,yzgA9oAEgI4.002,yzgA9oAEgI4.002.mp4,train/yzgA9oAEgI4.002.mp4,1.0,0.0088758163990314,0.0433180528374525,0.0756175860771302,0.0206401178765736,0.0590881597087117,0.1706725973070859,0.0634729471725704,0.0439414073638315,0.0033937834846817,0.003583949573353,0.0505547434461092,0.0619922723803131,77.0,15.3153,0.7289719626168224,chalearn_annotation_mirror
train,train,zEyRyTnIw5I.005,zEyRyTnIw5I.005.mp4,train/zEyRyTnIw5I.005.mp4,1.0,0.0593732487546275,0.0672723073600426,0.0298608014222011,0.030281257100394,-0.1720719616538583,0.0678903128041087,0.0628913728952023,0.0381399065982757,0.0020332488494848,0.0015237930071632,0.0048353494671267,0.0036011233015251,77.0,15.3153,0.4579439252336448,chalearn_annotation_mirror
train,train,ztyBhnjtrz0.002,ztyBhnjtrz0.002.mp4,train/ztyBhnjtrz0.002.mp4,1.0,-0.0189009157664019,0.0299187148041751,0.0086051016552612,0.0230550858011003,-0.0314556051895975,0.037893015943806,0.0389729410244961,0.0291962688299022,0.001041512548803,0.0009365498672651,0.0031025278353524,0.0022036139677876,72.0,15.285714285714286,0.3271028037383177,chalearn_annotation_mirror
validation,train,-6otZ7M-Mro.001,-6otZ7M-Mro.001.mp4,train/-6otZ7M-Mro.001.mp4,1.0,-0.0187338073070476,0.0654324176850808,0.0353705836184855,0.0243929517547415,0.0416889185976551,0.056204456045724,0.0302983048829585,0.0218850685498049,0.0037639414027672,0.004012031413376,0.0872792931451361,0.1027352599754888,77.0,15.32,0.6728971962616823,chalearn_annotation_mirror
validation,train,-VTqcHNgH7M.004,-VTqcHNgH7M.004.mp4,train/-VTqcHNgH7M.004.mp4,1.0,0.0168382274999555,0.0656427250314323,0.0342442499468609,0.0206423677063106,0.0263207893246094,0.1281763712861456,0.0729796862373636,0.0332523522875938,0.0032816886299599,0.0040320468702989,0.0326258461850639,0.0423184726507782,77.0,15.3153,0.4859813084112149,chalearn_annotation_mirror
validation,validation,05l5bteT_qA.004,05l5bteT_qA.004.mp4,validation/05l5bteT_qA.004.mp4,1.0,-0.055148668889546,0.0787493076841828,0.058019594831034,0.0177782080221797,0.0136111419946423,0.1180650372917096,0.0483234533957681,0.0342589261347601,0.0040906589398436,0.0039529525940209,0.0147110146746823,0.0145598333431423,77.0,15.3,0.4205607476635514,chalearn_annotation_mirror
validation,train,0dIqLMMn4jY.000,0dIqLMMn4jY.000.mp4,train/0dIqLMMn4jY.000.mp4,1.0,0.0745715627011886,0.0724714016406719,0.1214662800073545,0.0274331918333808,-0.1794555970425924,0.0931431240006932,0.0356119650169639,0.0276797336460252,0.0086335236868391,0.0069065300085855,0.0660230318651903,0.0562937628802477,77.0,15.3,0.1495327102803738,chalearn_annotation_mirror
validation,train,19cplBTXyoY.002,19cplBTXyoY.002.mp4,train/19cplBTXyoY.002.mp4,1.0,0.0932694302000215,0.1383149724049543,0.0588180070989587,0.0237390311458994,-0.065108302400168,0.3379934635598027,0.0411376959186172,0.0326802613889577,0.0044936729671248,0.0060980353113279,0.0469486928127154,0.1129240749073503,77.0,15.32,0.6728971962616823,chalearn_annotation_mirror
validation,train,1Lv72Si4GnY.001,1Lv72Si4GnY.001.mp4,train/1Lv72Si4GnY.001.mp4,1.0,0.1978221997704028,0.0996723107242558,-0.0041485732225129,0.0275547389837442,0.2579939523058694,0.2866637661379049,0.0603185289967505,0.0361910341634717,0.0100442005340898,0.0099093160603605,0.0963232986181094,0.1116631035205241,77.0,15.3153,0.2803738317757009,chalearn_annotation_mirror
validation,train,1RMdiCbNNh4.005,1RMdiCbNNh4.005.mp4,train/1RMdiCbNNh4.005.mp4,1.0,-0.0263584082285277,0.0508556665540496,0.0774166041619703,0.0292906087090104,0.1622280340796606,0.1092402665913367,0.0745641537232027,0.0360446905077032,0.0242199699758338,0.0247793421976083,0.0585912847025243,0.0426748595196779,77.0,15.32,0.1775700934579439,chalearn_annotation_mirror
validation,validation,1tPH6PNeOSk.001,1tPH6PNeOSk.001.mp4,validation/1tPH6PNeOSk.001.mp4,1.0,0.142703267629146,0.0531561280964876,0.0330226383152697,0.0294953845043813,-0.0969796411000617,0.1027903128468484,0.0449064592965364,0.0356242353661612,0.0109247882570154,0.0100506983909586,0.0809861206228506,0.1203027989867889,77.0,15.3153,0.6074766355140186,chalearn_annotation_mirror
validation,train,2P1FbMJLUAs.003,2P1FbMJLUAs.003.mp4,train/2P1FbMJLUAs.003.mp4,1.0,-0.0665377840179271,0.1454653528600172,0.0867917196847108,0.0337053391026466,-0.0017771988185504,0.1497373715514147,0.0356242445370086,0.0243014385041505,0.0101751498647063,0.0105332744574615,0.0305693354777698,0.0500903337457718,74.0,15.306958333333332,0.4112149532710279,chalearn_annotation_mirror
validation,validation,2T3oK1Gse2g.005,2T3oK1Gse2g.005.mp4,validation/2T3oK1Gse2g.005.mp4,1.0,-0.0760873582810885,0.0779033683674265,0.0832963665940683,0.0462060431704126,0.031963594070546,0.3733815435950202,0.0448725687883694,0.0282540738462336,0.0070347787722246,0.0059575192998717,0.0729613066401927,0.0757082672345377,77.0,15.3153,0.5981308411214953,chalearn_annotation_mirror
validation,train,2TbU3Eg2i4A.005,2TbU3Eg2i4A.005.mp4,train/2TbU3Eg2i4A.005.mp4,1.0,-0.0485770676309322,0.0353249369069093,0.083069404204445,0.0268817581233558,-0.2758896195354157,0.0896803842269731,0.0697722189540083,0.0353825823978699,0.0039547824646878,0.0034948044392782,0.0369985347284902,0.0837383413108974,77.0,15.3,0.2710280373831775,chalearn_annotation_mirror
validation,validation,2c42A4Z7qPE.000,2c42A4Z7qPE.000.mp4,validation/2c42A4Z7qPE.000.mp4,1.0,0.1218865286067677,0.0632476696001586,0.0712181003957323,0.0348325197206764,-0.1865883821457936,0.1377311860385458,0.0548508036423619,0.0295967446540868,0.0046088790166806,0.0040868214132967,0.0597273514977697,0.0743844460137352,77.0,15.3153,0.5514018691588785,chalearn_annotation_mirror
validation,train,2d6btbaNdfo.004,2d6btbaNdfo.004.mp4,train/2d6btbaNdfo.004.mp4,1.0,0.0069776899936699,0.0497319505296822,0.0329121208022141,0.0197985515697955,-0.0776882245691075,0.0810834183777318,0.0573605524579397,0.0261541884632831,0.0026875504300935,0.0023932142736692,0.0178238392496277,0.0256912140924285,77.0,15.3153,0.5233644859813084,chalearn_annotation_mirror
validation,train,2oiXF5_gTyk.001,2oiXF5_gTyk.001.mp4,train/2oiXF5_gTyk.001.mp4,0.987012987012987,-0.0053797738732788,0.038841356570608,0.0906747234327138,0.0218985097631563,0.0792516766945006,0.1049823865899153,0.0464308889675504,0.0338042452519668,0.0032592952185809,0.0073095705612302,0.0272054383334721,0.033329119776281,77.0,15.3153,0.5887850467289719,chalearn_annotation_mirror
validation,train,3JAFkk42zPs.004,3JAFkk42zPs.004.mp4,train/3JAFkk42zPs.004.mp4,1.0,0.0812592986457304,0.0910705092687934,0.099072409698159,0.0437764921818101,0.1329378351720306,0.1752953254386721,0.025290411055367,0.0275607985648026,0.0111511341512585,0.0163419767848773,0.0497394973368807,0.0751484457876965,77.0,15.3153,0.1588785046728971,chalearn_annotation_mirror
validation,train,3S72dDIm1fM.000,3S72dDIm1fM.000.mp4,train/3S72dDIm1fM.000.mp4,1.0,0.0158038022817068,0.1555983863618918,0.0050260217245993,0.0321178460429095,-0.2239595394315238,0.1189487178612943,0.0481141896704892,0.0269640399124442,0.0087608935444298,0.0064990874853284,0.1476976079095819,0.1390429933702802,77.0,15.32,0.5981308411214953,chalearn_annotation_mirror
validation,validation,51KRxB3g7A8.001,51KRxB3g7A8.001.mp4,validation/51KRxB3g7A8.001.mp4,1.0,0.0626500850646742,0.1007285784491303,0.0211090751925181,0.020606127615872,0.0396894311288541,0.1057478763915448,0.0654980302784109,0.0387794966058482,0.0049726077283597,0.0046924110374322,0.0552302501855351,0.0409511885712547,74.0,15.291666666666666,0.6915887850467289,chalearn_annotation_mirror
validation,train,51z2rCqPqPE.005,51z2rCqPqPE.005.mp4,train/51z2rCqPqPE.005.mp4,1.0,0.0940692556212127,0.0756005869011182,0.0633537457033827,0.029360275464805,-0.3064698608141805,0.2202350376365201,0.0640638882389173,0.0382760470045942,0.0041372990826818,0.0048001741205474,0.0571851231592522,0.0604803046373395,77.0,15.3153,0.7289719626168224,chalearn_annotation_mirror
validation,train,57RdMTGegww.000,57RdMTGegww.000.mp4,train/57RdMTGegww.000.mp4,0.987012987012987,0.0699582540418087,0.0827398483912054,0.014990651462358,0.0581994265597743,0.0700071851550792,0.2244498062082655,0.093641166766536,0.0573334357183159,0.020646833943267,0.027085619720968,0.0971118290207806,0.1499897235452202,77.0,15.3153,0.4672897196261681,chalearn_annotation_mirror
validation,train,5BPGRteF64Y.001,5BPGRteF64Y.001.mp4,train/5BPGRteF64Y.001.mp4,1.0,-0.1565300974464798,0.070999363961743,-0.0862257861707292,0.0481380427298919,-0.0936442450144743,0.1004031972684049,0.048400609457758,0.0335073016608853,0.004792975468142,0.0054967085753138,0.0505247733138435,0.0917193527633271,74.0,15.306958333333332,0.3551401869158878,chalearn_annotation_mirror
validation,train,5Ku4_r_Yxsk.001,5Ku4_r_Yxsk.001.mp4,train/5Ku4_r_Yxsk.001.mp4,1.0,0.0039534440773465,0.0387433481050675,0.0572929945937968,0.0204719439800131,-0.0275130418206235,0.0911089351749231,0.0624696453697215,0.0362472756150712,0.0045423394628109,0.0037972954144524,0.024287122030464,0.0394259926017337,77.0,15.315315315315315,0.5981308411214953,chalearn_annotation_mirror
validation,train,5Wmlo8Z5yVA.003,5Wmlo8Z5yVA.003.mp4,train/5Wmlo8Z5yVA.003.mp4,1.0,-0.046725475090482,0.0476567310664353,0.0740782147795505,0.0429230066049622,-0.0322576187277977,0.0711019560448016,0.0695673641549115,0.0351668219923343,0.0048219980179533,0.0043497730974168,0.045594322413488,0.0602755310645703,77.0,15.3,0.5046728971962616,chalearn_annotation_mirror
validation,train,5kwoq4EZixQ.004,5kwoq4EZixQ.004.mp4,train/5kwoq4EZixQ.004.mp4,1.0,-0.1427452615090974,0.0636202181240391,0.0059257283696482,0.0143076797784077,-0.3018185151252803,0.0930303352336822,0.0117207065163681,0.0155121377782654,0.002520440409349,0.0046324591999672,0.0171085891813928,0.0185101124143953,77.0,15.3,0.4205607476635514,chalearn_annotation_mirror
validation,train,5z4G0biL9B4.003,5z4G0biL9B4.003.mp4,train/5z4G0biL9B4.003.mp4,1.0,-0.0438072755411617,0.0525807578883515,0.0714072527075648,0.0146946952084672,0.0339002316316,0.1310737002261529,0.0249855196063113,0.0208768537651613,0.0025067591900168,0.0020223929293158,0.0150138173891213,0.0468453669260451,77.0,15.3153,0.7102803738317757,chalearn_annotation_mirror
validation,train,6-O-HJf6OZI.001,6-O-HJf6OZI.001.mp4,train/6-O-HJf6OZI.001.mp4,1.0,0.0926178471610948,0.1047450247801946,0.0938897821040586,0.0575578062844992,0.0496295288223171,0.2231220621117643,0.0410185835015225,0.0290546520055972,0.0145597606082524,0.0183288683542932,0.0587521427393267,0.0703471496488016,77.0,15.3153,0.4112149532710279,chalearn_annotation_mirror
validation,train,6-O-HJf6OZI.004,6-O-HJf6OZI.004.mp4,train/6-O-HJf6OZI.004.mp4,1.0,0.1785869122239042,0.050066017579298,0.007909137196176,0.0132748024301458,-0.3522081148477918,0.1411191552083014,0.0480225772373768,0.0259711362652945,0.0032047393893777,0.0023065924600868,0.0568478488576742,0.0773552645089246,77.0,15.3153,0.2710280373831775,chalearn_annotation_mirror
validation,train,6N02tjYPLh8.001,6N02tjYPLh8.001.mp4,train/6N02tjYPLh8.001.mp4,1.0,0.0029086322651362,0.0517553297743138,0.0607477720390888,0.0164325376321629,-0.0213222878686197,0.1007934869144149,0.050621946551563,0.0304010975287567,0.011722616411214,0.0094369279995102,0.1197544334571265,0.1116604544883647,77.0,15.3153,0.4485981308411215,chalearn_annotation_mirror
validation,train,6TkMavTyimI.001,6TkMavTyimI.001.mp4,train/6TkMavTyimI.001.mp4,0.922077922077922,0.1993317199821318,0.1422629124946778,0.0828585589444775,0.0153645326216338,-0.0815246037147364,0.0499920071998719,0.0275417805790978,0.0238960481914632,0.0066395093289531,0.0043649871384033,0.048666623453464,0.0549607133823001,77.0,15.3153,0.5327102803738317,chalearn_annotation_mirror
validation,train,6wHQsN5g2RM.003,6wHQsN5g2RM.003.mp4,train/6wHQsN5g2RM.003.mp4,1.0,0.0135576742472876,0.0927081709803549,0.0668911626100625,0.041994399188436,-0.0026166394814827,0.0974233217836901,0.0424502732278028,0.0233828917256973,0.0070566519619889,0.0068775854112939,0.0696948085307502,0.0934197657067687,77.0,15.3,0.4485981308411215,chalearn_annotation_mirror
validation,validation,7WixH0aSfqI.000,7WixH0aSfqI.000.mp4,validation/7WixH0aSfqI.000.mp4,1.0,-0.0183602163122224,0.0420084332393579,0.0413648724354991,0.0281862719857451,0.0232272911780123,0.0710128007213047,0.060948686505846,0.0387879194733332,0.0033125230638884,0.0029356642572282,0.0433809576136334,0.0873237788233919,77.0,15.3,0.6261682242990654,chalearn_annotation_mirror
validation,train,7nhJXn9PI0I.005,7nhJXn9PI0I.005.mp4,train/7nhJXn9PI0I.005.mp4,1.0,0.0063904370263425,0.0723017291214621,0.0518787288263249,0.0278844037870369,0.0761134133828443,0.1230566440007224,0.0615360338175572,0.0346664680436492,0.0037746480276559,0.0029294090494354,0.0429970104751541,0.0593737514469928,77.0,15.3153,0.4766355140186915,chalearn_annotation_mirror
validation,train,84Lz5a9yRZg.004,84Lz5a9yRZg.004.mp4,train/84Lz5a9yRZg.004.mp4,1.0,-0.0074520115868577,0.0234479251965168,0.0197590154593706,0.0369518574746259,0.1459576497424064,0.0906468991514094,0.0331090482004241,0.0365151672974254,0.0035117695493579,0.0028275553477524,0.0431757115174262,0.0622065514438728,77.0,15.3153,0.7289719626168224,chalearn_annotation_mirror
validation,validation,8OckVmEZ8X8.001,8OckVmEZ8X8.001.mp4,validation/8OckVmEZ8X8.001.mp4,1.0,0.0202745015112344,0.0342963525409449,0.0046953978021814,0.0149196612287973,-0.1403490927273828,0.1467163224130728,0.050641565771307,0.0330319432906056,0.0032702944090679,0.002712238227676,0.1211916566356654,0.1984589495890409,74.0,15.316102717775834,0.5887850467289719,chalearn_annotation_mirror
validation,validation,8lg8A_zFOmg.002,8lg8A_zFOmg.002.mp4,validation/8lg8A_zFOmg.002.mp4,1.0,-0.0125881390316559,0.0422436887785787,0.130252606000077,0.0193600588347381,0.0734659069448769,0.0774646809867673,0.0094584264975113,0.0246185943619141,0.0166905980505283,0.0134045959261846,0.0906769076250933,0.1017518170572777,77.0,15.3,0.3551401869158878,chalearn_annotation_mirror
validation,train,8mZZlnbmOYE.001,8mZZlnbmOYE.001.mp4,train/8mZZlnbmOYE.001.mp4,1.0,-0.1703034535064517,0.0261779901496943,0.0153258170011906,0.0217668222647619,-0.077619764473174,0.0404799622401495,0.0638827112733278,0.0413970647646607,0.0023393545435525,0.00174793675812,0.0070254803880263,0.0057430183081299,77.0,15.3153,0.5327102803738317,chalearn_annotation_mirror
validation,train,9AsxY-x-TjM.002,9AsxY-x-TjM.002.mp4,train/9AsxY-x-TjM.002.mp4,1.0,-0.0887961253357422,0.0872168676543092,0.0161392816590412,0.0197948685955882,-0.0339506523473762,0.146508727408973,0.0582186144924473,0.0308159377475882,0.0026929184209438,0.0031246571181702,0.0607818177551232,0.0680760436970197,74.0,15.306958333333332,0.5327102803738317,chalearn_annotation_mirror
validation,train,9Crw2RtrBcY.003,9Crw2RtrBcY.003.mp4,train/9Crw2RtrBcY.003.mp4,1.0,-0.0137576340475579,0.0219247561119012,0.0227324895738298,0.0165574304911618,-0.2349608254890231,0.0379213301732288,0.0641243585175784,0.0392015111468731,0.0020175291203251,0.0017335891233422,0.0124588539846714,0.0147162113291271,77.0,15.3153,0.6915887850467289,chalearn_annotation_mirror
validation,train,9J-KIPMQmqk.005,9J-KIPMQmqk.005.mp4,train/9J-KIPMQmqk.005.mp4,1.0,0.0702132848018759,0.0613458711864136,0.0397480816008211,0.0285220786363039,0.2555628392968387,0.1677762428369268,0.051475188056347,0.0288022801157691,0.0070584210756534,0.0062109210100427,0.0360653239638329,0.053922268239598,77.0,15.315315315315315,0.5700934579439252,chalearn_annotation_mirror
validation,validation,9QGTbcqb2tM.005,9QGTbcqb2tM.005.mp4,validation/9QGTbcqb2tM.005.mp4,1.0,-0.0082617868547556,0.0355792259620734,0.0682188300729968,0.0404101139963832,0.0970231956629694,0.1907517579705854,0.0401118682250055,0.0327678762264406,0.0021108244230126,0.0020194313596178,0.014130540875464,0.0191094224271852,77.0,15.3153,0.4299065420560747,chalearn_annotation_mirror
validation,train,9UUtf0_ZR14.001,9UUtf0_ZR14.001.mp4,train/9UUtf0_ZR14.001.mp4,1.0,-0.0307621431910993,0.1057312029893234,0.0783960495180374,0.0357491711883146,-0.0335300975694743,0.2179564857371554,0.0478831958815426,0.0310105644186471,0.0032487630313252,0.003241517618055,0.032365696161896,0.0463869239530766,77.0,15.32,0.616822429906542,chalearn_annotation_mirror
validation,train,9a-3LrB7cDI.000,9a-3LrB7cDI.000.mp4,train/9a-3LrB7cDI.000.mp4,1.0,-0.0253914280337284,0.0783909163592213,0.0174744863083309,0.022301426393068,0.0845995281079614,0.1698375536809361,0.0586285950338742,0.0350758390769393,0.0039167329143966,0.0042149370874138,0.0348548283308145,0.0532602049843378,74.0,15.291666666666666,0.719626168224299,chalearn_annotation_mirror
validation,validation,A1lbD_OCuj4.002,A1lbD_OCuj4.002.mp4,validation/A1lbD_OCuj4.002.mp4,1.0,-0.0553454359133591,0.0317449591369823,0.0833815154961395,0.0311823667069198,-0.1816853189220847,0.0716670296519425,0.0319020496028713,0.0249952087718808,0.0013967233774462,0.0013016628657232,0.0045843550410711,0.0039709227970995,74.0,15.306958333333332,0.5233644859813084,chalearn_annotation_mirror
validation,train,A6ZWTfKPLPE.005,A6ZWTfKPLPE.005.mp4,train/A6ZWTfKPLPE.005.mp4,1.0,-0.0042651706208758,0.0415068010429358,0.0416935885706004,0.0267943320454272,-0.1532537031856465,0.1276975777459022,0.0555238658380067,0.0381794828777248,0.0065659979840805,0.0063483063052441,0.1095416316969517,0.1181352316466101,76.0,15.317286652078776,0.6074766355140186,chalearn_annotation_mirror
validation,train,ABWFQuPG1LA.004,ABWFQuPG1LA.004.mp4,train/ABWFQuPG1LA.004.mp4,1.0,-0.1804029190345901,0.0941732974962955,0.0613144551460769,0.0441710285325303,0.1501298658787765,0.254459838971116,0.0348991048137759,0.0316227860428435,0.0052695227667817,0.0083845836314169,0.0440989790331806,0.0850416855048962,77.0,15.3,0.439252336448598,chalearn_annotation_mirror
validation,train,B77ZCcCMrkM.004,B77ZCcCMrkM.004.mp4,train/B77ZCcCMrkM.004.mp4,0.974025974025974,0.068647950718274,0.0454617620266644,0.0519608827064722,0.0196513090561368,-0.0647727701121499,0.0692857363938643,0.0449804553715348,0.0347641274277674,0.0170082844291631,0.0363350132982979,0.0409619405418758,0.0707354557292324,77.0,15.315315315315315,0.6074766355140186,chalearn_annotation_mirror
validation,train,BeyIfaH64xY.004,BeyIfaH64xY.004.mp4,train/BeyIfaH64xY.004.mp4,1.0,0.0060932752166629,0.0407825282376262,0.0258613607409189,0.0168213723382045,-0.0082377930179952,0.0461380893678719,0.0517179120234887,0.0236396721386031,0.0022832744389924,0.0018600727537563,0.0546263955438677,0.0501428505247479,74.0,15.306958333333332,0.4299065420560747,chalearn_annotation_mirror
validation,train,BjQ95T-Dw1U.004,BjQ95T-Dw1U.004.mp4,train/BjQ95T-Dw1U.004.mp4,1.0,0.0701747536377239,0.0554556273085663,-0.0431763333017739,0.038162300160145,-0.2292898155167083,0.0852116107071522,0.0624534256392853,0.0487611155793774,0.0032145115420089,0.0054329925455231,0.0890711158325841,0.1255276029730167,77.0,15.3,0.4205607476635514,chalearn_annotation_mirror
validation,train,BjzSIV3dutk.000,BjzSIV3dutk.000.mp4,train/BjzSIV3dutk.000.mp4,1.0,0.0335080134965089,0.1173990633615693,0.0355289664760937,0.0328086048497592,0.0796252119220355,0.1638378138344933,0.0860466467167001,0.0374230532460798,0.0078880989484087,0.0085355378051374,0.0793517595709006,0.1077840082293452,77.0,15.32,0.7383177570093457,chalearn_annotation_mirror
validation,validation,Bn5QwANp5LM.004,Bn5QwANp5LM.004.mp4,validation/Bn5QwANp5LM.004.mp4,1.0,-0.0295840607234168,0.037102637894569,0.0343770975997816,0.0128519281466715,-0.0145668049314011,0.1124601636946902,0.0564164348111938,0.030593744753168,0.0027056345895728,0.0027170946039305,0.0523488132660896,0.0953590407748764,77.0,15.3,0.4579439252336448,chalearn_annotation_mirror
validation,validation,Bo-mrL28d8M.005,Bo-mrL28d8M.005.mp4,validation/Bo-mrL28d8M.005.mp4,1.0,0.0448418196959868,0.0241268504350419,0.0285183926301928,0.0220472734974709,-0.1200305778209896,0.0374485701127684,0.0796731632215077,0.0364139989377166,0.0038092786700759,0.0041803189535067,0.0718291010001081,0.061800668136159,77.0,15.3,0.1588785046728971,chalearn_annotation_mirror
validation,train,CTWMisL_HlI.003,CTWMisL_HlI.003.mp4,train/CTWMisL_HlI.003.mp4,1.0,-0.0521117791050229,0.0268065012328736,0.0832995292739992,0.0229926995477382,0.1380563474893444,0.100064217817744,0.0480480191146234,0.0294971986508907,0.0076838674152724,0.0068950942345634,0.051558854218891,0.0500956532991507,77.0,15.3153,0.1495327102803738,chalearn_annotation_mirror
validation,train,CfNbSToI21k.005,CfNbSToI21k.005.mp4,train/CfNbSToI21k.005.mp4,1.0,-0.0108888653048506,0.0913388629832374,0.0646229599924209,0.0240231365611813,0.1075482319378996,0.1841787895883818,0.0536717912801582,0.0294085641766082,0.0149425190350122,0.017294866821782,0.1316749472540288,0.1533857898749672,77.0,15.32,0.4859813084112149,chalearn_annotation_mirror
validation,train,Cl7vQ9QR0es.005,Cl7vQ9QR0es.005.mp4,train/Cl7vQ9QR0es.005.mp4,0.922077922077922,-0.1397460968568476,0.0847743055490992,0.0577677264562669,0.0206609791088315,-0.020174312465056,0.1194084219683532,0.0397285450364921,0.0292671256313402,0.0121361648351743,0.0103090910037031,0.03603089762799,0.0720509065701699,77.0,15.3153,0.3271028037383177,chalearn_annotation_mirror
validation,train,D4TU65xbF4g.002,D4TU65xbF4g.002.mp4,train/D4TU65xbF4g.002.mp4,0.987012987012987,0.0523988648931994,0.0978445574080693,0.0661550348566295,0.0518673437661571,-0.0313400694684829,0.1173497081437437,0.0516974811659116,0.0441223698301543,0.0099938496128416,0.0121297171081671,0.0412109306154172,0.0458832883537816,77.0,15.3,0.5233644859813084,chalearn_annotation_mirror
validation,train,De4i7-FX9Og.001,De4i7-FX9Og.001.mp4,train/De4i7-FX9Og.001.mp4,1.0,-0.0919244728250143,0.0731560662492831,-0.0041775082714746,0.0199202876722077,0.1675842943320204,0.1138231568524925,0.0664521374341217,0.0368268010965109,0.0024145070507149,0.0018813275496878,0.0846665187492087,0.1226054336601261,77.0,15.3153,0.4953271028037382,chalearn_annotation_mirror
validation,train,DegRGUG4Wi0.003,DegRGUG4Wi0.003.mp4,train/DegRGUG4Wi0.003.mp4,1.0,-0.0959104368563648,0.0487620249742678,0.0356930017783577,0.0176459076000393,0.0481464702052801,0.0846903980650759,0.0600627468875918,0.0297841226454863,0.0013234471105703,0.0015217830777786,0.0043365350177797,0.0054559085334673,77.0,15.333333333333334,0.5981308411214953,chalearn_annotation_mirror
validation,validation,EA8BEYAZqAA.005,EA8BEYAZqAA.005.mp4,validation/EA8BEYAZqAA.005.mp4,1.0,-0.057476416867649,0.0983971586906879,0.0280625148829718,0.0249862973824629,0.0386461996463547,0.0663631268399989,0.0645146442507376,0.0353281372395037,0.0050268052786673,0.0057195791726207,0.1005977531792829,0.1324841266971013,74.0,15.306958333333332,0.822429906542056,chalearn_annotation_mirror
validation,validation,EgolOPjkkg8.002,EgolOPjkkg8.002.mp4,validation/EgolOPjkkg8.002.mp4,1.0,0.0303753717659292,0.019668661991673,0.0579170001164807,0.047028105314985,-0.0431248783071689,0.0661145914922135,0.0612317088484256,0.0328474794159769,0.0019335631444923,0.0021018289576534,0.0350759922168431,0.0365571368937355,74.0,15.306958333333332,0.2803738317757009,chalearn_annotation_mirror
validation,validation,EjhDyc8Oc6k.005,EjhDyc8Oc6k.005.mp4,validation/EjhDyc8Oc6k.005.mp4,1.0,0.0313901401112208,0.1170743350413278,0.0217687905306381,0.0284435229823877,0.2910412456703103,0.1111009211071054,0.0622372297153312,0.04216111574276,0.0034346919742543,0.0031962051089289,0.0187129146529517,0.0242712514407544,77.0,15.3,0.4953271028037382,chalearn_annotation_mirror
validation,train,Fgq5I4bkq2s.001,Fgq5I4bkq2s.001.mp4,train/Fgq5I4bkq2s.001.mp4,1.0,0.0922845483848484,0.0475676454908414,0.0559666150812827,0.0306924344618497,-0.0609602314574279,0.1259738040188436,0.0319674825594345,0.0174743896799143,0.0037030443362546,0.0049044234101393,0.0313670429764543,0.0373028354156483,77.0,15.3153,0.3831775700934579,chalearn_annotation_mirror
validation,train,FwjoTGcsFNg.001,FwjoTGcsFNg.001.mp4,train/FwjoTGcsFNg.001.mp4,1.0,-0.1027348896018139,0.0900565967979263,0.064743162823178,0.0288768820374791,-0.0523671268051237,0.0953349727008598,0.0526237063588597,0.0393582015490073,0.0073118257686792,0.006751780445442,0.0495508068244252,0.0786945063371083,74.0,15.306958333333332,0.6355140186915886,chalearn_annotation_mirror
validation,train,FxVUG2R1y0Q.004,FxVUG2R1y0Q.004.mp4,train/FxVUG2R1y0Q.004.mp4,1.0,-0.0202271734845734,0.0391714533556548,0.0603575635728434,0.0302558342664778,-0.0038149442915818,0.064791476515874,0.0658786571491221,0.0448361841745431,0.0035099498926397,0.0037975083484244,0.0522166004577307,0.0815801570293572,77.0,15.3153,0.8317757009345793,chalearn_annotation_mirror
validation,validation,G7hYffrZ1Hc.003,G7hYffrZ1Hc.003.mp4,validation/G7hYffrZ1Hc.003.mp4,1.0,-0.0392246193046341,0.0482429784799605,0.0261301643460319,0.0231134405145021,-0.0309746689397032,0.1846896125835953,0.038247043303204,0.0242726790497023,0.0040767509922485,0.0042493645035244,0.0411826511965937,0.0432869989287768,77.0,15.3,0.5607476635514018,chalearn_annotation_mirror
validation,train,G7hYffrZ1Hc.004,G7hYffrZ1Hc.004.mp4,train/G7hYffrZ1Hc.004.mp4,1.0,-0.0288461417085788,0.0634036332217785,0.0320551489053664,0.0287185224619964,0.0511237370872376,0.2237039976524682,0.0345289730542046,0.0212539004057488,0.0034327718116736,0.0039563585730722,0.0374208475926421,0.047364517628865,77.0,15.3,0.7102803738317757,chalearn_annotation_mirror
validation,train,GCkOL2jLSQA.002,GCkOL2jLSQA.002.mp4,train/GCkOL2jLSQA.002.mp4,1.0,-0.018478405693915,0.0490747315764472,0.0607328225032975,0.0320908305199235,0.1657666965277802,0.0888369511675837,0.0445698106599897,0.0386943408269958,0.0023483774743618,0.0025211749650788,0.0288138470212508,0.0341115719127759,77.0,15.3,0.5420560747663551,chalearn_annotation_mirror
validation,train,GTmHSF6vNWc.005,GTmHSF6vNWc.005.mp4,train/GTmHSF6vNWc.005.mp4,1.0,0.0308894081766126,0.0765132680105618,0.0817432918581738,0.0251318263609222,-0.0795580957304574,0.1167542352117532,0.0552675728924116,0.0369419096100687,0.009506445785445,0.0091307431670964,0.0801099679462994,0.1158667484687406,74.0,15.306958333333332,0.7102803738317757,chalearn_annotation_mirror
validation,validation,GsNZh1TS68g.000,GsNZh1TS68g.000.mp4,validation/GsNZh1TS68g.000.mp4,1.0,0.1582603897865586,0.0367063265459442,0.0653039170214251,0.0179960522868846,-0.078614148759152,0.1069762535559735,0.0497315927583276,0.0303688515342278,0.0164671962922103,0.0104283625892054,0.1280226124929026,0.1061541901277688,77.0,15.3153,0.5327102803738317,chalearn_annotation_mirror
validation,validation,Gtq5nfRlRx8.003,Gtq5nfRlRx8.003.mp4,validation/Gtq5nfRlRx8.003.mp4,1.0,-0.0056216718730768,0.0446028419300455,0.0608771121691231,0.0188682727497154,-0.0150877901806139,0.109553636117574,0.0578130951589595,0.035051874669164,0.0007316335778647,0.0005904909840619,0.005572033596056,0.0143486848779024,77.0,15.3153,0.5420560747663551,chalearn_annotation_mirror
validation,validation,I01_ubtktEQ.000,I01_ubtktEQ.000.mp4,validation/I01_ubtktEQ.000.mp4,1.0,-0.0009228434681647,0.0554317463148646,0.0808705874274458,0.0243572237486108,-0.0608147953641255,0.0428507635157698,0.0391815091248636,0.0302887119020071,0.0062757879900603,0.006052640038522,0.0523309981580675,0.0772634134356459,77.0,15.3153,0.4205607476635514,chalearn_annotation_mirror
validation,train,I8jMoBAMtVA.000,I8jMoBAMtVA.000.mp4,train/I8jMoBAMtVA.000.mp4,1.0,0.0074709898205898,0.1031656756023695,0.0928471172511717,0.017331666908555,0.1472053720435696,0.0464331930263757,0.039999070732483,0.0231892323564368,0.0051274354559894,0.005166363674981,0.044336361396764,0.050794090652758,77.0,15.3153,0.4859813084112149,chalearn_annotation_mirror
validation,train,IQdz0Pd-L2Y.004,IQdz0Pd-L2Y.004.mp4,train/IQdz0Pd-L2Y.004.mp4,1.0,-0.0542715195712414,0.0548291726500063,0.0819465308872595,0.01867345436946,0.0223721645011179,0.0718529083593115,0.0352126987350051,0.025455135621367,0.0053820204402232,0.0081714435256292,0.0704092349838858,0.1230424130147837,77.0,15.3,0.2616822429906542,chalearn_annotation_mirror
validation,train,IwfA-squ7Oo.005,IwfA-squ7Oo.005.mp4,train/IwfA-squ7Oo.005.mp4,1.0,0.0245507892625034,0.055875275280755,0.1332377275876666,0.0271931720633367,-0.0231679152788094,0.2613275944247373,0.0104568432496167,0.0138650130969888,0.0045488086592387,0.0038855148447542,0.0412561320941729,0.0724161314391907,76.0,15.329551593733118,0.4953271028037382,chalearn_annotation_mirror
validation,train,J8N2OCqM6N0.001,J8N2OCqM6N0.001.mp4,train/J8N2OCqM6N0.001.mp4,1.0,-0.0601686038669391,0.0615787416937752,0.1004782404059345,0.0132623109560906,0.2484268407614331,0.0893508272668387,0.0548983071851335,0.0327224474443211,0.0058651302676082,0.0047734069005081,0.0970297385278908,0.0896226265406374,77.0,15.3153,0.4018691588785046,chalearn_annotation_mirror
validation,validation,JBiq9X_-r84.005,JBiq9X_-r84.005.mp4,validation/JBiq9X_-r84.005.mp4,1.0,-0.0103164944498008,0.0593496136547709,0.042747806422154,0.0235077675784158,-0.0198288322382529,0.0555772136497124,0.0391451171079407,0.0321117417428711,0.0004421374364518,0.0003496966349053,0.0116695485371027,0.0216838265964491,77.0,15.3153,0.4766355140186915,chalearn_annotation_mirror
validation,train,JIYZTruMpiI.000,JIYZTruMpiI.000.mp4,train/JIYZTruMpiI.000.mp4,1.0,0.0195279225458923,0.0403960005057625,0.0686566443252319,0.0125539639853866,0.061601172314618,0.1482661189514547,0.0358612261179647,0.0239695622301979,0.0036403170169436,0.004148990425429,0.0132952994428169,0.0126994680629094,77.0,15.3153,0.6542056074766355,chalearn_annotation_mirror
validation,train,JhdFmuwquHM.003,JhdFmuwquHM.003.mp4,train/JhdFmuwquHM.003.mp4,0.7972972972972973,0.0402521269497051,0.0889336555333141,0.0152141681920067,0.0376531249743887,0.1982503378273424,0.2545281201352107,0.0510912646306874,0.0348366835627181,0.0322328442435397,0.0250907064964985,0.0394436819940317,0.0427297766983334,74.0,15.306958333333332,0.1962616822429906,chalearn_annotation_mirror
validation,validation,Jn76eAPxjNA.000,Jn76eAPxjNA.000.mp4,validation/Jn76eAPxjNA.000.mp4,1.0,0.0727853524683127,0.0706891370381991,0.0174865228689386,0.0187305093149841,0.1469794794398014,0.1014906974492582,0.0751570443737158,0.0405759854719221,0.0112431006297131,0.0122957445746339,0.0236812164805831,0.016243392831665,77.0,15.3153,0.6542056074766355,chalearn_annotation_mirror
validation,train,K9ZTOb6PbfQ.004,K9ZTOb6PbfQ.004.mp4,train/K9ZTOb6PbfQ.004.mp4,1.0,0.0233537754316822,0.043464885279418,0.0495768623389212,0.0209180969403571,-0.1063570160794481,0.0479865150225678,0.0714801785097027,0.0326021863756415,0.0015287372844993,0.0011982752763188,0.0025172636287282,0.0020607880032837,74.0,15.306958333333332,0.4766355140186915,chalearn_annotation_mirror
validation,train,KYvbRwTCtaU.001,KYvbRwTCtaU.001.mp4,train/KYvbRwTCtaU.001.mp4,1.0,0.0580896555632294,0.0546834272557187,0.0786503460367504,0.0146930599372617,-0.0607949403876518,0.0660105793989865,0.0645456222376445,0.0326257113841384,0.0068131857879024,0.0066397146258847,0.0729718764176657,0.1010689233082192,77.0,15.3,0.5046728971962616,chalearn_annotation_mirror
validation,train,KdMiQUWNByk.001,KdMiQUWNByk.001.mp4,train/KdMiQUWNByk.001.mp4,1.0,-0.0557890111819341,0.0981593219803712,0.0417106295318449,0.028773455535464,-0.147344080554005,0.0802260611182984,0.0520744279321089,0.0373529393701475,0.0092741121949146,0.0088034677676015,0.0902323775485492,0.1009057726652086,77.0,15.3153,0.5420560747663551,chalearn_annotation_mirror
validation,train,KfurkMyjD-c.002,KfurkMyjD-c.002.mp4,train/KfurkMyjD-c.002.mp4,1.0,0.0732757537134853,0.0502564103714524,0.0018284808729675,0.0294392817785311,-0.1036533294683941,0.0719855461741912,0.0637539171251679,0.0354604255482693,0.0047240075392949,0.0046582800697898,0.0275822260343063,0.0224187639446155,77.0,15.3153,0.5981308411214953,chalearn_annotation_mirror
validation,train,KppCIwj0hC4.000,KppCIwj0hC4.000.mp4,train/KppCIwj0hC4.000.mp4,1.0,0.0015883121356945,0.044475218635109,-0.01220855258094,0.0132664724385649,0.0385106033582493,0.0474783909338084,0.0655735945504895,0.0355995338156624,0.0035716530778414,0.0066448042359995,0.0513253407202488,0.0499942606426354,77.0,15.3153,0.4579439252336448,chalearn_annotation_mirror
validation,train,Kv0kZgqZEM0.003,Kv0kZgqZEM0.003.mp4,train/Kv0kZgqZEM0.003.mp4,1.0,-0.0135929344823311,0.0307996953996733,0.0200379263114666,0.0202803696098531,0.0611168764190837,0.0918658990885179,0.0697275623761033,0.0398304074727442,0.0024544663411342,0.0024183222844325,0.0108955642392887,0.0104249557695877,77.0,15.315315315315315,0.4299065420560747,chalearn_annotation_mirror
validation,train,L7HDCG2PsII.001,L7HDCG2PsII.001.mp4,train/L7HDCG2PsII.001.mp4,1.0,0.0907388100026482,0.0437006923180492,0.0243663870461171,0.0164296206697291,0.1062929224164306,0.251793369088707,0.0890063749907164,0.0339238233324541,0.0055697505983078,0.0047878846070751,0.0299012035844975,0.0360047232038513,77.0,15.3153,0.4579439252336448,chalearn_annotation_mirror
validation,train,LBKbubsgpE8.001,LBKbubsgpE8.001.mp4,train/LBKbubsgpE8.001.mp4,1.0,0.0519844277411429,0.0547595311820015,0.0228958667868232,0.0326839285281667,0.1573412241994625,0.1504331955759563,0.0774115992128761,0.0454155787782868,0.004543549031519,0.0054213446648749,0.0659141441694724,0.0850387103007555,77.0,15.3,0.5981308411214953,chalearn_annotation_mirror
validation,train,LGdzP-r_G3U.001,LGdzP-r_G3U.001.mp4,train/LGdzP-r_G3U.001.mp4,1.0,0.0106472226867369,0.0595369801168427,0.0921018360792853,0.0186007457981919,-0.0352606113128579,0.1918366997835476,0.0517641225141581,0.0317979518960853,0.0045413645020996,0.0034404709009309,0.049068806276985,0.07297902254524,77.0,15.3153,0.7102803738317757,chalearn_annotation_mirror
validation,train,LWylAwr9kJI.002,LWylAwr9kJI.002.mp4,train/LWylAwr9kJI.002.mp4,1.0,-0.0092364737809865,0.0218552973190737,0.072030598482269,0.0203873945842239,-0.0607853236449673,0.0708467075457062,0.0621522510338378,0.0368580180257679,0.0022444554517455,0.0018484727606194,0.0051631408651649,0.0044374452006794,77.0,15.32,0.4205607476635514,chalearn_annotation_mirror
validation,train,LXmwDq89LdA.005,LXmwDq89LdA.005.mp4,train/LXmwDq89LdA.005.mp4,1.0,-0.0148540121837946,0.0447855464849069,0.0020245440797328,0.029834926439578,-0.0826715350769036,0.0817523499435372,0.0648679386728596,0.0346674697481774,0.0032020511117118,0.0030358191994904,0.0696604275291292,0.0580110333459444,74.0,15.306958333333332,0.5607476635514018,chalearn_annotation_mirror
validation,train,LmA23EIaXqg.001,LmA23EIaXqg.001.mp4,train/LmA23EIaXqg.001.mp4,1.0,-0.0576566174478364,0.0199755073626631,-0.0100089097742651,0.0170023808551435,0.0010008881899229,0.075964979429852,0.0392782852369565,0.030670442826369,0.0026995220209593,0.0025902450908998,0.0415518672724073,0.0801395500027585,77.0,15.3153,0.1401869158878504,chalearn_annotation_mirror
validation,train,LmA23EIaXqg.005,LmA23EIaXqg.005.mp4,train/LmA23EIaXqg.005.mp4,1.0,-0.0387207453981269,0.029552483830523,0.0206582233335858,0.0180354121069511,-0.0077931736788599,0.0644314945386525,0.041429797008071,0.0264379166832635,0.0048499143631556,0.0042012971119533,0.0834433655379755,0.1181061494132018,77.0,15.3153,0.2429906542056074,chalearn_annotation_mirror
validation,train,Lz3suTodXQM.005,Lz3suTodXQM.005.mp4,train/Lz3suTodXQM.005.mp4,1.0,-0.0174075213289238,0.0405185742447548,-0.0006268577817627,0.0126994945788004,-0.0876754248573024,0.0708031341353869,0.0519135687087232,0.0197165326655648,0.0029154959883119,0.0023177955840773,0.0294338643761457,0.0306327069445511,77.0,15.3,0.4859813084112149,chalearn_annotation_mirror
validation,train,M0O87_LiyMw.004,M0O87_LiyMw.004.mp4,train/M0O87_LiyMw.004.mp4,0.987012987012987,-0.055134655281113,0.1124842068492986,0.0314267532744692,0.036630546979563,0.0937294978679829,0.2333869985135079,0.056518841887082,0.040808420312282,0.0102799496821803,0.014681469117887,0.1102076421783278,0.1547454775919055,77.0,15.3153,0.4485981308411215,chalearn_annotation_mirror
validation,train,M0U48Lm33A8.003,M0U48Lm33A8.003.mp4,train/M0U48Lm33A8.003.mp4,0.986842105263158,0.0806429453227795,0.1444429348463371,0.050046334430571,0.0354000988228357,0.0318291047673994,0.1328553797527912,0.0281808498120684,0.0257967220508865,0.0114948099574145,0.012576278000616,0.1797138766686467,0.1574210978332168,76.0,15.335046290631755,0.644859813084112,chalearn_annotation_mirror
validation,train,MBgwyWKYWVM.002,MBgwyWKYWVM.002.mp4,train/MBgwyWKYWVM.002.mp4,0.9864864864864864,-0.0118837983300777,0.0426845983952307,0.052570170157695,0.0495681044861437,-0.2069190929561679,0.111553230544818,0.0537721031252974,0.0522856413127568,0.0063310281444095,0.0075634334408622,0.032863671491041,0.0772170240268156,74.0,15.33575696794952,0.1962616822429906,chalearn_annotation_mirror
validation,validation,MLCIfM5jYlI.005,MLCIfM5jYlI.005.mp4,validation/MLCIfM5jYlI.005.mp4,1.0,0.0023839135349723,0.0326141074799394,0.0430655096079182,0.0124749475487701,0.1621088918881804,0.073570274737311,0.0558226672913095,0.0297895281776155,0.0039067821716093,0.0034570377002702,0.0296233948672149,0.0430820490408949,77.0,15.315315315315315,0.5700934579439252,chalearn_annotation_mirror
validation,train,MOXPVzRBDPo.004,MOXPVzRBDPo.004.mp4,train/MOXPVzRBDPo.004.mp4,1.0,0.0597441413536705,0.0677297978027827,0.0296376107895559,0.0342807231676264,-0.332650949514128,0.1539021456589012,0.0567553325353094,0.0367037028728373,0.0054975354596402,0.0064750533998523,0.0605435811665768,0.0639360270573156,77.0,15.315315315315315,0.6915887850467289,chalearn_annotation_mirror
validation,validation,MZkDsB04kt8.005,MZkDsB04kt8.005.mp4,validation/MZkDsB04kt8.005.mp4,1.0,0.0347494492773357,0.0677077645378534,0.1383887004958763,0.051567224009531,-0.2190776164573905,0.2118478930255662,0.0416552695175567,0.0254764571231085,0.0074014076377205,0.0089780500985234,0.0430285849625026,0.0532265314342085,77.0,15.32,0.5700934579439252,chalearn_annotation_mirror
validation,train,M_OpMKBEOyU.004,M_OpMKBEOyU.004.mp4,train/M_OpMKBEOyU.004.mp4,1.0,0.0530327626513094,0.064658643035068,0.0455875365581199,0.0407054289244059,0.0007685161196922,0.1755728503599687,0.0268862052134822,0.022790677528129,0.0050530862760682,0.0054027317666659,0.0472903830867239,0.0654576865452247,77.0,15.3,0.1214953271028037,chalearn_annotation_mirror
validation,train,NVvKBE5FTMk.005,NVvKBE5FTMk.005.mp4,train/NVvKBE5FTMk.005.mp4,1.0,0.0579636663541759,0.0917795816740344,0.0436344949275649,0.0218306825141572,0.1305201565325975,0.1525269735122105,0.0340745398345391,0.0224539993341786,0.0033891462102798,0.0032556225431933,0.0358391978587374,0.0961225274262671,74.0,15.306958333333332,0.5794392523364486,chalearn_annotation_mirror
validation,train,NhyVkwcZbTA.005,NhyVkwcZbTA.005.mp4,train/NhyVkwcZbTA.005.mp4,1.0,0.0066589315706487,0.107253952119978,0.0932410680044578,0.0405673117680734,0.0910857582144888,0.1768091594107416,0.0570945574811591,0.035284459832713,0.0053124033665131,0.0055985442484038,0.0562506212402299,0.0841403945327032,77.0,15.3153,0.7009345794392522,chalearn_annotation_mirror
validation,train,Nv0-x4K9YFI.005,Nv0-x4K9YFI.005.mp4,train/Nv0-x4K9YFI.005.mp4,0.974025974025974,-0.1570726305793492,0.1460514912162694,0.0395364747966935,0.0337856266129247,0.2357761555701232,0.1230443206674034,0.0402311122319843,0.0333918515756144,0.0060313909991809,0.0061102717664596,0.0889411165478831,0.138917770229051,77.0,15.3,0.1588785046728971,chalearn_annotation_mirror
validation,validation,O2wMPdp2-Is.003,O2wMPdp2-Is.003.mp4,validation/O2wMPdp2-Is.003.mp4,1.0,-0.0055478639985281,0.0948353641555675,0.0918976862117708,0.0379309117860878,0.0805168447832863,0.1081666282640472,0.0473505587137283,0.0359554382560479,0.0113761492084426,0.0143063509599975,0.0608007484102089,0.1071132793513684,77.0,15.330940320037572,0.7102803738317757,chalearn_annotation_mirror
validation,train,OD3cfWeJaOY.003,OD3cfWeJaOY.003.mp4,train/OD3cfWeJaOY.003.mp4,1.0,-0.0212135037013643,0.0607297056108121,0.0879959250010265,0.0228710486114537,0.1619762423701167,0.0962213526594675,0.0433790923023551,0.032429515740114,0.0014234663971272,0.0017554341174126,0.0037464236804611,0.0038193807437373,77.0,15.3153,0.6635514018691588,chalearn_annotation_mirror
validation,train,OMHlfDF99Mw.004,OMHlfDF99Mw.004.mp4,train/OMHlfDF99Mw.004.mp4,1.0,-0.0969962885751356,0.0881810442002802,0.0681594246408997,0.0358313293679799,-0.0689987903807596,0.0881732002236577,0.0589142681799516,0.0395888458752728,0.0047426113239277,0.0054699301677006,0.0544485112520803,0.0833440555368698,74.0,15.323424743562905,0.4485981308411215,chalearn_annotation_mirror
validation,train,P9WDAY-MFzk.000,P9WDAY-MFzk.000.mp4,train/P9WDAY-MFzk.000.mp4,1.0,0.0151655857509831,0.0551128519102186,0.0307678426841831,0.0150605484870713,-0.0983257018037827,0.0786105623458035,0.0356028252808379,0.0270461972224945,0.0043602512224323,0.0045462214846093,0.0586318910849111,0.0733820529856212,77.0,15.3153,0.5794392523364486,chalearn_annotation_mirror
validation,validation,PHmkN1cPl10.001,PHmkN1cPl10.001.mp4,validation/PHmkN1cPl10.001.mp4,1.0,0.0059875688007438,0.0281194604740625,0.0671547000539821,0.0181908793107864,-0.1525282405822619,0.0309680351159608,0.0318349243386025,0.0270896759782833,0.0011449255190059,0.0009196651511552,0.004985105898675,0.004201359972895,74.0,15.306958333333332,0.5607476635514018,chalearn_annotation_mirror
validation,train,PKYh4sungwI.003,PKYh4sungwI.003.mp4,train/PKYh4sungwI.003.mp4,0.972972972972973,-0.0488822867732768,0.0680718213667902,0.0238982304165484,0.0324889518784048,0.0856927923944938,0.1185903680366782,0.066050283741662,0.0339304009589311,0.0112177902164314,0.0321249325659024,0.0357623216730582,0.0766182503703962,74.0,15.306958333333332,0.5794392523364486,chalearn_annotation_mirror
validation,validation,PRplbrM70sg.000,PRplbrM70sg.000.mp4,validation/PRplbrM70sg.000.mp4,1.0,0.0683083346933419,0.0673549369240474,0.0195718032703948,0.0297969008650927,0.0181660687129653,0.1325972876163046,0.0470582288148513,0.0420667852574901,0.0060353262922533,0.0067153510066295,0.0545512771461948,0.0564445802889971,77.0,15.3,0.6635514018691588,chalearn_annotation_mirror
validation,train,PsqpkFKX8co.001,PsqpkFKX8co.001.mp4,train/PsqpkFKX8co.001.mp4,0.987012987012987,0.0192781241245047,0.0714586516773001,0.016333940976413,0.0212069142187289,-0.0658106490271313,0.0672952016878184,0.0486470652322926,0.0442606611916549,0.0111928530190443,0.040468537431657,0.0421331780050857,0.0773888428187253,77.0,15.3,0.6728971962616823,chalearn_annotation_mirror
validation,validation,QdafN9Y_j-Y.000,QdafN9Y_j-Y.000.mp4,validation/QdafN9Y_j-Y.000.mp4,1.0,0.0387795732698946,0.0335862877165023,-0.0249853925303871,0.0151122771408654,-0.1461375131966078,0.1563506819312645,0.0588220985531469,0.0370539144611731,0.0024536516259731,0.0021174132418964,0.0876666287123231,0.0786366442732877,77.0,15.3153,0.5420560747663551,chalearn_annotation_mirror
validation,validation,QfU5JsVMjfI.002,QfU5JsVMjfI.002.mp4,validation/QfU5JsVMjfI.002.mp4,1.0,0.1476403848064016,0.2056032033156017,0.0731415939618649,0.0230143125434591,0.0423703930510441,0.2098587582688662,0.0318433166576809,0.0278951356140238,0.0017024212909449,0.0019146305661394,0.0100421600971668,0.0188544629962172,77.0,15.3153,0.4205607476635514,chalearn_annotation_mirror
validation,train,QlBgvZjbX30.000,QlBgvZjbX30.000.mp4,train/QlBgvZjbX30.000.mp4,0.935064935064935,0.1017702387471446,0.0820156020096452,0.0885485333830152,0.023898648649929,-0.2060913377237774,0.1930187962274412,0.0469032638312906,0.0335295919271146,0.0052030976631267,0.0044384436133525,0.0376884899650719,0.0426659314029928,77.0,15.315315315315315,0.6915887850467289,chalearn_annotation_mirror
validation,train,R-qB2FX7ZbE.001,R-qB2FX7ZbE.001.mp4,train/R-qB2FX7ZbE.001.mp4,1.0,-0.0456188229517,0.0538702062706991,0.0792724561722334,0.0737208561185771,0.0097467314767173,0.1219228506774773,0.0279327075185422,0.0216885697084236,0.0066018261424788,0.0075280181523897,0.023670562907961,0.0457073144409434,77.0,15.3,0.4018691588785046,chalearn_annotation_mirror
validation,train,R-vly7LKotQ.003,R-vly7LKotQ.003.mp4,train/R-vly7LKotQ.003.mp4,1.0,0.0405702265407306,0.0329482194592015,0.0349958177762418,0.0130018688515977,0.0466322197367292,0.0585877657004749,0.0332743299154489,0.0224946559050155,0.0010910477185647,0.0011925576466371,0.0689077832388858,0.0838604075997928,77.0,15.3,0.3177570093457943,chalearn_annotation_mirror
validation,validation,R42dmIPCXwo.005,R42dmIPCXwo.005.mp4,validation/R42dmIPCXwo.005.mp4,1.0,0.3059673533582263,0.3213003448466509,0.0667358968535529,0.0546684858052333,0.0242934546103098,0.2086235531524623,0.0650578773323933,0.0312299627767782,0.0118802274340381,0.0107400527168381,0.0824580196128855,0.1347687777324798,77.0,15.3153,0.3457943925233644,chalearn_annotation_mirror
validation,train,RTJK4Duuxsc.003,RTJK4Duuxsc.003.mp4,train/RTJK4Duuxsc.003.mp4,1.0,-0.0170711153682055,0.0542970584854852,0.064487276445924,0.0474438371699083,0.064611424079243,0.1220245356690874,0.05539339703731,0.030996594051788,0.0036942440069058,0.0034517560472921,0.0125311814430384,0.0117847541064959,77.0,15.3153,0.616822429906542,chalearn_annotation_mirror
validation,train,RZgTERiRDjA.001,RZgTERiRDjA.001.mp4,train/RZgTERiRDjA.001.mp4,1.0,0.0152756201779706,0.0594904178225561,0.0410119030181731,0.0230762787736813,-0.0560202425549069,0.2083760090838961,0.0523543930731208,0.0295304429146702,0.0021986267112764,0.0023374802251017,0.0106665224098885,0.0116048396674172,77.0,15.3153,0.7757009345794392,chalearn_annotation_mirror
validation,train,RrvG7JlKoXM.004,RrvG7JlKoXM.004.mp4,train/RrvG7JlKoXM.004.mp4,1.0,0.0059274916977521,0.0273582739837244,0.0423631109695442,0.0181706126965202,-0.1817595554464912,0.0565148421997302,0.0420746786123257,0.0255716470496231,0.0013646417277205,0.0011645673654414,0.0050977007630356,0.0036965527331889,77.0,15.3153,0.4299065420560747,chalearn_annotation_mirror
validation,train,RsjDkkvJirs.005,RsjDkkvJirs.005.mp4,train/RsjDkkvJirs.005.mp4,1.0,0.0071656105007858,0.0342971772086279,0.0621698319072712,0.0184077499899008,0.0270744045882818,0.1214129460393449,0.0259579450358118,0.0195192700387737,0.0035308215943172,0.0060224716539654,0.0566077535513684,0.0793488626013693,77.0,15.3153,0.4766355140186915,chalearn_annotation_mirror
validation,validation,Rwsss8y1bf0.001,Rwsss8y1bf0.001.mp4,validation/Rwsss8y1bf0.001.mp4,1.0,-0.024942220356951,0.0548879348619045,0.0976661342334072,0.0393939951030556,0.1547871033717709,0.1445260641046981,0.0562089594465512,0.0355574064092424,0.0037071411099805,0.0038614810740334,0.0240865248401971,0.0681613102359436,77.0,15.3153,0.3644859813084112,chalearn_annotation_mirror
validation,validation,Rwsss8y1bf0.003,Rwsss8y1bf0.003.mp4,validation/Rwsss8y1bf0.003.mp4,1.0,-0.026616875241349,0.0422929619469918,0.0736724274977598,0.0188657429452122,-0.0464977998146713,0.0922283250767013,0.0588758702787839,0.0350079832089026,0.003935581579662,0.003598070510174,0.0334017173976366,0.0640973771539447,77.0,15.3153,0.2990654205607476,chalearn_annotation_mirror
validation,train,SBEad3L1Hdc.001,SBEad3L1Hdc.001.mp4,train/SBEad3L1Hdc.001.mp4,0.8918918918918919,0.0047444437186904,0.1068300181657894,0.1689428699758405,0.031286091691317,0.0716841395997825,0.0471957865898017,0.018403614238247,0.0153272980391788,0.0339715747231397,0.0290245228290642,0.1143310763911253,0.0956609559001598,74.0,15.291666666666666,0.2990654205607476,chalearn_annotation_mirror
validation,train,SG2QAh_50ek.001,SG2QAh_50ek.001.mp4,train/SG2QAh_50ek.001.mp4,1.0,-0.102368096189116,0.0887589562486286,0.090175527124874,0.0211591909238233,-0.0808993518816472,0.0764881987416074,0.0302811404362313,0.0193435992430714,0.0047664267799291,0.0044006927659031,0.0455638098865092,0.084395818222178,74.0,15.306958333333332,0.6728971962616823,chalearn_annotation_mirror
validation,train,SR1Q5M2urxY.003,SR1Q5M2urxY.003.mp4,train/SR1Q5M2urxY.003.mp4,1.0,-0.1627947810287229,0.0641855357988773,0.0564908284804234,0.0216635210091229,-0.0875619125287997,0.1802716944525086,0.055666223454414,0.0450482850309724,0.0064538626738867,0.0065242629247542,0.0488441837539205,0.070274163882565,77.0,15.3,0.4299065420560747,chalearn_annotation_mirror
validation,train,SbtIS7XwkLU.001,SbtIS7XwkLU.001.mp4,train/SbtIS7XwkLU.001.mp4,1.0,-0.2501323179175115,0.1389616765287777,0.0301111325174312,0.0210173144108837,0.188761767016341,0.1927655807957652,0.0218233315078012,0.0226827511605863,0.0058866282908375,0.0066974606067308,0.0946997977476444,0.1062903208819921,77.0,15.309192200557105,0.5607476635514018,chalearn_annotation_mirror
validation,validation,TD2jIXMD-SM.004,TD2jIXMD-SM.004.mp4,validation/TD2jIXMD-SM.004.mp4,1.0,-0.0858359671357524,0.0502218452586426,0.0056050931125483,0.0228813234214516,-0.1497141674064772,0.1680466681341327,0.0426343486475145,0.0295151883064445,0.0025967180425061,0.002226121775867,0.035120944987669,0.0393097577769475,77.0,15.3,0.439252336448598,chalearn_annotation_mirror
validation,train,TNtcyfM9jak.001,TNtcyfM9jak.001.mp4,train/TNtcyfM9jak.001.mp4,0.948051948051948,-0.158625297544714,0.1842980576883485,0.023173082967632,0.0350002945545901,-0.0307850524509706,0.1420490839444545,0.0507342646107737,0.0384360300878545,0.0119200586228594,0.0069924738497426,0.0811276754984194,0.0714908414399076,77.0,15.3153,0.3738317757009345,chalearn_annotation_mirror
validation,validation,TPRQyuiNYmI.003,TPRQyuiNYmI.003.mp4,validation/TPRQyuiNYmI.003.mp4,1.0,0.0454301837197365,0.021514013471387,0.0506848003718481,0.0152673913280815,0.0020105089174147,0.0685944753146533,0.0421204415490365,0.0276707049168501,0.0030573501921061,0.0040575516423214,0.0173994804987995,0.0454975772546427,77.0,15.3,0.6261682242990654,chalearn_annotation_mirror
validation,validation,TSGpD2NBeCQ.003,TSGpD2NBeCQ.003.mp4,validation/TSGpD2NBeCQ.003.mp4,1.0,0.0265207992342893,0.0375559831652783,0.0027811806874783,0.0096268330551108,-0.0867445470590388,0.0503655488838715,0.013884388134288,0.0142609823462961,0.0021231619018242,0.0020803492434806,0.1029973597082728,0.1113914878552881,77.0,15.3153,0.4299065420560747,chalearn_annotation_mirror
validation,train,TUaOp5eIU2c.001,TUaOp5eIU2c.001.mp4,train/TUaOp5eIU2c.001.mp4,1.0,0.0267117076348342,0.0560844538653593,-0.00170647491657,0.0246229684186881,0.0379348631587402,0.1111789429875339,0.0391397233160589,0.0331282122782603,0.0014862349110383,0.0015649192227899,0.0528452023863075,0.0792025953780494,77.0,15.3153,0.6915887850467289,chalearn_annotation_mirror
validation,validation,U-XrzfFzMkg.000,U-XrzfFzMkg.000.mp4,validation/U-XrzfFzMkg.000.mp4,1.0,0.0953514123133209,0.0580547454761236,0.0283263953325431,0.0291871471869277,-0.194547168448315,0.1839505551577827,0.0282327323293608,0.0210445616655665,0.00164689287727,0.0019061989312352,0.0184492490617222,0.0151327968470428,77.0,15.3,0.6261682242990654,chalearn_annotation_mirror
validation,train,UGn9Q8Fe9jw.001,UGn9Q8Fe9jw.001.mp4,train/UGn9Q8Fe9jw.001.mp4,1.0,-0.088436036914778,0.0723878141308537,0.0276449170412186,0.018796542921982,-0.0342865118554684,0.0630965812543332,0.0565967777725819,0.0400898795659366,0.0071932871341035,0.0062246433815771,0.0760769822192136,0.0699031867566122,77.0,15.3153,0.5420560747663551,chalearn_annotation_mirror
validation,validation,Ui1ajQU5Ib8.002,Ui1ajQU5Ib8.002.mp4,validation/Ui1ajQU5Ib8.002.mp4,1.0,0.027595563851532,0.0256928756878486,0.0662685271279718,0.018458314349039,-0.0232330655065832,0.0490540974192218,0.046511009117559,0.0277037584306107,0.0054744794046124,0.0046778094896084,0.035206520593616,0.0396785235012901,77.0,15.3153,0.4485981308411215,chalearn_annotation_mirror
validation,train,UsmwjNu3kgQ.001,UsmwjNu3kgQ.001.mp4,train/UsmwjNu3kgQ.001.mp4,1.0,-0.0288230175214148,0.044227154881127,0.0837936796126556,0.0091249912348062,-0.0487822281525746,0.0276923367970028,0.0139729708500436,0.0141469885422668,0.0042563742636907,0.0055402752562572,0.0672092621291962,0.0775025202452625,77.0,15.3,0.4766355140186915,chalearn_annotation_mirror
validation,train,V8JaJ2IVG9E.004,V8JaJ2IVG9E.004.mp4,train/V8JaJ2IVG9E.004.mp4,1.0,-0.0327847553895508,0.0776206074636306,0.0711160680578053,0.0393140192067792,0.1489500299112675,0.1924832307572571,0.0503144048658046,0.0374113019446954,0.0050172933533497,0.0050411485409832,0.0427265165604601,0.0623313573699543,77.0,15.3153,0.644859813084112,chalearn_annotation_mirror
validation,train,V9aMA9YLa2k.001,V9aMA9YLa2k.001.mp4,train/V9aMA9YLa2k.001.mp4,1.0,-0.0053433570229676,0.0269122614096788,0.0643456829189552,0.0184017614635966,-0.020002253131243,0.1407218310535168,0.052751759011025,0.0369471889423727,0.0038884641339235,0.002535670574636,0.0070742020825674,0.0061503705334594,77.0,15.3,0.5046728971962616,chalearn_annotation_mirror
validation,validation,VJuVsi6G96s.005,VJuVsi6G96s.005.mp4,validation/VJuVsi6G96s.005.mp4,1.0,0.0500156084939517,0.0729466352837905,0.0286253989593457,0.0166070663436009,0.0843671931509775,0.0684549331879205,0.0309729441676535,0.0211162029540448,0.0018862041840633,0.0017623400538142,0.0053770825737425,0.0054633536062435,74.0,15.306958333333332,0.5327102803738317,chalearn_annotation_mirror
validation,train,VUgKH9DIs-8.003,VUgKH9DIs-8.003.mp4,train/VUgKH9DIs-8.003.mp4,1.0,-0.0042143858179865,0.0098688147762324,-0.0380912700058359,0.0103655964638146,-0.0293165471613566,0.0286908393093297,0.0245577632600499,0.0253696494400579,0.0018804229517021,0.0013885353796807,0.0156787306377747,0.013571963186942,77.0,15.328613411701845,0.1775700934579439,chalearn_annotation_mirror
validation,validation,VZ6jhnbk-5g.000,VZ6jhnbk-5g.000.mp4,validation/VZ6jhnbk-5g.000.mp4,1.0,-0.0641245306435821,0.0260844436932524,0.0420508485728733,0.0287163045099104,0.2267841942089101,0.0564750461890716,0.0683120944906946,0.0374757408403972,0.0039315824086057,0.0031966322303147,0.0143218767019858,0.0108693900177424,77.0,15.3,0.850467289719626,chalearn_annotation_mirror
validation,validation,VugKq4gOi50.001,VugKq4gOi50.001.mp4,validation/VugKq4gOi50.001.mp4,1.0,0.0199426110227577,0.1278614924221671,0.0548669148757478,0.0453825685328667,0.0309642573356196,0.1643779490566028,0.0490492061794678,0.0292405245340928,0.0027895509831161,0.0033080994469426,0.0147743627039883,0.026832800963205,77.0,15.3,0.6542056074766355,chalearn_annotation_mirror
validation,train,VxtZDXM0cuQ.001,VxtZDXM0cuQ.001.mp4,train/VxtZDXM0cuQ.001.mp4,1.0,-0.0754896660937287,0.1801309836188716,0.1003187379289809,0.0265623972199722,0.2563211886833848,0.159963252562309,0.0401669900177139,0.0311853929267048,0.0040799589227649,0.0049874536774743,0.0266271832169691,0.0764551923679618,85.0,15.332812218146834,0.616822429906542,chalearn_annotation_mirror
validation,train,W2AB3UUyvwI.003,W2AB3UUyvwI.003.mp4,train/W2AB3UUyvwI.003.mp4,1.0,0.0042024283081252,0.0401881727958074,0.130620632503625,0.0194563710228724,0.0098238483486696,0.0600541322516308,0.0337233374969786,0.0262702858161822,0.0034220358710833,0.0027588892668294,0.0395100879869802,0.0417539649705487,77.0,15.3,0.5514018691588785,chalearn_annotation_mirror
validation,train,W2asVll3OSU.001,W2asVll3OSU.001.mp4,train/W2asVll3OSU.001.mp4,1.0,-0.1726632191857119,0.0342538393607839,0.1223822031834523,0.0161893293149511,-0.0400057762338344,0.0952163969195729,0.0396930505469592,0.0271876558370203,0.0100672826936879,0.0090966274920823,0.0795710493156347,0.1318953915048985,77.0,15.3153,0.5700934579439252,chalearn_annotation_mirror
validation,train,W7BbL3NZvrU.001,W7BbL3NZvrU.001.mp4,train/W7BbL3NZvrU.001.mp4,1.0,0.0207771479435603,0.1057441689752373,0.0888387660641836,0.0253823430278733,0.0859821178361501,0.0640461263720882,0.0252501998705446,0.0243060581494832,0.0042883888356034,0.004018335168806,0.0859591585526337,0.132876173588713,77.0,15.3153,0.5233644859813084,chalearn_annotation_mirror
validation,train,WATt9OOVZh8.002,WATt9OOVZh8.002.mp4,train/WATt9OOVZh8.002.mp4,1.0,0.0751222238683049,0.1488730785565607,0.0262560216442514,0.0380179539480812,-0.2219888140049172,0.2009383349867134,0.0479375188316765,0.0299758869110697,0.006557889988292,0.0055281818369621,0.0396358115815616,0.0819842909409018,77.0,15.3,0.6635514018691588,chalearn_annotation_mirror
validation,train,WRz1F6DqmRQ.000,WRz1F6DqmRQ.000.mp4,train/WRz1F6DqmRQ.000.mp4,1.0,-0.0670518842260064,0.085388087263022,0.0228833783068389,0.0204328566034983,-0.1247507884146398,0.1033724293389724,0.0412072355826494,0.0253004090254571,0.0036236212675612,0.0035311385199983,0.0460803100525252,0.0528283387517614,77.0,15.3,0.1775700934579439,chalearn_annotation_mirror
validation,validation,WZnLayQeIZ0.003,WZnLayQeIZ0.003.mp4,validation/WZnLayQeIZ0.003.mp4,1.0,-0.0063165460559206,0.0361440974649499,0.0205726967728831,0.024004028437613,-0.1190116787107364,0.1010524866626085,0.083454383099155,0.0461820312958823,0.0028808870368952,0.0048111334892313,0.0348268142236953,0.0742597187416352,58.0,15.333333333333334,0.5514018691588785,chalearn_annotation_mirror
validation,train,XFpzukISe6s.005,XFpzukISe6s.005.mp4,train/XFpzukISe6s.005.mp4,1.0,0.0934186737195908,0.0530666038798328,0.1149980633583348,0.0382567978164736,-0.2516102697820058,0.1192580202120313,0.0243176841496587,0.022556819666576,0.0038204846525012,0.0045967970330605,0.0157506116759315,0.0209059264927746,77.0,15.3,0.4205607476635514,chalearn_annotation_mirror
validation,train,XPV4pavXh94.005,XPV4pavXh94.005.mp4,train/XPV4pavXh94.005.mp4,1.0,-0.0548839989552205,0.1114601789868804,0.0486931956544382,0.0278734542658669,0.097088292112755,0.1332970575815939,0.0669661132696739,0.0327028664306566,0.0043488045006221,0.0032730297654829,0.1163639696215395,0.1120153599290741,77.0,15.32,0.7289719626168224,chalearn_annotation_mirror
validation,train,XpY-cxkbYdo.002,XpY-cxkbYdo.002.mp4,train/XpY-cxkbYdo.002.mp4,1.0,0.0001497048996069,0.0388223330143477,0.0821088900881136,0.0569563255022368,-0.0171714487749799,0.0551468820354512,0.0511220949762577,0.033639237719991,0.0108884354079417,0.013573078593167,0.1183183628581331,0.1552072824762553,20.0,3.8705333333333334,0.3644859813084112,chalearn_annotation_mirror
validation,train,YJ5CINQ8v_E.000,YJ5CINQ8v_E.000.mp4,train/YJ5CINQ8v_E.000.mp4,1.0,0.032367867617,0.0381047585712413,0.0451648606603151,0.0180316221365526,0.1247640225228292,0.1216861394668059,0.0630268555841737,0.0306414646399956,0.0054058285706411,0.0049246461387185,0.1039827011865346,0.1401381571608698,77.0,15.3,0.6635514018691588,chalearn_annotation_mirror
validation,train,YiX6thczM1w.005,YiX6thczM1w.005.mp4,train/YiX6thczM1w.005.mp4,1.0,0.037384396603713,0.0572418016385481,0.0312545791409025,0.0177809836633221,0.0893335432925149,0.0903408240469792,0.0306040113971147,0.0239018376132521,0.003826389597352,0.0037852665698294,0.0412591392134748,0.0539468908777675,77.0,15.3153,0.6355140186915886,chalearn_annotation_mirror
validation,train,Yj36y7ELRZE.000,Yj36y7ELRZE.000.mp4,train/Yj36y7ELRZE.000.mp4,1.0,0.0225948253925283,0.0462764157579351,0.0659619675431398,0.0394405997495301,0.068504006451019,0.1541689991603668,0.0309569265888925,0.0265916500483306,0.0024810035793595,0.0032017536539964,0.0090312813625979,0.0121965082311786,77.0,15.3153,0.2710280373831775,chalearn_annotation_mirror
validation,train,Yj36y7ELRZE.004,Yj36y7ELRZE.004.mp4,train/Yj36y7ELRZE.004.mp4,1.0,0.0030902493838782,0.0668616663808193,0.0398124144250008,0.0180589608632058,0.0555390466879209,0.1322232552419788,0.0364723668915068,0.0325240316936781,0.0052668491435306,0.0054668708739134,0.067891403551593,0.138409299854519,77.0,15.3153,0.3738317757009345,chalearn_annotation_mirror
validation,train,YzcZY1mUZfc.001,YzcZY1mUZfc.001.mp4,train/YzcZY1mUZfc.001.mp4,1.0,0.0092221977364864,0.0705638602753375,0.0639340054918633,0.0449389091890225,0.0531131743549694,0.1482434885443708,0.0529116710783506,0.0368086011796896,0.0028692714063803,0.0027199319950642,0.0440725524753198,0.0641541059256647,77.0,15.3153,0.7663551401869158,chalearn_annotation_mirror
validation,validation,Z6Yb7xE4Jb4.001,Z6Yb7xE4Jb4.001.mp4,validation/Z6Yb7xE4Jb4.001.mp4,1.0,0.0233815514000759,0.089451466012626,0.0190870322512766,0.0179880722002573,-0.0612557634779064,0.1470407940330075,0.0342510665228225,0.0340794385435799,0.004660030938562,0.0042324916124784,0.0564045767797997,0.0733708854108092,74.0,15.306958333333332,0.4766355140186915,chalearn_annotation_mirror
validation,validation,ZGox7tevC6A.001,ZGox7tevC6A.001.mp4,validation/ZGox7tevC6A.001.mp4,1.0,0.0074444780931284,0.0751278010591083,0.0766648992855737,0.0408207392144771,-0.0181701053151134,0.0868965272748423,0.0468951931365353,0.0287694964428115,0.003087221736861,0.0034267920197548,0.0282479999254909,0.0428030454640313,77.0,15.3153,0.4205607476635514,chalearn_annotation_mirror
validation,train,ZIk7N-xHvF4.004,ZIk7N-xHvF4.004.mp4,train/ZIk7N-xHvF4.004.mp4,1.0,-0.0549034252996887,0.0601276893986852,0.0378996426452284,0.016002552441832,0.0327255897835754,0.0762042783505231,0.0364455686021324,0.0310281718515047,0.002129866620876,0.0018284064556648,0.0078482364193655,0.0058499097896747,77.0,15.32,0.2897196261682243,chalearn_annotation_mirror
validation,train,ZNJFmNiWC4I.000,ZNJFmNiWC4I.000.mp4,train/ZNJFmNiWC4I.000.mp4,1.0,0.0076220111495592,0.0679927968048694,0.0359617427484418,0.0234168835400018,0.0483782212433474,0.1083641730258036,0.0732526845606127,0.0445457806264175,0.0065225405106208,0.0064477877739488,0.0668678161860997,0.0818017246082425,74.0,15.306958333333332,0.7102803738317757,chalearn_annotation_mirror
validation,train,ZXeO5dRFrj0.001,ZXeO5dRFrj0.001.mp4,train/ZXeO5dRFrj0.001.mp4,1.0,-0.0539218551854129,0.0365313568318819,0.0357342027261808,0.0220399604132066,0.0327300540741807,0.1331648313351719,0.073480555491236,0.0389306980194949,0.0015644048824285,0.0018778237325811,0.0503530248835715,0.0615332557474032,77.0,15.3153,0.4299065420560747,chalearn_annotation_mirror
validation,train,Zi7QHI_5ipU.000,Zi7QHI_5ipU.000.mp4,train/Zi7QHI_5ipU.000.mp4,1.0,0.0244239615301573,0.058021687103556,0.073407745627168,0.0178865479420342,0.0625384969080561,0.0700645070285914,0.051981079311027,0.0311027780465348,0.0023856617865557,0.0028099675698597,0.0110807807423555,0.0220541917099138,77.0,15.3153,0.7102803738317757,chalearn_annotation_mirror
validation,validation,_65KGQpiabs.000,_65KGQpiabs.000.mp4,validation/_65KGQpiabs.000.mp4,1.0,0.0374600798080184,0.0185707051450951,0.0172754578423049,0.014492449368181,0.1843804903980582,0.0408626972380121,0.066443474982453,0.0272035718383291,0.0012218319254095,0.0009802502314382,0.0045278226669582,0.0040558522960676,77.0,15.3153,0.2990654205607476,chalearn_annotation_mirror
validation,train,_G3kw9HwCqY.000,_G3kw9HwCqY.000.mp4,train/_G3kw9HwCqY.000.mp4,1.0,-0.0292697301209483,0.0811980901269462,0.1117601388085395,0.0423593886194735,-0.0561441618171151,0.0763967984294026,0.0484359287083464,0.0341440100850973,0.0051742438848128,0.0073151576430783,0.0380777751395312,0.0694278074220362,77.0,15.3,0.5046728971962616,chalearn_annotation_mirror
validation,validation,_IS6GFmQYj4.005,_IS6GFmQYj4.005.mp4,validation/_IS6GFmQYj4.005.mp4,1.0,-0.0384521691659684,0.0452476099409693,0.040557377865673,0.0215980142489896,0.0157255266752126,0.0510625951764009,0.043986423658697,0.0281531030847916,0.0061432366741577,0.0071575707498787,0.0494724428640206,0.0823020441412913,77.0,15.3153,0.5700934579439252,chalearn_annotation_mirror
validation,validation,_RfHkyf68Zs.000,_RfHkyf68Zs.000.mp4,validation/_RfHkyf68Zs.000.mp4,1.0,-0.0283282746480382,0.0436831889515256,0.1233454052746969,0.0263456400597969,-0.0998717165873453,0.095143762114561,0.032392524003375,0.0225189677305549,0.0028102221333747,0.0044822203753464,0.0389614123112671,0.0407782277688866,77.0,15.3153,0.514018691588785,chalearn_annotation_mirror
validation,validation,_ZAqTHlu2ts.002,_ZAqTHlu2ts.002.mp4,validation/_ZAqTHlu2ts.002.mp4,1.0,-0.0612006093087832,0.0360282437505118,0.0430731797913304,0.0234183873348871,-0.1184557579263893,0.0452292745459191,0.0704436984143272,0.0386073443837054,0.0045865358276404,0.0057684980892812,0.0853354570724754,0.0773043201730643,77.0,15.32,0.2990654205607476,chalearn_annotation_mirror
validation,train,_mtiuHyOFXg.001,_mtiuHyOFXg.001.mp4,train/_mtiuHyOFXg.001.mp4,0.9864864864864864,-0.0607607461145512,0.0558723887647146,0.0558804872707812,0.0173629953059422,0.2842276993055189,0.053115426549847,0.0361305241500403,0.0269336567159056,0.001024642285723,0.0011432221550752,0.0110259699481112,0.0296075922727336,74.0,15.306958333333332,0.6635514018691588,chalearn_annotation_mirror
validation,train,alucqviYJFE.003,alucqviYJFE.003.mp4,train/alucqviYJFE.003.mp4,1.0,-0.0294869521813857,0.052302644724851,0.0352179252771212,0.0181320455295521,0.2192504525063397,0.1705570691668184,0.0380121261959618,0.0271229127105422,0.0058887320696602,0.0051812930092421,0.0844219423711843,0.125206429747259,77.0,15.3153,0.4766355140186915,chalearn_annotation_mirror
validation,train,b8GPFr11adA.001,b8GPFr11adA.001.mp4,train/b8GPFr11adA.001.mp4,1.0,0.0224616844846049,0.1277879576353253,0.103053478272651,0.0268784282685006,0.0497718159710108,0.2799003940396471,0.04610140596622,0.0327470285129281,0.0038900852898698,0.0045771635467324,0.0850651465286261,0.0879514515934703,77.0,15.3153,0.5514018691588785,chalearn_annotation_mirror
validation,train,bAxlTgobVHE.000,bAxlTgobVHE.000.mp4,train/bAxlTgobVHE.000.mp4,1.0,0.0397522749075538,0.0561027003245464,0.0338633206727128,0.0241407871234257,-0.0129223828012497,0.1650883603341257,0.0537823569167112,0.0346667999318033,0.0038411130992503,0.0040337655612253,0.0353323894246868,0.056577925290356,77.0,15.3153,0.514018691588785,chalearn_annotation_mirror
validation,train,bJktioZ5Yxk.003,bJktioZ5Yxk.003.mp4,train/bJktioZ5Yxk.003.mp4,1.0,-0.0144739961380174,0.0686902175276329,0.0452190161101483,0.0236787815056723,-0.0734812565083436,0.1658287409836653,0.0373828402745479,0.0280462181609515,0.0084220677057025,0.0086106139347099,0.1130481218846392,0.1710356687013541,77.0,15.3,0.8037383177570093,chalearn_annotation_mirror
validation,train,bnoPmV0_aIc.000,bnoPmV0_aIc.000.mp4,train/bnoPmV0_aIc.000.mp4,1.0,0.0486113640141565,0.0461699418834462,0.0579431138612174,0.0255169112462219,-0.1430838042565378,0.0997538810601984,0.0442588574474783,0.0343437883823229,0.0023875592818215,0.0026059013815637,0.0082437127535619,0.0082169057549389,77.0,15.315315315315315,0.5981308411214953,chalearn_annotation_mirror
validation,train,bnoPmV0_aIc.002,bnoPmV0_aIc.002.mp4,train/bnoPmV0_aIc.002.mp4,1.0,-0.0256348161713995,0.0734795015611833,0.0522161231953877,0.0178917017067973,-0.0954100370636516,0.2875441291550114,0.0541434937828253,0.0393334903020078,0.0043819047643174,0.0041893599405536,0.0113602181972675,0.0125540342524006,77.0,15.315315315315315,0.5607476635514018,chalearn_annotation_mirror
validation,train,c4XnKouozXU.000,c4XnKouozXU.000.mp4,train/c4XnKouozXU.000.mp4,1.0,-0.0301478473406453,0.0388754795259537,0.1164385482178073,0.0402155453146182,0.1092883797997595,0.1073262295430964,0.0464815355789218,0.0333128363441689,0.0092987239304066,0.007410133237223,0.0767955492038677,0.0769770851835818,77.0,15.3,0.4299065420560747,chalearn_annotation_mirror
validation,train,c5ZnKbaNCE8.005,c5ZnKbaNCE8.005.mp4,train/c5ZnKbaNCE8.005.mp4,1.0,0.1352279500190791,0.0717185226107695,0.0544923744482276,0.019218646660862,0.0748579729069806,0.0741377861688217,0.0404963873324596,0.0270347855393374,0.0049933712931719,0.0036845157951446,0.1687349505250102,0.1408713021478301,77.0,15.3,0.4766355140186915,chalearn_annotation_mirror
validation,train,cA43Gfcg0QA.001,cA43Gfcg0QA.001.mp4,train/cA43Gfcg0QA.001.mp4,1.0,-0.0124570192864895,0.1257698435780899,0.0642670761772653,0.0160661568752383,0.0747203593280431,0.1413794317174103,0.0412984757758011,0.025188886946218,0.003498489578311,0.0035291391767319,0.0157143127830912,0.022099514439603,91.0,15.337940333726614,0.233644859813084,chalearn_annotation_mirror
validation,train,cFGjJg-2zOk.001,cFGjJg-2zOk.001.mp4,train/cFGjJg-2zOk.001.mp4,1.0,-0.0644722994625894,0.0789330406988736,0.0922920244784886,0.0373958922795853,-0.126776481802799,0.1387512335152306,0.0506266133190188,0.0359664867313914,0.0045481767950169,0.0029950857254,0.0518157407641745,0.0809412195603621,77.0,15.3,0.5046728971962616,chalearn_annotation_mirror
validation,train,cP_dSXql7z8.003,cP_dSXql7z8.003.mp4,train/cP_dSXql7z8.003.mp4,1.0,-0.107461809162698,0.071350814704085,0.0462403038699398,0.0237342150439155,-0.0650990634248431,0.1640041075178124,0.0439520541777123,0.035304286657895,0.0011405667191868,0.0010467243325055,0.006507775152822,0.006284298206268,77.0,15.3,0.5327102803738317,chalearn_annotation_mirror
validation,train,cgp1OzTOq1o.002,cgp1OzTOq1o.002.mp4,train/cgp1OzTOq1o.002.mp4,1.0,0.1431516055548757,0.0631210231162285,0.0156357803347307,0.0286736245523682,0.0697749079420378,0.1917183033557961,0.039270382233847,0.038040165952903,0.0039889767772744,0.0042038792877003,0.0428422034524612,0.0554910244695937,77.0,15.3,0.5420560747663551,chalearn_annotation_mirror
validation,validation,cxJ0u6r0-pU.004,cxJ0u6r0-pU.004.mp4,validation/cxJ0u6r0-pU.004.mp4,1.0,0.0402742041214251,0.0359111405386952,-0.0015263324855261,0.0197090355853581,0.0629639685663961,0.163970175236983,0.0484385522139011,0.032671099488363,0.0029182345188138,0.0033195144058518,0.0105529767787699,0.0117482959196034,77.0,15.3,0.5607476635514018,chalearn_annotation_mirror
validation,train,dLltwqkvsNg.005,dLltwqkvsNg.005.mp4,train/dLltwqkvsNg.005.mp4,1.0,-0.092034912784594,0.2053655440288689,0.043716955846132,0.0239495648170062,-0.0477428990543787,0.1048779733160292,0.037003876920473,0.0276101076419839,0.0028837569404558,0.0030623170224084,0.0399104070594013,0.0818053259791286,77.0,15.3,0.5327102803738317,chalearn_annotation_mirror
validation,train,dVwDf5N2NRA.001,dVwDf5N2NRA.001.mp4,train/dVwDf5N2NRA.001.mp4,1.0,0.0860331358298031,0.0471027021161061,-0.024119698491893,0.0098934267107439,-0.3469964601418528,0.1257568712601683,0.0522485053751502,0.0306212392010846,0.0034887458199116,0.0030073434463363,0.0163190795870309,0.0472590287427145,77.0,15.3153,0.6728971962616823,chalearn_annotation_mirror
validation,train,dVwDf5N2NRA.003,dVwDf5N2NRA.003.mp4,train/dVwDf5N2NRA.003.mp4,1.0,-0.0491116309629585,0.057547964485794,-0.0285276203151305,0.0151700180329629,0.031343664967166,0.1650507709120362,0.0549738012314767,0.0304822215991454,0.0046142894966939,0.0046032429090999,0.0391358647620712,0.0871154247474761,77.0,15.3153,0.4672897196261681,chalearn_annotation_mirror
validation,train,datcFOBWYxc.001,datcFOBWYxc.001.mp4,train/datcFOBWYxc.001.mp4,1.0,-0.0891860592696769,0.0565452484235143,0.0174700236484821,0.017144326745137,-0.1441671048845144,0.1028935063606467,0.027761457929549,0.0228559567007783,0.0025065729626425,0.0020308403298419,0.0608802161674135,0.0763886694240293,77.0,15.3153,0.5046728971962616,chalearn_annotation_mirror
validation,validation,datcFOBWYxc.002,datcFOBWYxc.002.mp4,validation/datcFOBWYxc.002.mp4,1.0,-0.0664863158365285,0.1123286529290726,0.0426376042910151,0.0319288590371448,-0.1610058798118032,0.1745275381215096,0.0234072276428477,0.0225493696135686,0.0132850462473091,0.0155289932929303,0.0564085163146878,0.0651375470175485,77.0,15.3153,0.4579439252336448,chalearn_annotation_mirror
validation,train,djsoQkroHpo.000,djsoQkroHpo.000.mp4,train/djsoQkroHpo.000.mp4,1.0,0.0399193678266478,0.0689058968053893,0.0927784206904963,0.0509846134780805,0.0317722638441891,0.2771162272284124,0.0421019181154465,0.0348795710930074,0.0098764035354976,0.009661929358622,0.0560431941191013,0.0976170094022425,77.0,15.3,0.4485981308411215,chalearn_annotation_mirror
validation,train,dkhnv1EBvKI.002,dkhnv1EBvKI.002.mp4,train/dkhnv1EBvKI.002.mp4,1.0,-0.0114297654948289,0.0257662422712711,0.0249703617124487,0.0208183796613961,-0.033613757624864,0.0799481097550136,0.0473939317073908,0.0318877665444316,0.0037996187442168,0.0031654505541425,0.0491025734746427,0.0397356532133035,77.0,15.3153,0.6542056074766355,chalearn_annotation_mirror
validation,train,do8FmnQbI5I.000,do8FmnQbI5I.000.mp4,train/do8FmnQbI5I.000.mp4,1.0,0.0339172503221909,0.0611399008767104,0.0353436247522674,0.0172729762287235,-0.1418596840641806,0.1175329851995613,0.060334817976302,0.0348073735582331,0.0057848496223121,0.0045563604380151,0.0696751409156193,0.1051187487396693,77.0,15.3153,0.5794392523364486,chalearn_annotation_mirror
validation,train,dvMeqVbpKW8.001,dvMeqVbpKW8.001.mp4,train/dvMeqVbpKW8.001.mp4,1.0,0.1071001974382314,0.1160342851237996,0.0537632232926217,0.0189703610033968,-0.1444297946714376,0.1850397637464269,0.02632161262328,0.0192685940186109,0.0049867580890317,0.0056864673204625,0.0410965243108015,0.0483634052809885,77.0,15.3,0.7850467289719626,chalearn_annotation_mirror
validation,validation,fDw_PAgW07o.004,fDw_PAgW07o.004.mp4,validation/fDw_PAgW07o.004.mp4,1.0,0.0920400502886927,0.0342069817812751,-0.0337778980973441,0.0196884978424084,-0.1004918441454621,0.0891014391442572,0.0375244590689781,0.0404137270082042,0.0048514661932941,0.0042917334014913,0.075874170806529,0.0719384132100688,76.0,15.303370786516853,0.1214953271028037,chalearn_annotation_mirror
validation,train,fEC3lEDxRnc.005,fEC3lEDxRnc.005.mp4,train/fEC3lEDxRnc.005.mp4,1.0,-0.0028649473848318,0.0778495231112621,0.0249969380790752,0.0172939762926737,-0.0463476488946922,0.2487623996909511,0.0675275591810446,0.0228377501619386,0.0032944760226521,0.0034418488055209,0.1082145704399268,0.1136698154015613,77.0,15.3153,0.4299065420560747,chalearn_annotation_mirror
validation,train,fGAcEyZXFTo.005,fGAcEyZXFTo.005.mp4,train/fGAcEyZXFTo.005.mp4,1.0,-0.0054590123039048,0.0494380289679307,0.0304513437943025,0.0341789145470569,-0.1808067465291617,0.106268657286329,0.0515103946032148,0.0323011575483307,0.01238541202107,0.0158121255683591,0.1100793974251474,0.1102719752842393,77.0,15.3153,0.6074766355140186,chalearn_annotation_mirror
validation,train,fIiXuRlTPa0.000,fIiXuRlTPa0.000.mp4,train/fIiXuRlTPa0.000.mp4,1.0,0.0271329517783775,0.0208966374222403,0.0227538785475045,0.0180163512972577,-0.2809972863980646,0.0706324780211446,0.0395705354283066,0.0223219320466003,0.0013002129193054,0.0011048894776679,0.0040152342356578,0.006043518966671,77.0,15.3153,0.5794392523364486,chalearn_annotation_mirror
validation,validation,fSDA4eEyGHk.001,fSDA4eEyGHk.001.mp4,validation/fSDA4eEyGHk.001.mp4,1.0,0.1114661117518854,0.0913507820699192,0.0399005572816168,0.0213773927185973,-0.0901173142774255,0.1379076087123478,0.036291552129376,0.02402691557725,0.0035985357859462,0.00343600319182,0.0227118427440501,0.0308026324624361,77.0,15.3,0.5046728971962616,chalearn_annotation_mirror
validation,train,fSkQXqXR7D0.000,fSkQXqXR7D0.000.mp4,train/fSkQXqXR7D0.000.mp4,1.0,0.2222871415471892,0.0877377754952715,0.0150075240866642,0.0132434114480089,-0.2621248520388859,0.1428979902371068,0.0361303886490236,0.0235028587921509,0.002913543448493,0.0027555740245602,0.0267125155009147,0.0394691885129295,77.0,15.330149293610768,0.4299065420560747,chalearn_annotation_mirror
validation,train,fTpemcfElxI.003,fTpemcfElxI.003.mp4,train/fTpemcfElxI.003.mp4,1.0,-0.1033038492203366,0.0888645764554315,0.0145224423802401,0.0190540583352449,-0.1363243025254596,0.2385807779024168,0.0520335512518465,0.04338077796289,0.0004712815956006,0.000385896142944,0.0060202582313663,0.0071143849312524,74.0,15.32743067156699,0.5420560747663551,chalearn_annotation_mirror
validation,train,fUIWjaZCYwM.001,fUIWjaZCYwM.001.mp4,train/fUIWjaZCYwM.001.mp4,1.0,-0.0550169391501471,0.2075040628676112,0.0394712004620011,0.0531058242429498,-0.0684625289729884,0.0620557966236419,0.0282759045148074,0.0301036773708078,0.0260766870775333,0.0239532903356252,0.0589253873415675,0.0603426782672656,77.0,15.3153,0.2056074766355139,chalearn_annotation_mirror
validation,train,fk_ggmC872E.000,fk_ggmC872E.000.mp4,train/fk_ggmC872E.000.mp4,1.0,-0.0104618837452268,0.0966582755490172,0.0696988717701125,0.0302784430373204,0.0462659499485077,0.161201587837182,0.0373832825940071,0.0190098629691391,0.0026463536130766,0.0021308122990247,0.0106563104148763,0.0103731999885292,74.0,15.291666666666666,0.514018691588785,chalearn_annotation_mirror
validation,validation,fsaslN7xV-w.003,fsaslN7xV-w.003.mp4,validation/fsaslN7xV-w.003.mp4,0.987012987012987,0.0292125371089033,0.074842965250361,0.0563813108395381,0.0412734475500243,-0.0706693926708691,0.0819961480625797,0.0696283849493368,0.0382071815579636,0.0045738026493921,0.0045688874873622,0.115607282324442,0.1612010738230613,77.0,15.3,0.1869158878504672,chalearn_annotation_mirror
validation,train,gFEntQ_UKvk.002,gFEntQ_UKvk.002.mp4,train/gFEntQ_UKvk.002.mp4,1.0,-0.1076770094861823,0.0944326621037512,0.0575477049574661,0.0233329862744525,-0.0584185807427922,0.0779103576792161,0.0489826970424151,0.0322824253128144,0.003044803856615,0.0034785095356489,0.006850637174432,0.0062867779033746,77.0,15.3153,0.644859813084112,chalearn_annotation_mirror
validation,train,gOS-CneQsxI.003,gOS-CneQsxI.003.mp4,train/gOS-CneQsxI.003.mp4,0.987012987012987,0.0668357286725885,0.0526176354616279,0.0376295986580755,0.0204183548569228,-0.2599947091125094,0.1311443138644179,0.0498747748065261,0.037241802728873,0.0059193642738589,0.0072939322178124,0.0185970547175765,0.0292406008021525,77.0,15.3,0.5327102803738317,chalearn_annotation_mirror
validation,train,ga_XczsO4eY.005,ga_XczsO4eY.005.mp4,train/ga_XczsO4eY.005.mp4,1.0,0.019008205881727,0.1038954230633371,0.0412681720448838,0.033678413688433,-0.229761347161676,0.1537872238627261,0.0581905762496018,0.0313181744383179,0.0046718239921295,0.0057363729423825,0.0390589601448846,0.0398521128754151,77.0,15.3153,0.5514018691588785,chalearn_annotation_mirror
validation,train,geXpIfaFzF4.002,geXpIfaFzF4.002.mp4,train/geXpIfaFzF4.002.mp4,1.0,0.0878218147119753,0.0621942460911459,0.0358225839128329,0.0235205894852955,-0.0925693779945096,0.0516568783215635,0.0414874472488808,0.0259491875273799,0.0028868926161603,0.0031238326891588,0.0123094797652948,0.0114096795244696,77.0,15.3,0.5981308411214953,chalearn_annotation_mirror
validation,train,gggp205gPMI.003,gggp205gPMI.003.mp4,train/gggp205gPMI.003.mp4,1.0,-0.0864273593263745,0.0452247934763509,0.0589967559630978,0.0185030164968809,0.0945174088307587,0.0843780742759643,0.0508820850496809,0.0339693728861572,0.0047893562104661,0.0061315606536842,0.0777593137532927,0.1218434230389175,74.0,15.291666666666666,0.644859813084112,chalearn_annotation_mirror
validation,validation,gsleSGEZHAs.003,gsleSGEZHAs.003.mp4,validation/gsleSGEZHAs.003.mp4,1.0,-0.0251622246561692,0.0814165778997983,0.060748297236185,0.0272151980195565,-0.0510502088488784,0.1777353953766888,0.0356032251815475,0.0213672992104507,0.0037367052011476,0.0031350961875569,0.0497916907410711,0.0594622678560177,77.0,15.32,0.7009345794392522,chalearn_annotation_mirror
validation,train,hT83GkLYIFs.001,hT83GkLYIFs.001.mp4,train/hT83GkLYIFs.001.mp4,1.0,-0.0193547029736035,0.0313856655534518,0.0408543307745432,0.0176825044180607,0.0006640845090089,0.0716529941386475,0.0569315916178585,0.0333011140635297,0.0026544679339566,0.0025071849291522,0.0204162368200575,0.0201536197997355,77.0,15.3153,0.3925233644859813,chalearn_annotation_mirror
validation,train,hX2TVefa5bQ.002,hX2TVefa5bQ.002.mp4,train/hX2TVefa5bQ.002.mp4,1.0,0.0494439519679583,0.1065773493214306,0.0195614623423878,0.0511197987671783,-0.1200610654399098,0.1486849446147723,0.0723530937688584,0.0390510933481019,0.0091679288925565,0.0077150748135068,0.1046474906283801,0.1159300200156235,77.0,15.3153,0.5420560747663551,chalearn_annotation_mirror
validation,validation,hquzfo9MVDo.004,hquzfo9MVDo.004.mp4,validation/hquzfo9MVDo.004.mp4,1.0,0.0099955334919974,0.0804876791187703,0.0422547296814611,0.0187106690111449,0.1525827393801802,0.0699005259577639,0.0506878662526475,0.0301828798203695,0.0016347469393596,0.0015840393465489,0.0593573771202172,0.0615553347332196,77.0,15.3153,0.3551401869158878,chalearn_annotation_mirror
validation,validation,hrat_RJczFM.000,hrat_RJczFM.000.mp4,validation/hrat_RJczFM.000.mp4,1.0,0.0561971541381473,0.0409723808481367,0.0082938695795395,0.018949133545022,0.1116044673150026,0.0773694139658772,0.0572338118446795,0.0382785439713932,0.0013877381689299,0.002083139909858,0.0168810877221469,0.0372104362446594,77.0,15.3153,0.5327102803738317,chalearn_annotation_mirror
validation,train,huIQlWsIEvY.003,huIQlWsIEvY.003.mp4,train/huIQlWsIEvY.003.mp4,1.0,-0.0591699915277441,0.0695836873374033,0.0301760466466338,0.0230381519705758,0.0522215958571389,0.1355473475082086,0.0387813030526233,0.0283529167482872,0.0020072813643969,0.0027192260689474,0.0246707925198735,0.0621468260008928,82.0,15.331559020879409,0.4672897196261681,chalearn_annotation_mirror
validation,train,i1gouUmZumY.003,i1gouUmZumY.003.mp4,train/i1gouUmZumY.003.mp4,1.0,-0.0530170867517573,0.0922991238826081,0.0322824374608864,0.0299687008597081,0.016128147121809,0.0974416788354521,0.0458516186853242,0.0349549639149479,0.0075634346129559,0.0064009262328347,0.0940289098255428,0.1150168513309928,77.0,15.3153,0.6261682242990654,chalearn_annotation_mirror
validation,train,iGlLSkRAsJc.000,iGlLSkRAsJc.000.mp4,train/iGlLSkRAsJc.000.mp4,1.0,0.0274486076921616,0.0946592876175532,0.0486112150915645,0.0270997132585407,-0.0453771777655404,0.2125297108566485,0.058946622157762,0.0310444505879544,0.0029913270651896,0.0026638788910225,0.0535692352803325,0.0678478120364446,77.0,15.3153,0.5233644859813084,chalearn_annotation_mirror
validation,validation,iOB65zCiOFM.005,iOB65zCiOFM.005.mp4,validation/iOB65zCiOFM.005.mp4,1.0,0.0775106862349339,0.0705602577669173,0.081103424518939,0.020867020625341,0.0165014121145318,0.1815756392532619,0.0418031959611345,0.0229840417491061,0.0027313101979912,0.0025037901957849,0.0403753531198409,0.0450859319947438,77.0,15.3153,0.514018691588785,chalearn_annotation_mirror
validation,train,iXaqqRE76lI.003,iXaqqRE76lI.003.mp4,train/iXaqqRE76lI.003.mp4,1.0,-0.0003016314204367,0.1105040678949226,0.0431073150919481,0.0283474969880408,0.0080104197949972,0.2222906539780331,0.032649294995666,0.0261656416306348,0.0041014895240763,0.0050563693485926,0.0307322984435313,0.0594743383821901,77.0,15.3153,0.5700934579439252,chalearn_annotation_mirror
validation,train,iaCYb7um0Lw.000,iaCYb7um0Lw.000.mp4,train/iaCYb7um0Lw.000.mp4,0.974025974025974,0.0865595289148952,0.120489564013374,0.0261710875321325,0.0520935781595916,-0.0999299865840115,0.3034750693165231,0.0897357700373804,0.0557960770682545,0.0238709283859478,0.0229463548729396,0.1309794313331845,0.1479241973249021,77.0,15.3153,0.2429906542056074,chalearn_annotation_mirror
validation,train,ibawV2tqKug.001,ibawV2tqKug.001.mp4,train/ibawV2tqKug.001.mp4,1.0,0.1145125323679456,0.0603897563013471,0.0674342609226473,0.0175992267705872,0.1774624475655047,0.155634485897993,0.0587731012104576,0.0407950199256492,0.0049604698469749,0.0042317499428153,0.0141584590505932,0.0108838820400804,77.0,15.3153,0.4579439252336448,chalearn_annotation_mirror
validation,train,iiW_nu6JITY.005,iiW_nu6JITY.005.mp4,train/iiW_nu6JITY.005.mp4,1.0,0.1407168372585169,0.0312500075540239,0.0652752717603377,0.0307957503377782,-0.1222305224855364,0.1213219579731925,0.0815700564767768,0.0413582791381861,0.0024621498093556,0.0020857644514331,0.0601864142161247,0.1061936670409672,77.0,15.32,0.7102803738317757,chalearn_annotation_mirror
validation,validation,ikCqtEGQbrg.003,ikCqtEGQbrg.003.mp4,validation/ikCqtEGQbrg.003.mp4,1.0,-0.0153766288688154,0.0854486174567973,0.0969464200265459,0.0250295929541857,-0.0113404036905089,0.0920219135401472,0.0930083914502613,0.0385467343065794,0.0065347100102959,0.0060383677826343,0.0788720316640305,0.0660813401108435,77.0,15.3153,0.439252336448598,chalearn_annotation_mirror
validation,validation,ins5QQc2dR0.002,ins5QQc2dR0.002.mp4,validation/ins5QQc2dR0.002.mp4,1.0,0.0636320675605872,0.0435146528514359,0.0533001519219149,0.0294458769867087,0.0679745979910614,0.0855889496840431,0.0765860617251544,0.0549785874519703,0.0107429673749308,0.0107239258914647,0.1532960744783166,0.1874292949210733,77.0,15.3,0.2897196261682243,chalearn_annotation_mirror
validation,train,jolhoLhAurM.004,jolhoLhAurM.004.mp4,train/jolhoLhAurM.004.mp4,1.0,-0.1224210205729426,0.0949285606870975,0.0976291837372902,0.0326228474543954,0.3097790142989129,0.1830010892493778,0.0580764682669315,0.0435252706267271,0.0156252344678265,0.0141448872627733,0.0956851028373529,0.0871084810558981,77.0,15.315315315315315,0.7383177570093457,chalearn_annotation_mirror
validation,validation,jpPZVmzleAo.003,jpPZVmzleAo.003.mp4,validation/jpPZVmzleAo.003.mp4,1.0,-0.1065039740059471,0.1226264910368829,0.0537593322444111,0.0193273189930588,-0.0133532142486514,0.0723139692117323,0.0349652870198471,0.0252915318078665,0.0066244830460461,0.0059970829945889,0.0460543218067287,0.0653040953623259,77.0,15.3153,0.3271028037383177,chalearn_annotation_mirror
validation,train,jpRnHWTLDUs.005,jpRnHWTLDUs.005.mp4,train/jpRnHWTLDUs.005.mp4,1.0,-0.0680106229675237,0.133019892584283,-0.0199249157630291,0.0462886958185493,0.1052260609670062,0.1038079836598044,0.1259818168338803,0.0615133817740202,0.0041321606538222,0.0037947072035491,0.114928485488634,0.1081978307524189,77.0,15.3153,0.6074766355140186,chalearn_annotation_mirror
validation,validation,jrhvXPaXo-0.001,jrhvXPaXo-0.001.mp4,validation/jrhvXPaXo-0.001.mp4,1.0,-0.106164418181764,0.0371941395814714,-0.041808318493044,0.0115701336470339,-0.0259842972176205,0.1063273303265903,0.0491394369127244,0.0228698335298155,0.0022478378428499,0.002948014036666,0.0220452864995132,0.0590516312951063,77.0,15.309192200557105,0.3925233644859813,chalearn_annotation_mirror
validation,validation,k4eeYoHtnnI.005,k4eeYoHtnnI.005.mp4,validation/k4eeYoHtnnI.005.mp4,1.0,0.2219312935637609,0.0576344231887728,0.0610108648930699,0.0271977120834546,0.1761852489270912,0.1845916031103379,0.010754598475246,0.0132289703383659,0.00279704690919,0.0022282539245299,0.0228291617259011,0.0224535384380156,77.0,15.3,0.514018691588785,chalearn_annotation_mirror
validation,train,kJLeYUobR0M.001,kJLeYUobR0M.001.mp4,train/kJLeYUobR0M.001.mp4,1.0,0.0418213031639414,0.1251535534187461,0.0479331199859023,0.0547007255762418,0.0719855126466725,0.1374174110050453,0.0552518787592383,0.0394639772713189,0.0095711618181249,0.0102296536948905,0.1060761803151922,0.0992646937948585,77.0,15.315315315315315,0.5420560747663551,chalearn_annotation_mirror
validation,train,kUpkeJDcxaE.000,kUpkeJDcxaE.000.mp4,train/kUpkeJDcxaE.000.mp4,1.0,-0.084249923133565,0.0305363511157414,0.0521893116177547,0.0293399906204218,0.0987492607782071,0.0862693765344536,0.0618715159473307,0.0383503433273438,0.003278032540349,0.0027311680383356,0.0992113491911662,0.1268176111102602,77.0,15.3153,0.5420560747663551,chalearn_annotation_mirror
validation,train,kzDQXSGGomg.004,kzDQXSGGomg.004.mp4,train/kzDQXSGGomg.004.mp4,1.0,0.0476614299440783,0.0783745181454289,0.02074121184112,0.0376858969749294,-0.139517679238225,0.1856809033702965,0.0699523630069688,0.0510631251033896,0.0103695255860735,0.011482795578258,0.0920283409733928,0.1391800608199407,66.0,13.079733333333332,0.644859813084112,chalearn_annotation_mirror
validation,train,l-WgXcGLdZk.004,l-WgXcGLdZk.004.mp4,train/l-WgXcGLdZk.004.mp4,1.0,-0.1016146042847481,0.1285904160466606,0.0321262668065025,0.0205649194566788,-0.0859466404635901,0.1905606266922887,0.0508234812276824,0.0361380475819043,0.0048442277504332,0.0072201211855025,0.0878947998547332,0.1242173515529255,77.0,15.3153,0.5420560747663551,chalearn_annotation_mirror
validation,validation,lErjGxBb1Bk.005,lErjGxBb1Bk.005.mp4,validation/lErjGxBb1Bk.005.mp4,1.0,0.0764480391194657,0.0313501987429905,0.0338221020961838,0.0177636511371748,-0.0273415201075414,0.0640205852820496,0.0586431134854578,0.038039848069266,0.0016482783434653,0.0011759000882318,0.0502854800729511,0.0604439128453169,77.0,15.3153,0.4766355140186915,chalearn_annotation_mirror
validation,train,lLKwlPLdYig.001,lLKwlPLdYig.001.mp4,train/lLKwlPLdYig.001.mp4,1.0,-0.1091831769502886,0.0989765962286308,-0.0272955077734437,0.0227619645204848,-0.2865384331661668,0.1295610551523708,0.0537836540759272,0.0456295716746728,0.005304133807905,0.004733668668446,0.0663704433704645,0.0998605660930457,77.0,15.3,0.3177570093457943,chalearn_annotation_mirror
validation,train,lvae9lRUugE.003,lvae9lRUugE.003.mp4,train/lvae9lRUugE.003.mp4,1.0,-0.0660052891914212,0.1091685840300086,0.0486390413865324,0.0194780989425055,0.0275682906685812,0.1009322574751724,0.0482709404429797,0.0318575007752306,0.0023657139967371,0.0024996362498957,0.0621834092517582,0.0685533834955892,77.0,15.32,0.514018691588785,chalearn_annotation_mirror
validation,train,m4KKYcD6CZw.002,m4KKYcD6CZw.002.mp4,train/m4KKYcD6CZw.002.mp4,1.0,-0.0986288092457351,0.1557399682969317,0.0486769537458111,0.0514236755427472,0.0904871984396507,0.135022249511852,0.0739927344805973,0.0512716347530641,0.015388535648648,0.0098288566154847,0.1087524668888847,0.0940222262772013,74.0,15.306958333333332,0.5046728971962616,chalearn_annotation_mirror
validation,validation,m5kTITzj1bY.000,m5kTITzj1bY.000.mp4,validation/m5kTITzj1bY.000.mp4,1.0,-0.0151012253491346,0.0482605280603767,0.081794489328007,0.0267024082187984,0.103311042517741,0.1657290828530151,0.0476978862131432,0.0293465139633489,0.0017647864186353,0.0015389111509286,0.004897739662231,0.00461654150598,77.0,15.32,0.5420560747663551,chalearn_annotation_mirror
validation,train,mIxTz3tOgmQ.000,mIxTz3tOgmQ.000.mp4,train/mIxTz3tOgmQ.000.mp4,1.0,-0.0560451210921721,0.0982025103401039,0.0444661048297073,0.0197609901284782,0.299665194509327,0.1656405946963027,0.0380321888364995,0.0261453585888304,0.0027050213316546,0.0021634316797332,0.0152261419127247,0.0207234228901403,77.0,15.32,0.6261682242990654,chalearn_annotation_mirror
validation,train,mK8ebTJyrCI.002,mK8ebTJyrCI.002.mp4,train/mK8ebTJyrCI.002.mp4,1.0,-0.0045130288379704,0.1097335677321107,0.0313780295007502,0.0314424062097313,0.0174973329684865,0.271083834192839,0.0397272751054883,0.0247742500575179,0.0030727448057635,0.0025545504284603,0.0313058307812243,0.0563671343751211,77.0,15.3,0.3644859813084112,chalearn_annotation_mirror
validation,train,mKWscEow1U8.000,mKWscEow1U8.000.mp4,train/mKWscEow1U8.000.mp4,1.0,-0.0421622023231545,0.0255453693138379,0.0144187628836766,0.0220470737554291,-0.0793046570121555,0.0848955110888497,0.0358610724200509,0.0236015767822606,0.0013967240286638,0.001769570928736,0.0183539195331557,0.024479281976402,77.0,15.315315315315315,0.3271028037383177,chalearn_annotation_mirror
validation,validation,mZzWhUI0CP0.002,mZzWhUI0CP0.002.mp4,validation/mZzWhUI0CP0.002.mp4,1.0,0.0445557125074065,0.0907331982837365,0.0634323307198744,0.037940766307595,0.0676399732086556,0.1443283010347827,0.037675243110144,0.0291509360037273,0.0052363923723018,0.0051918178992072,0.0511302446376338,0.1046676275111037,77.0,15.3,0.7663551401869158,chalearn_annotation_mirror
validation,train,mkWfG-4vvGc.003,mkWfG-4vvGc.003.mp4,train/mkWfG-4vvGc.003.mp4,1.0,0.0888667902874494,0.1005947345784834,0.0274180087870519,0.0357861196083141,-0.0566949220770354,0.1312321445528705,0.0622625506482398,0.0407163630778948,0.0070217451081785,0.0047561481608395,0.0583178782863182,0.1101169063022204,77.0,15.3153,0.7850467289719626,chalearn_annotation_mirror
validation,train,mlsiYewUwO0.002,mlsiYewUwO0.002.mp4,train/mlsiYewUwO0.002.mp4,1.0,0.0184181579601356,0.0426682707982229,0.055243428521184,0.0286544452447721,-0.1214004380903037,0.1199393426137822,0.069893628191998,0.0363901153245468,0.0041571868881454,0.0040270009539923,0.0796598063060644,0.1129729601514969,74.0,15.306958333333332,0.8878504672897195,chalearn_annotation_mirror
validation,train,mlsiYewUwO0.003,mlsiYewUwO0.003.mp4,train/mlsiYewUwO0.003.mp4,1.0,-0.0090402596031187,0.0416806057379693,0.0402155649791847,0.0248668509177524,0.0257949134550222,0.1512260190160444,0.0685012775093426,0.0392575469676727,0.0045612017207747,0.0061072316255887,0.07667312336288,0.1381349693721007,74.0,15.306958333333332,0.7383177570093457,chalearn_annotation_mirror
validation,train,mxLRr3YqgMU.000,mxLRr3YqgMU.000.mp4,train/mxLRr3YqgMU.000.mp4,1.0,-0.0105946905503645,0.0345105762934113,-0.0279693397831987,0.0228081809859733,0.1419119013774137,0.0629302952354686,0.065090586921626,0.0497405903253908,0.0099546937116696,0.0115793750529932,0.0248428382296688,0.0303546502838362,77.0,15.3,0.4766355140186915,chalearn_annotation_mirror
validation,validation,mxLRr3YqgMU.002,mxLRr3YqgMU.002.mp4,validation/mxLRr3YqgMU.002.mp4,1.0,0.0053608817579115,0.0372926755339922,-0.0472670861527077,0.0225357032762604,-0.0588014788050301,0.1103540267610566,0.0574257579523013,0.046077990731305,0.0062943870532839,0.0077474187084273,0.0293687827348106,0.0323832875024399,77.0,15.3,0.5514018691588785,chalearn_annotation_mirror
validation,train,nClvfVFYzbM.005,nClvfVFYzbM.005.mp4,train/nClvfVFYzbM.005.mp4,1.0,0.1125839132908687,0.0413962323139783,0.0529311485252708,0.0141900190116046,-0.1011531263002925,0.0798677011267371,0.0305789425911888,0.0248219682657177,0.0018014631728637,0.0017509075764645,0.0113965790441714,0.0120662456486572,77.0,15.3,0.3925233644859813,chalearn_annotation_mirror
validation,validation,nDsTSmE73M0.001,nDsTSmE73M0.001.mp4,validation/nDsTSmE73M0.001.mp4,1.0,0.0560190649493575,0.1163450376039688,0.0554229166989062,0.0245652719769287,0.0783609829427055,0.3064763799918897,0.03258050897206,0.0196389350312225,0.0167815651214355,0.015443462137363,0.1211292804697096,0.1357342012582613,77.0,15.3153,0.4859813084112149,chalearn_annotation_mirror
validation,train,nKx64KH7Xks.004,nKx64KH7Xks.004.mp4,train/nKx64KH7Xks.004.mp4,0.987012987012987,0.0114100181553249,0.0948830295542638,0.0018947917604919,0.0458103933903822,-0.0365537867142621,0.3425715833011777,0.0517980935405135,0.0280217536248772,0.0058559889221069,0.0052678726029908,0.077958996118892,0.0874704904446082,77.0,15.3153,0.5046728971962616,chalearn_annotation_mirror
validation,train,nghDz0el8iI.001,nghDz0el8iI.001.mp4,train/nghDz0el8iI.001.mp4,1.0,0.0848171843549605,0.0579698305990995,0.0863002493078467,0.0269669638334839,-0.0791457900982929,0.0762985480637119,0.0560445862777325,0.0325396863588581,0.0069708839541146,0.0054975967828395,0.0834107670864779,0.1093214485823036,77.0,15.32,0.7850467289719626,chalearn_annotation_mirror
validation,train,nkmYbzMmrYw.001,nkmYbzMmrYw.001.mp4,train/nkmYbzMmrYw.001.mp4,1.0,-0.0812038809377398,0.1576438932523673,0.040188173982477,0.0367714767941868,0.1526891590611483,0.1850469526328371,0.0474703914069724,0.033152770472916,0.0063501635252977,0.0060472504089773,0.1100834834195031,0.17311025210849,77.0,15.3153,0.6915887850467289,chalearn_annotation_mirror
validation,validation,nndDX4RgU1w.005,nndDX4RgU1w.005.mp4,validation/nndDX4RgU1w.005.mp4,1.0,0.0934720641659529,0.0506465211925574,0.0757479941591261,0.0266008265052822,-0.0658870888009061,0.1320167708497406,0.0492435954051102,0.0374076731481347,0.0076456189583762,0.0098566303132751,0.0480112223211655,0.0640329014490155,77.0,15.3153,0.3457943925233644,chalearn_annotation_mirror
validation,train,o-fNF5QVMNo.005,o-fNF5QVMNo.005.mp4,train/o-fNF5QVMNo.005.mp4,1.0,0.0238789227270907,0.1305100776501923,-0.0369307011067265,0.0471337594391324,-0.0367239885216753,0.324112880055802,0.0663000763179703,0.0498750171046471,0.0158489857695014,0.0180155327281319,0.143362708234435,0.1741095699465037,77.0,15.315315315315315,0.3271028037383177,chalearn_annotation_mirror
validation,validation,o7J2fWIJndQ.002,o7J2fWIJndQ.002.mp4,validation/o7J2fWIJndQ.002.mp4,0.961038961038961,0.0376009421903163,0.1395154814583371,0.0677928368971999,0.0256210962866159,0.014089191658374,0.2594554308967457,0.0487077760051405,0.0291989756643743,0.0141628670892247,0.0128004089329142,0.107219220116616,0.1444988486859251,77.0,15.3153,0.6915887850467289,chalearn_annotation_mirror
validation,train,oC-qxnrmJws.000,oC-qxnrmJws.000.mp4,train/oC-qxnrmJws.000.mp4,1.0,0.2102673896679014,0.1623929220096503,0.0620179524939757,0.0325955704532502,-0.2951034995569248,0.2353306150176625,0.0492427538543967,0.0356143639188748,0.0075655393347314,0.0068582000341913,0.119132560265625,0.1521068488318589,77.0,15.3153,0.7570093457943924,chalearn_annotation_mirror
validation,train,oLO05QNhhGg.004,oLO05QNhhGg.004.mp4,train/oLO05QNhhGg.004.mp4,1.0,0.029949881785138,0.0584234535425639,0.0334297387151035,0.0389867080352157,0.0101697399049151,0.1743830762332611,0.06547976502682,0.0342193780734653,0.0039058684838049,0.0045810999644611,0.0303928990400236,0.0503609942037575,77.0,15.3153,0.616822429906542,chalearn_annotation_mirror
validation,validation,owRKOW0ymCM.005,owRKOW0ymCM.005.mp4,validation/owRKOW0ymCM.005.mp4,1.0,-0.0247697993183704,0.0894032242236161,0.0671401755539088,0.0261047231628105,0.0882730911361772,0.1545872267879931,0.029336310284925,0.0294883391566495,0.0085083776636085,0.0063467097127827,0.0653056229597738,0.0744828931114501,77.0,15.3,0.5607476635514018,chalearn_annotation_mirror
validation,train,pZxqWp0e-Ik.004,pZxqWp0e-Ik.004.mp4,train/pZxqWp0e-Ik.004.mp4,1.0,0.015231737543827,0.0215102018719907,-0.0172194582707055,0.008897011355932,-0.1332850720383574,0.0460916318564449,0.0325354834441012,0.0214779635820623,0.0006818991071973,0.0006859055731868,0.0293433494389464,0.0347413085416617,74.0,15.306958333333332,0.4672897196261681,chalearn_annotation_mirror
validation,train,pvvff396Rqg.005,pvvff396Rqg.005.mp4,train/pvvff396Rqg.005.mp4,1.0,0.1939383592869237,0.0751422435411009,-0.0020052162621227,0.0175419273746777,-0.0036961993567646,0.0834130536105879,0.0347768028189566,0.0320358553890554,0.0048424150288738,0.0045673072689351,0.052796466709468,0.0667994789864785,77.0,15.3153,0.5420560747663551,chalearn_annotation_mirror
validation,train,pzfDth6nFQE.000,pzfDth6nFQE.000.mp4,train/pzfDth6nFQE.000.mp4,1.0,0.0812463915052761,0.0441837597451018,0.0618435456258151,0.0236794609391885,-0.0902666951129177,0.0287776187944315,0.0277124775563613,0.0214734715629729,0.0053574873973232,0.0050402865361372,0.0540266566056262,0.0738909341430766,77.0,15.3,0.1588785046728971,chalearn_annotation_mirror
validation,train,qcq5oIRJFUI.004,qcq5oIRJFUI.004.mp4,train/qcq5oIRJFUI.004.mp4,1.0,0.0248847801168565,0.0636704273021362,0.0659690860943108,0.0255257874306607,-0.0418043411280389,0.1285782629004309,0.0361512755434849,0.0206927582743502,0.0029110292558304,0.0027948449292438,0.0554421590450089,0.0830872598002723,77.0,15.3153,0.3177570093457943,chalearn_annotation_mirror
validation,train,r1YAW67aevY.003,r1YAW67aevY.003.mp4,train/r1YAW67aevY.003.mp4,1.0,-0.2339335379953296,0.1312486778823283,-0.0354894624968606,0.0231078010270379,0.1048198230715421,0.1222667427964828,0.0626416488855816,0.0375054417477749,0.0057247442049153,0.0074908245551146,0.0125498208321916,0.0150972596811437,74.0,15.291666666666666,0.3177570093457943,chalearn_annotation_mirror
validation,train,r1YAW67aevY.005,r1YAW67aevY.005.mp4,train/r1YAW67aevY.005.mp4,1.0,-0.1253790945907481,0.0807056019940733,-0.0176207254653845,0.0159107557755199,-0.0620072372035861,0.0658650594316551,0.0472093653179606,0.0327395712214601,0.0018144158381733,0.0021730136797637,0.0060718154727178,0.0055569995947912,74.0,15.291666666666666,0.1962616822429906,chalearn_annotation_mirror
validation,train,r1v6EmZv7-o.004,r1v6EmZv7-o.004.mp4,train/r1v6EmZv7-o.004.mp4,1.0,-0.019135614948076,0.091548676892925,0.0359162214303047,0.0354170211290632,0.178839390140319,0.1296374449348514,0.0454708218914123,0.0329437659059045,0.0061450242808736,0.006590443600322,0.107971640625501,0.1363376718897497,77.0,15.32,0.5700934579439252,chalearn_annotation_mirror
validation,train,r93dLeVRk3U.002,r93dLeVRk3U.002.mp4,train/r93dLeVRk3U.002.mp4,1.0,0.0871454230663223,0.1331498269087224,0.0568298045323622,0.0247655953071116,0.0203909992694089,0.2145080470081509,0.0401576962499987,0.0367854036059518,0.0051773211251322,0.0045648474296981,0.0752176108717656,0.1162100566022852,77.0,15.3153,0.4485981308411215,chalearn_annotation_mirror
validation,train,r9TaaVTo8Y8.001,r9TaaVTo8Y8.001.mp4,train/r9TaaVTo8Y8.001.mp4,1.0,-0.0360909834285477,0.0635797147234949,-0.0129719901306307,0.020845323759573,0.1706436372564812,0.1579729211615991,0.0567066096425781,0.036173131789497,0.002866285514186,0.0021315979074744,0.0148053951184472,0.0141861224097447,74.0,15.291666666666666,0.5420560747663551,chalearn_annotation_mirror
validation,validation,sC2k2CD1jC0.002,sC2k2CD1jC0.002.mp4,validation/sC2k2CD1jC0.002.mp4,1.0,-0.0276781367866427,0.2666498176965715,-0.0211451240031865,0.0388896679044627,0.2353005063398341,0.141284146838546,0.0422829213356825,0.0307851250827382,0.015533974369196,0.0170068718123155,0.1027899862935253,0.0885085047620834,103.0,15.449227538623068,0.1869158878504672,chalearn_annotation_mirror
validation,validation,sHVXhr7_EOs.000,sHVXhr7_EOs.000.mp4,validation/sHVXhr7_EOs.000.mp4,1.0,0.0067047683373722,0.0329254056913296,0.0543785297339873,0.0198332023921341,-0.0478018664371345,0.0105193553990522,0.0876838858625481,0.0479480018163971,0.0045070462213137,0.0031540555676817,0.0628082945682659,0.0593135609895907,76.0,15.32361045769205,0.3271028037383177,chalearn_annotation_mirror
validation,validation,sHafPWyXs6k.001,sHafPWyXs6k.001.mp4,validation/sHafPWyXs6k.001.mp4,1.0,-0.0496172327331107,0.0336864862714198,0.0311514556340965,0.0248687606837456,0.1187959708945538,0.1072076446350632,0.0653049729950104,0.0403975256018914,0.007978571562529,0.0099779563985202,0.0852600923555473,0.1356260523541121,74.0,15.310344827586206,0.5981308411214953,chalearn_annotation_mirror
validation,train,sa7E6SrSmEs.003,sa7E6SrSmEs.003.mp4,train/sa7E6SrSmEs.003.mp4,1.0,-0.0260702804479323,0.0333172163536863,0.0562364759712559,0.0234800968276916,0.1240879244561363,0.0663805902746834,0.0561051235576731,0.033446614205498,0.0022947310195567,0.0019094081412362,0.0541615224374532,0.09769046038182,77.0,15.306326882237448,0.6261682242990654,chalearn_annotation_mirror
validation,train,shEsu57CYnA.004,shEsu57CYnA.004.mp4,train/shEsu57CYnA.004.mp4,1.0,-0.0764627134453235,0.0725473440797883,0.036194516655233,0.0173033038311837,0.2926772056737176,0.1068575797217184,0.0507083822575985,0.0300957514468892,0.0042834415755465,0.004181874008731,0.0403417094008055,0.1125941620215446,82.0,15.306442506743617,0.6822429906542056,chalearn_annotation_mirror
validation,validation,shtirfEzWFA.003,shtirfEzWFA.003.mp4,validation/shtirfEzWFA.003.mp4,1.0,0.1440900121861156,0.0383922845622214,0.0493022976568377,0.0196171115383239,-0.0453152995862517,0.1214686757223202,0.0549207413173127,0.0304584219102974,0.0016897371643628,0.0023336906188476,0.0279315116303202,0.0426344008032449,77.0,15.3,0.4112149532710279,chalearn_annotation_mirror
validation,validation,slE2PWIwzus.003,slE2PWIwzus.003.mp4,validation/slE2PWIwzus.003.mp4,1.0,0.0835480913316372,0.0621657494744533,0.0199382428781166,0.0298304714899231,-0.1244331929884243,0.1811649945008702,0.0577895730621076,0.0353476346158199,0.0049135219868892,0.0049988945933989,0.095983648304064,0.1186012883231051,77.0,15.3153,0.6915887850467289,chalearn_annotation_mirror
validation,train,sntohi33U5s.000,sntohi33U5s.000.mp4,train/sntohi33U5s.000.mp4,1.0,-0.0706593092777328,0.0536531253598955,0.1086064454444306,0.0142777490316761,0.0745789506689442,0.04678645565391,0.0557254012959669,0.0285282836815284,0.0010927340786411,0.0011339312201272,0.0767914347887518,0.0789614261668884,77.0,15.3153,0.5981308411214953,chalearn_annotation_mirror
validation,train,ssxo35zmKWQ.001,ssxo35zmKWQ.001.mp4,train/ssxo35zmKWQ.001.mp4,0.935064935064935,0.0424318037043282,0.036638844374979,0.028934645873911,0.0146445330913569,-0.0657124980208576,0.0211349828592319,0.0292521056574629,0.0254522659614535,0.0035662981542742,0.0038132477890745,0.0413722156455917,0.0701864873311415,77.0,15.32,0.6261682242990654,chalearn_annotation_mirror
validation,train,ssxo35zmKWQ.002,ssxo35zmKWQ.002.mp4,train/ssxo35zmKWQ.002.mp4,1.0,0.047077423381577,0.0293488049761623,0.0296775395623677,0.0140671216293979,-0.0717433219957217,0.0170214342946544,0.0336185050515754,0.0264100941048744,0.005620092988343,0.0054947531060267,0.0611054167681462,0.083197855441637,77.0,15.32,0.644859813084112,chalearn_annotation_mirror
validation,train,struoSVUsUg.005,struoSVUsUg.005.mp4,train/struoSVUsUg.005.mp4,1.0,0.0598605133909034,0.0699842258142904,0.0626522450727145,0.0251563136104847,-0.2462738997474843,0.1104909364440222,0.0479955067077635,0.0362931314930717,0.022033139467855,0.0146140431747118,0.0448173619144648,0.0633149959304829,77.0,15.3153,0.7009345794392522,chalearn_annotation_mirror
validation,train,t30ERiF6b50.003,t30ERiF6b50.003.mp4,train/t30ERiF6b50.003.mp4,1.0,0.0641312116810178,0.0771009122095123,0.037035078845769,0.0210646792930675,0.0727087630644854,0.0768342437504788,0.0376787108596015,0.025135404252389,0.0045952379365292,0.0050346262158929,0.0378241334939157,0.1047226495674259,74.0,15.306958333333332,0.4579439252336448,chalearn_annotation_mirror
validation,validation,t9wFHk9TM-U.001,t9wFHk9TM-U.001.mp4,validation/t9wFHk9TM-U.001.mp4,1.0,-0.2189614077797315,0.1984312666880549,0.0503458749943855,0.0184941141159581,-0.0559190627350495,0.2678167017504899,0.0266974649628377,0.0241715869776009,0.0039320082091376,0.0036747760008513,0.0111110442809058,0.0099223390130153,77.0,15.32,0.616822429906542,chalearn_annotation_mirror
validation,train,tcmYlyeqwuI.004,tcmYlyeqwuI.004.mp4,train/tcmYlyeqwuI.004.mp4,1.0,-0.0784178257138947,0.1072345504570885,0.0346414949319265,0.0198030049775104,-0.0568708572433089,0.1161754289246465,0.0524800293484909,0.0269984291200012,0.002762021817868,0.0021565813822125,0.0493024178407086,0.049534664447787,77.0,15.3153,0.4579439252336448,chalearn_annotation_mirror
validation,train,txU8yE9d-4k.005,txU8yE9d-4k.005.mp4,train/txU8yE9d-4k.005.mp4,1.0,-0.0800074713927636,0.0690324473180361,0.0555194557525748,0.0149707349946526,-0.0109203667175886,0.0825410216253882,0.0586223163771348,0.0380167621925118,0.0040202245347854,0.0036888000398704,0.1103337456711076,0.1547753825494896,72.0,15.337203468788076,0.2056074766355139,chalearn_annotation_mirror
validation,train,uf_sIIw4zxY.001,uf_sIIw4zxY.001.mp4,train/uf_sIIw4zxY.001.mp4,1.0,-0.0350722737256089,0.1942376970657192,0.046752951560524,0.0301393837206596,-0.1256114236221588,0.1371422721868436,0.0593454740613532,0.0494286788146834,0.0091184437128264,0.0080050023135425,0.0568388498326451,0.075439322575429,77.0,15.32,0.6355140186915886,chalearn_annotation_mirror
validation,train,upgv7xmOb1I.001,upgv7xmOb1I.001.mp4,train/upgv7xmOb1I.001.mp4,1.0,-0.0926300926037229,0.0932691318492811,0.106758884794216,0.0251575030529707,-0.0099445332963627,0.2467982689186773,0.0261154718781106,0.0262834034584489,0.0039682883577938,0.0029310797361364,0.0388062947237709,0.070175301724325,96.0,15.315532034319622,0.1588785046728971,chalearn_annotation_mirror
validation,train,usG6pVxbQkw.001,usG6pVxbQkw.001.mp4,train/usG6pVxbQkw.001.mp4,1.0,0.0594306747718569,0.0294053773570806,0.0939421535108896,0.0198452755373002,0.2488998012795733,0.0923377553449736,0.030976941506233,0.033935549247968,0.0123689732454446,0.0126448193448844,0.1022533941014449,0.1062424808380668,77.0,15.3,0.5700934579439252,chalearn_annotation_mirror
validation,train,utv9RBNcL5w.005,utv9RBNcL5w.005.mp4,train/utv9RBNcL5w.005.mp4,1.0,-0.0168318070250771,0.048741197863958,0.0553352673644431,0.0147928439383707,0.0832293316602121,0.1936652780169787,0.0540165791692126,0.0323956869868579,0.0053556709234095,0.0058455197871645,0.1139749540606573,0.1417794552645056,77.0,15.3153,0.5700934579439252,chalearn_annotation_mirror
validation,train,vJDx6TCX32M.001,vJDx6TCX32M.001.mp4,train/vJDx6TCX32M.001.mp4,1.0,0.0115242778726025,0.0706648934709647,0.0846375347222975,0.0292580124317867,0.1104364236621828,0.077391135441534,0.0276777887966398,0.0258616651530337,0.0041119567506103,0.0044809434017066,0.0216408521139584,0.0274689805707168,74.0,15.291666666666666,0.514018691588785,chalearn_annotation_mirror
validation,train,vZpneJlniAE.005,vZpneJlniAE.005.mp4,train/vZpneJlniAE.005.mp4,1.0,-0.1056117446151531,0.1336510230553599,-0.021346474663079,0.0313325296242257,0.0201271059176364,0.1510957464346692,0.0589237016310102,0.0379300186092065,0.0099202493293431,0.0152231909027939,0.0440009783089684,0.1022914916120611,77.0,15.3,0.5327102803738317,chalearn_annotation_mirror
validation,validation,wBCSJVBr4ZE.002,wBCSJVBr4ZE.002.mp4,validation/wBCSJVBr4ZE.002.mp4,1.0,-0.0741961192493046,0.035057732868576,-0.0612953607270306,0.0272091562078739,0.1820563255589047,0.179815197483622,0.0519472679405654,0.0366745247051033,0.0046232929284886,0.0080290678118052,0.0402467373292273,0.1274255534345948,77.0,15.3,0.6728971962616823,chalearn_annotation_mirror
validation,train,wTo1uZns2X8.000,wTo1uZns2X8.000.mp4,train/wTo1uZns2X8.000.mp4,1.0,-0.0907111433728908,0.0258290181239766,-0.0862383445655072,0.0123562246066202,0.0031285633286524,0.0508366691910895,0.0456440773694556,0.030832444856445,0.0021959284976282,0.0025265598608172,0.0391070556170084,0.0565334251802053,83.0,15.33898697808054,0.5794392523364486,chalearn_annotation_mirror
validation,train,wYixHjntI-4.001,wYixHjntI-4.001.mp4,train/wYixHjntI-4.001.mp4,1.0,0.0024892133123112,0.0787623373781409,0.0627538537180959,0.0339202350240101,0.0106082790265128,0.1301315786245269,0.0450695452141316,0.0284381160426217,0.0017737862232229,0.0013508668808098,0.0221805078850364,0.0410870718269921,77.0,15.315676832530766,0.7009345794392522,chalearn_annotation_mirror
validation,train,wm94g-5Cg5s.005,wm94g-5Cg5s.005.mp4,train/wm94g-5Cg5s.005.mp4,1.0,-0.0406291570498767,0.1072344000702933,0.0084624751620765,0.0229004349997113,-0.2131171133645337,0.1354281393254797,0.0449405768367657,0.0199217483150067,0.0076546166716393,0.0078112234218252,0.0340163875177654,0.0568466215387735,77.0,15.3,0.5887850467289719,chalearn_annotation_mirror
validation,train,xDjhf8wrNWQ.005,xDjhf8wrNWQ.005.mp4,train/xDjhf8wrNWQ.005.mp4,1.0,0.0220984458060268,0.0422091824413538,0.0389960875785753,0.0124357474821614,0.085016938047309,0.1774046343562119,0.0494974022491407,0.0321700730300516,0.0051223808623297,0.0065173315083792,0.0384839194769552,0.0737342155867514,77.0,15.3,0.5514018691588785,chalearn_annotation_mirror
validation,train,xZ9iwqHw7GY.003,xZ9iwqHw7GY.003.mp4,train/xZ9iwqHw7GY.003.mp4,0.974025974025974,0.2870478409266565,0.0916954225610936,0.0468627556145454,0.0195867008488797,-0.1635895899346245,0.1002951649651728,0.0308806045993319,0.0239473055366304,0.0077002503607675,0.0067027529585207,0.0938875305601947,0.1263126664486942,77.0,15.3153,0.4299065420560747,chalearn_annotation_mirror
validation,train,xmaC2XOhPaE.001,xmaC2XOhPaE.001.mp4,train/xmaC2XOhPaE.001.mp4,1.0,0.1553123318431633,0.0214083804037874,0.0365217187788067,0.0182602846965164,-0.1136034726581918,0.0421345561071197,0.070213451689387,0.0465825439064731,0.0042018237140748,0.0036036648385919,0.0783370272885856,0.0797253407060405,77.0,15.3,0.3271028037383177,chalearn_annotation_mirror
validation,validation,xrxAyO8pKUo.001,xrxAyO8pKUo.001.mp4,validation/xrxAyO8pKUo.001.mp4,1.0,0.08001300534267,0.0464525513769525,0.0464890481475994,0.0322308599642225,-0.0693115464637181,0.0697482870051988,0.0652859987642845,0.0442015110364908,0.001250679397342,0.0014917380410965,0.0305285582700305,0.0345638124194245,74.0,15.306958333333332,0.6542056074766355,chalearn_annotation_mirror
validation,train,xsDABUrvs6w.001,xsDABUrvs6w.001.mp4,train/xsDABUrvs6w.001.mp4,1.0,-0.0210099368252896,0.0534455552473012,0.0404023158607815,0.020707986391814,-0.0577247958115538,0.0578562869157085,0.0427388060291064,0.0323152545872854,0.0020586052729034,0.0017786758900394,0.0230502959852039,0.0487762651540079,73.0,15.309035455585208,0.2149532710280373,chalearn_annotation_mirror
validation,train,y--uBBy7ebM.004,y--uBBy7ebM.004.mp4,train/y--uBBy7ebM.004.mp4,1.0,-0.0005786514676604,0.0900943782725396,0.0510248138689115,0.0214321809388875,0.0040358155536061,0.1343948952451326,0.0489997100630739,0.034115826623956,0.0040925910204932,0.004650760494112,0.0419052154292551,0.0512879633836454,77.0,15.304755525787009,0.5327102803738317,chalearn_annotation_mirror
validation,validation,y-0p6fGXLD0.001,y-0p6fGXLD0.001.mp4,validation/y-0p6fGXLD0.001.mp4,1.0,-0.0451211712191094,0.0909850780709532,0.0845425262466881,0.0525896199293284,0.0042228079108619,0.1948964763793598,0.0281773575849268,0.0341229075523868,0.0058828171511167,0.004422891454474,0.056044287751747,0.0589130426308804,77.0,15.315315315315315,0.4579439252336448,chalearn_annotation_mirror
validation,train,y2UF49ddapI.001,y2UF49ddapI.001.mp4,train/y2UF49ddapI.001.mp4,1.0,0.0112487276749436,0.052057264046709,0.0618350165572032,0.015192119338947,-0.1044680837137698,0.1050819473641084,0.0372312341975873,0.0222517499981333,0.0009266458067926,0.0006668251861236,0.0049702272101423,0.0043653325410041,77.0,15.3153,0.439252336448598,chalearn_annotation_mirror
validation,validation,yOzHZOg95Ug.002,yOzHZOg95Ug.002.mp4,validation/yOzHZOg95Ug.002.mp4,1.0,-0.0530241498433092,0.2265641463886093,0.0865464776069328,0.0275675257430739,-0.0265251630985254,0.1097195717562088,0.0272572025169383,0.018066485042623,0.0016548249875957,0.0022934077588545,0.0305085166665839,0.0535431611169962,75.0,15.304383393551026,0.2710280373831775,chalearn_annotation_mirror
validation,train,yRVvI1x2DBI.005,yRVvI1x2DBI.005.mp4,train/yRVvI1x2DBI.005.mp4,1.0,-0.0873052401165821,0.0709275330629698,0.0555746659435007,0.0306315963660511,0.0863951898538961,0.0698349631520455,0.0457914741589083,0.0254735929589937,0.0015678901798713,0.0018773917649106,0.0151111520522525,0.0165112043317638,77.0,15.3153,0.5794392523364486,chalearn_annotation_mirror
validation,train,yuE25dFTn2o.001,yuE25dFTn2o.001.mp4,train/yuE25dFTn2o.001.mp4,1.0,-0.0454754960828157,0.058706407164194,0.0998096125454775,0.0252808364738665,-0.0369099533420888,0.1008643589346731,0.0195520711122028,0.0211569802421531,0.009254154987402,0.0103645653251143,0.1133899073574978,0.1376363876736319,74.0,15.291666666666666,0.3177570093457943,chalearn_annotation_mirror
validation,validation,zDRQAU7MtjA.002,zDRQAU7MtjA.002.mp4,validation/zDRQAU7MtjA.002.mp4,1.0,-0.0107415146303254,0.01561880063332,0.0664688286913416,0.010731069940071,-0.1139217433046979,0.0274559636555152,0.0432054177393158,0.0238436933145603,0.0013750233280608,0.001668660582574,0.0070077706872588,0.0055884619553391,77.0,15.32,0.3551401869158878,chalearn_annotation_mirror
validation,train,zvX4fNj0uxk.001,zvX4fNj0uxk.001.mp4,train/zvX4fNj0uxk.001.mp4,1.0,0.1145061235955511,0.0482335038587935,0.0425335930910397,0.0130953601631629,0.0159917492571409,0.0483037886721357,0.0290117381042881,0.025731545712471,0.0006602524060933,0.0006328769437735,0.00616829215265,0.0073673974410999,77.0,15.3,0.5327102803738317,chalearn_annotation_mirror
