file_name,video_id,age_group,transcription,original_split,hf_filename,interview_label,label_source,label_bin,split
-zNyDPzId4E.003.mp4,-zNyDPzId4E,3,"... drug addict friends. It's okay, it's not that bad because I'm not the one who's the drug addict, so I'm okay with it, but whatever you ... I don't know. I can live with it, so I'm okay with-",train,train/-zNyDPzId4E.003.mp4,0.4205607476635514,chalearn_annotation_mirror,medium,test
1AMp8Y_0UGc.004.mp4,1AMp8Y_0UGc,3,Tell me.,train,train/1AMp8Y_0UGc.004.mp4,0.4299065420560747,chalearn_annotation_mirror,medium,test
2GHz8LYflE0.000.mp4,2GHz8LYflE0,6,"Things.. the first one was a minion one and I had fun with those but I wanted to put more of myself out there. I do have a toy blind guide video coming up pretty soon, but I felt like I wanted to do more with my channel, I didn't want...",train,train/2GHz8LYflE0.000.mp4,0.4299065420560747,chalearn_annotation_mirror,medium,test
2NNYN1ZCJhw.002.mp4,2NNYN1ZCJhw,5,"... Goes into the Rio. I didn't experience it too much at the Wynn Bellagio or Aria, but at the Rio we would catch people having sex all the time! There was kind of like, a little hallway where you would ...",validation,validation/2NNYN1ZCJhw.002.mp4,0.5981308411214953,chalearn_annotation_mirror,medium,test
2mfmw63l88g.005.mp4,2mfmw63l88g,3,"... coming down below if you want to be the next winner of the Friday Shout Out Series, but I'm starting until I'm gonna get hundreds of subscribers and I know we can do, we're eight subscribers ...",train,train/2mfmw63l88g.005.mp4,0.17757009345794392,chalearn_annotation_mirror,low,test
2oiXF5_gTyk.000.mp4,2oiXF5_gTyk,4,"Beatboxing and really got over the shy hump as far as not being able to beatbox in front of anybody. I was scared and won the talent portion of it, so that was really cool. Just had a blast. I just had a blast that year and I miss-",validation,validation/2oiXF5_gTyk.000.mp4,0.6915887850467289,chalearn_annotation_mirror,medium,test
2x8GZaBY6TM.001.mp4,2x8GZaBY6TM,3,"Hello. Nice video, bro. Keep what you're doing, bro. You said you want to do a Q&A, so I will give you five question, five, but it is like, would you rather ... Thanks for the Q&A and thanks for these questions. Would you rather piss-",train,train/2x8GZaBY6TM.001.mp4,0.2616822429906542,chalearn_annotation_mirror,low,test
300gK3CnzW0.005.mp4,300gK3CnzW0,3,"And if there's someone like 10 feet behind me, them being able to hear me. I don't want to be like that, I want to just walk around and not give a shit because honestly, if they hear me and see me vlogging, even if they said something to me, what does it do? All they do is say something.",validation,validation/300gK3CnzW0.005.mp4,0.35514018691588783,chalearn_annotation_mirror,low,test
3OoQBXWTGfE.001.mp4,3OoQBXWTGfE,6,"I think, you know, they've kind of promoted my vlogs a couple of times and they blew up a whole bunch of lovely people who like to comment and stuff like that. So, that's really great.",train,train/3OoQBXWTGfE.001.mp4,0.15887850467289716,chalearn_annotation_mirror,low,test
3P_D_bd-_NM.001.mp4,3P_D_bd-_NM,4,"... Don't have the right body to play collegiate football. I mean, I was getting scouted and recruited by D2 and D3 schools, but I knew I had a more better chance in college and getting scholarship money ...",train,train/3P_D_bd-_NM.001.mp4,0.4485981308411215,chalearn_annotation_mirror,medium,test
3S8QUGYVf_w.000.mp4,3S8QUGYVf_w,5,"Light, and when there is available natural light, I like to film with natural light. I don't have to fix anything, I don't have to adjust temperatures. I prefer natural light. If I could film outside without all of the noise, I totally would.",train,train/3S8QUGYVf_w.000.mp4,0.644859813084112,chalearn_annotation_mirror,medium,test
3ccY8jYkI5o.004.mp4,3ccY8jYkI5o,4,"Interesting. That is surprisingly accurate. Yeah, that's pretty accurate. I'll also put a link below so you can take the test yourself. I'll put a link below. Like where else would you put the link? So you can see what you get. Comment below and let me know what you get and like the-",train,train/3ccY8jYkI5o.004.mp4,0.7476635514018691,chalearn_annotation_mirror,high,test
3ySH8eJQRCI.001.mp4,3ySH8eJQRCI,5,"Warped the titanium and that's 30B. Okay? You're paying for a person's time, and time is money. Above that, even if you consider those factors and you think, ""Well, you know what? That guy's time isn't worth it."" That's fine.",train,train/3ySH8eJQRCI.001.mp4,0.5794392523364486,chalearn_annotation_mirror,medium,test
4JYmE9a21aI.001.mp4,4JYmE9a21aI,5,"Actually one of my favorite shows to watch is Antique Roadshow. You guys have heard me say it before, I love antiques. I love history and I just love learning new things. Antique Roadshow I find is so fascinating, so interesting. I would love to go.",validation,validation/4JYmE9a21aI.001.mp4,0.5700934579439252,chalearn_annotation_mirror,medium,test
4V7doeEKsus.002.mp4,4V7doeEKsus,4,"Frequent content uploaded. The 10 styles of metal video, that was the video that actually took off, which is funny because when I did that video, I didn't think it would get more than 500 views. I only had maybe 3-400 ...",train,train/4V7doeEKsus.002.mp4,0.5046728971962616,chalearn_annotation_mirror,medium,test
4nir0YtjHVs.002.mp4,4nir0YtjHVs,4,"And luckily getting Brandy helped me get out because I have to walk her every day, but I wanted to do more. I wanted to be able to go to a gym, I wanted to work up a sweat. I'd like to get into a shape of some form. Not like body shape, just healthy because Brandy loves running and I tried to take-",train,train/4nir0YtjHVs.002.mp4,0.5327102803738317,chalearn_annotation_mirror,medium,test
5BPGRteF64Y.005.mp4,5BPGRteF64Y,3,"Things in MLB, like everything pretty much. You seem to be very genre savvy, what other shows, animes or cartoons have you watched previously that you liked?",train,train/5BPGRteF64Y.005.mp4,0.514018691588785,chalearn_annotation_mirror,medium,test
5Bgd2zgiT0Q.004.mp4,5Bgd2zgiT0Q,4,"Previous two Q&A videos. I will link both of them below. Definitely go check those out, if you haven't seen them yet. I'm going to do my best to answer as many of these as possible. Let's get started. By the way, I've got my laptop down-",train,train/5Bgd2zgiT0Q.004.mp4,0.719626168224299,chalearn_annotation_mirror,medium,test
5KHOpRCxnwQ.005.mp4,5KHOpRCxnwQ,4,"Here's the thing: if I do this, I have to come up with an intro, a name for all my followers--which is going to be like seven--all seven of you, you've got to have a name. Probably something-",train,train/5KHOpRCxnwQ.005.mp4,0.6542056074766355,chalearn_annotation_mirror,medium,test
5Wfa94_5Psg.002.mp4,5Wfa94_5Psg,4,"I watch little clips on YouTube of Ronaldinho or of Ronaldo, or any player that really gets into it, so to motivate me.",train,train/5Wfa94_5Psg.002.mp4,0.5700934579439252,chalearn_annotation_mirror,medium,test
5bi_PM3XMEQ.005.mp4,5bi_PM3XMEQ,5,"Besides writing letters, and YouTube. I don't know what you're talking about, YouTube and writing letters are my hobbies, there's nothing else.",train,train/5bi_PM3XMEQ.005.mp4,0.514018691588785,chalearn_annotation_mirror,medium,test
6CRet5sD6xI.000.mp4,6CRet5sD6xI,4,"-a fire fuck ... Fire fuck driver, that's not what I meant. Hold up. Whoo, whoo. I was actually obsessed with wanting to be a fire truck driver, but I didn't want to be the firefighter. I was too ... I wasn't about that life, you know. All I'm-",validation,validation/6CRet5sD6xI.000.mp4,0.5233644859813084,chalearn_annotation_mirror,medium,test
6RwVJK3husE.005.mp4,6RwVJK3husE,5,"Also, she stuck to it, made their video and all that and then a couple weeks later she was hired. Don't like become a little (deshard) if you haven't been hired at the fairs. Maybe that's [inaudible 00:00:09] she could of research all the fairs and look at the ones that may suit you. So, personally because I'm only eighteen.",train,train/6RwVJK3husE.005.mp4,0.5981308411214953,chalearn_annotation_mirror,medium,test
6wIEiqmuHOM.000.mp4,6wIEiqmuHOM,5,"-is more clever, women or men? I think men and women have equal points. I think that men are more rational than women a lot of times. I'm a very irrational human.",train,train/6wIEiqmuHOM.000.mp4,0.5794392523364486,chalearn_annotation_mirror,medium,test
7FXs86Z98E0.002.mp4,7FXs86Z98E0,4,"... ask 15 facts about you. Now I've already done like 20 facts. You got 5 bonus facts there mate. 20 facts about me video, a link and the description below, do go ahead and check that out. [inaudible 00:00:13] G asks, what is your favorite...",train,train/7FXs86Z98E0.002.mp4,0.5981308411214953,chalearn_annotation_mirror,medium,test
7nJPNkWZDOY.004.mp4,7nJPNkWZDOY,5,"For all the love and the support that you guys have been giving me in the past year, I'm so glad to have such an amazing YouTube family like you guys. Just want to give you all a cyber hug. Yeah, I hope you enjoy my future videos. I hope you enjoy all the content. I hope that ...",validation,validation/7nJPNkWZDOY.004.mp4,0.6074766355140186,chalearn_annotation_mirror,medium,test
836kYlEs9GI.003.mp4,836kYlEs9GI,4,"... many times before. I have never really been big on eating meat. The only meat that I do eat would be seafood. For some reason I have no problem eating seafood. It's just a personal choice mainly for health reasons. I care about animals, but that's-",train,train/836kYlEs9GI.003.mp4,0.308411214953271,chalearn_annotation_mirror,low,test
8GFElKeREfQ.000.mp4,8GFElKeREfQ,5,"... Have it. I hate it, but that's just how it is, I procrastinate. Why is this eye shadow so much more than this one, I don't know. I really don't know. I gotta even this out.",train,train/8GFElKeREfQ.000.mp4,0.4485981308411215,chalearn_annotation_mirror,medium,test
8gvBbE6iZNo.003.mp4,8gvBbE6iZNo,6,"The mission mandate, the challenges that the mission is meant to monitor. Many of those challenges have been reported in the Crimean region of Ukraine, including reported by the Russian Federation.",train,train/8gvBbE6iZNo.003.mp4,0.6915887850467289,chalearn_annotation_mirror,medium,test
8hfhLOXpCNM.002.mp4,8hfhLOXpCNM,4,"... and I've loved that day and then I think the next day afterwards, or the next video I did my introduction video, but my vlog was for one really bad quality. For-",train,train/8hfhLOXpCNM.002.mp4,0.4485981308411215,chalearn_annotation_mirror,medium,test
8qG1sMihtPA.005.mp4,8qG1sMihtPA,4,The recent one. And you can also catch updates about Emirates Airline in general on my Facebook page Catch the Skyfly Girl. I do not post any of my photos too much there because all of them you can see on Instagram. I post new-,validation,validation/8qG1sMihtPA.005.mp4,0.5607476635514018,chalearn_annotation_mirror,medium,test
8toLcoDcGOY.001.mp4,8toLcoDcGOY,5,"Then, better start, better first quarter. All of that just puts me on the back foot, you know? Then, I was fourth, after the start. The car felt great so I could really pass all those Ferraris but it's always ...",train,train/8toLcoDcGOY.001.mp4,0.4205607476635514,chalearn_annotation_mirror,medium,test
8yFYvQ_kxW8.005.mp4,8yFYvQ_kxW8,6,"Yes, I try to show people a large variety because some people like more sweet, some people like more spicy. Some people like more elaborate, some people like more simple. It is my job here to show a wide variety of things but-",train,train/8yFYvQ_kxW8.005.mp4,0.4859813084112149,chalearn_annotation_mirror,medium,test
9CPKW0sqR3E.001.mp4,9CPKW0sqR3E,5,"There's going to be a more detailed ten question survey. It's free. Fill it out, please let me know what you want to know. Why is this important? If you answer my questions I can get better training ...",train,train/9CPKW0sqR3E.001.mp4,0.5046728971962616,chalearn_annotation_mirror,medium,test
9a-3LrB7cDI.005.mp4,9a-3LrB7cDI,7,"Club is just what is designed not to allow happen. These smaller headed clubs on mini drivers, really strong three woods, allow, they have less MOI so allow more movement. That can help. That can hurt, so it-",train,train/9a-3LrB7cDI.005.mp4,0.5420560747663551,chalearn_annotation_mirror,medium,test
9hqH1PJ6cG8.001.mp4,9hqH1PJ6cG8,5,"I would say my best vine in the thrift store[inaudible 00:00:02], let me try to think about this. I got it. My best vine at thrift store was my overalls that I got. Oh my God, I freaking, can't curse on Youtube. I can...",train,train/9hqH1PJ6cG8.001.mp4,0.2803738317757009,chalearn_annotation_mirror,low,test
9mAw0B-mEPQ.005.mp4,9mAw0B-mEPQ,6,"... percent, all the time on both sides, is the only way that a marriage will work or last. If one person is not giving on their end, the marriage is not going to work out. My tips and my key things for making a marriage last is ...",train,train/9mAw0B-mEPQ.005.mp4,0.6355140186915886,chalearn_annotation_mirror,medium,test
9o10YrQykMk.003.mp4,9o10YrQykMk,5,How many people would come. If it was just like maybe between five and 10 people then I think it would be nice to go to like Starbucks or Costa or something to get something to drink and eat and just talk amongst each other because we all seem-,train,train/9o10YrQykMk.003.mp4,0.5887850467289719,chalearn_annotation_mirror,medium,test
A1lbD_OCuj4.003.mp4,A1lbD_OCuj4,7,"Describes as fellowship, then it's pathetic and feeble. It's not even a good facsimile of what the new testament talks about. To give you and idea of how robust real fellowship was in the new testament, I just want to run through ...",train,train/A1lbD_OCuj4.003.mp4,0.3925233644859813,chalearn_annotation_mirror,low,test
A7qb47cmxJo.005.mp4,A7qb47cmxJo,6,"For around. My went to the hospital ER and stayed with her to find out what was going on. She got released. It was actually our first same-sex wedding so one of the grooms came up to him and said, ""Look, Lee it's ...""",train,train/A7qb47cmxJo.005.mp4,0.3644859813084112,chalearn_annotation_mirror,low,test
Agg7z10B_iY.000.mp4,Agg7z10B_iY,4,I just never got to it yet because what I said was I was going to do a Q&A but I was going to make it a little more interesting than the last one. The last one I just kind of had the camera set up and I was just talking and reading the questions off Instagram and stuff like that. This time I just decided why not just incorporate those Q&A questions-,train,train/Agg7z10B_iY.000.mp4,0.6728971962616823,chalearn_annotation_mirror,medium,test
AlEqtGWa43g.005.mp4,AlEqtGWa43g,5,"People don't want to see that even if it's going on. We all have things going on in our personal lives, but we don't have to share those things, because those sorts of things are going to repel people from your business. Even if you think that your pages are super-",train,train/AlEqtGWa43g.005.mp4,0.5233644859813084,chalearn_annotation_mirror,medium,test
Alox0G4xUfM.001.mp4,Alox0G4xUfM,6,"- another is trying to bring an argument, just try to brush it off and just let it go. You could bring it up the next day and continue, but for this day, please just let it go. Don't try to feed into it, because what that would do is just-",validation,validation/Alox0G4xUfM.001.mp4,0.5233644859813084,chalearn_annotation_mirror,medium,test
AotbiNsU85A.000.mp4,AotbiNsU85A,5,"... you lose the purpose of a wedding, but I do still want to have one, a big wedding, just not right now. We decided to just instead of using that money for a big wedding to use it-",train,train/AotbiNsU85A.000.mp4,0.4859813084112149,chalearn_annotation_mirror,medium,test
AvuGsnkWjt8.003.mp4,AvuGsnkWjt8,4,"A question and you just watch and you're a lurker. Okay, good. Bye, bye-bye.  [inaudible 00:00:07] so, get asking your questions, the answers will be on the 9th of December.",validation,validation/AvuGsnkWjt8.003.mp4,0.514018691588785,chalearn_annotation_mirror,medium,test
B-OJ_xZILLg.000.mp4,B-OJ_xZILLg,4,Fine but big three at least one piece of Naruto. Those two will get your account taken down within micro-bits because kind of the biggest-,validation,validation/B-OJ_xZILLg.000.mp4,0.43925233644859807,chalearn_annotation_mirror,medium,test
B9NSU6gQdRw.005.mp4,B9NSU6gQdRw,5,"... and everything like that, but I also wanted to, as well, submit the bubble cam footage, a 360 view of the video as well. While I'm doing that Q & A, I will be recording with the bubble cam and t-",train,train/B9NSU6gQdRw.005.mp4,0.850467289719626,chalearn_annotation_mirror,high,test
C8xZ0vhrrFE.000.mp4,C8xZ0vhrrFE,4,"I like lighter colored beers. I think those are IPA's, pale ales, I don't know. Flying Dog also a good brand.",train,train/C8xZ0vhrrFE.000.mp4,0.20560747663551399,chalearn_annotation_mirror,low,test
Cl5jhuLQ9Dg.002.mp4,Cl5jhuLQ9Dg,4,"About maybe how it can increase interactivity and stuff because one of the things I want to do is get to know you guys, get to know my subscribers, stuff like that. I figure the best way to do that would be to offer you guys the chance to ask-",train,train/Cl5jhuLQ9Dg.002.mp4,0.46728971962616817,chalearn_annotation_mirror,medium,test
Cng72emlXAM.001.mp4,Cng72emlXAM,5,"I like to dress up, do my makeup, do my hair, and put on a nice outfit but for a while I would just be in my stocking cap, my wig cap, and rollers in my hair when he came home. We had a conversation and he's just like-",validation,validation/Cng72emlXAM.001.mp4,0.46728971962616817,chalearn_annotation_mirror,medium,test
D4hPHPp1W-Q.004.mp4,D4hPHPp1W-Q,5,"Have a tree for Christmas. We always have a tree for Christmas. I think this year's the first year we have a fake tree but it looks really pretty and stuff. But, we always have a Christmas tree, I don't remember a Christmas where we haven't had a tree. So yeah, I think trees are like.",train,train/D4hPHPp1W-Q.004.mp4,0.5514018691588785,chalearn_annotation_mirror,medium,test
DiaibIBisuM.003.mp4,DiaibIBisuM,4,"... earlier in the year. A few people said that I looked like Johnny Depp. I've had that before, from the beard and the hair. I'm not saying that I look like Johnny Depp, he's a style icon, especially at his age as well. I got-",train,train/DiaibIBisuM.003.mp4,0.6355140186915886,chalearn_annotation_mirror,medium,test
DvmzcQI5cnM.004.mp4,DvmzcQI5cnM,6,"And my feelings are that God looks at it and goes, ""Wow. This is a beautiful system that I've made, and I would love for the people in this system to come to understand how beautiful it is,"" which the people who develop in love do eventually come to see how beautiful ...",train,train/DvmzcQI5cnM.004.mp4,0.29906542056074764,chalearn_annotation_mirror,low,test
E6rptSS3kP4.000.mp4,E6rptSS3kP4,4,"Favorite thing about your book. My favorite thing about my book is my characters. I love my characters, I've worked so hard on them. I just love characters in general and so I love creating them, and putting them in situations. My characters are my favorite part of my book. Question number seven-",train,train/E6rptSS3kP4.000.mp4,0.822429906542056,chalearn_annotation_mirror,high,test
EcOC7ZVRSg4.001.mp4,EcOC7ZVRSg4,5,"Carefully. I'm going to have to say faster than Rita. Runaway mine train would be a bit weird with inversions. It would be cool, but it wouldn't be runaway mine train. Even though it would be crazy.",train,train/EcOC7ZVRSg4.001.mp4,0.5420560747663551,chalearn_annotation_mirror,medium,test
En4aK_1gmlY.000.mp4,En4aK_1gmlY,5,It kinds of shows how I express myself through skateboarding; it shows who I really am. It just takes out an anger ...,train,train/En4aK_1gmlY.000.mp4,0.40186915887850466,chalearn_annotation_mirror,medium,test
FkuwzJcoRVI.001.mp4,FkuwzJcoRVI,4,"... Mac, and I use the drugstore one. I think it's by Revlon, and it's a matte. I think it's called Stay Matte. I use that one. Favorite TV shows, I'm obsessed with the kind of-",train,train/FkuwzJcoRVI.001.mp4,0.4299065420560747,chalearn_annotation_mirror,medium,test
Fz1BcPpjNXY.001.mp4,Fz1BcPpjNXY,5,"... shave your legs. One time I did try and shave my legs. I put the shaving cream on my legs, shaved some of the hair off one time. It felt weird. It felt like a rough part of a rock or something, I shit you not.",train,train/Fz1BcPpjNXY.001.mp4,0.3177570093457943,chalearn_annotation_mirror,low,test
GG9WPQLI_rg.005.mp4,GG9WPQLI_rg,5,I'm not going to confirm that one way or the other but there may already be a channel reserved for gaming. If you're clever enough you can find it and subscribe. Moving on.,train,train/GG9WPQLI_rg.005.mp4,0.4205607476635514,chalearn_annotation_mirror,medium,test
Gs-AdRcYSPo.004.mp4,Gs-AdRcYSPo,5,"Vlogs, because I know I'm a little goofy, and I'm a little animated, and I'm a little out of control, right? I knew I would be good at it because I could just turn on the camera and be 100 percent myself. The best thing that you guys say to me when I meet you in person ...",train,train/Gs-AdRcYSPo.004.mp4,0.5233644859813084,chalearn_annotation_mirror,medium,test
HEHMW0uiFa4.002.mp4,HEHMW0uiFa4,5,"Beans and rice, black beans. Yeah, so he ate more ... I might have, actually I probably will have a couple bananas while we watch ...",train,train/HEHMW0uiFa4.002.mp4,0.2616822429906542,chalearn_annotation_mirror,low,test
HT_8WpgGqjk.001.mp4,HT_8WpgGqjk,5,"Surprised at how that connects you to people and really helps them in their own journey. I hope that helps answer some of your questions. Feel free, please post any questions below or never hesitate.",train,train/HT_8WpgGqjk.001.mp4,0.514018691588785,chalearn_annotation_mirror,medium,test
HbGeoKBULAA.000.mp4,HbGeoKBULAA,4,"To the Rabbi's house which was 7 or 8 miles and got lost because I didn't have my phone, I didn't have my GPS and didn't really know where I was going and ran in circles in this one neighbor hood until 10 or 11 o'clock at night.",validation,validation/HbGeoKBULAA.000.mp4,0.7009345794392522,chalearn_annotation_mirror,medium,test
Hklc55y7vUI.000.mp4,Hklc55y7vUI,5,"Now, but yesterday I passed out. It was a long day with no electricity in the morning. I was just tired. So anyways, I just finished my awesome workout. I got two weeks to go and I got some great news, well at least for me. I woke up.",train,train/Hklc55y7vUI.000.mp4,0.23364485981308408,chalearn_annotation_mirror,low,test
I01_ubtktEQ.004.mp4,I01_ubtktEQ,6,"... dance with it, in my tips and tricks. Please let me know in the comments. I'll probably upload those videos in the next couple of weeks. Anyway this will be the last time you see my mug as 30 year old woman, because tomorrow is my birthday and I'm just going to use whatever-",train,train/I01_ubtktEQ.004.mp4,0.46728971962616817,chalearn_annotation_mirror,medium,test
IGjI8aP14gg.003.mp4,IGjI8aP14gg,4,"... Something, or it's so annoying or something, and I'll be like, ""Okay,"" and then, the next day, we'll be like, ""Oh, yeah, I love this so much, I love this, I love it, I love,"" and I'll just be standing there like, ""I like ...""",validation,validation/IGjI8aP14gg.003.mp4,0.29906542056074764,chalearn_annotation_mirror,low,test
II2KVV-uLNI.000.mp4,II2KVV-uLNI,5,"If I'd have at least read some more fashion magazines, I think I'd have known about ... Yeah, put this with this and this with this, which I didn't do. I just used to go in shops and buy crap.",train,train/II2KVV-uLNI.000.mp4,0.5046728971962616,chalearn_annotation_mirror,medium,test
IyBCZySg-c4.005.mp4,IyBCZySg-c4,4,"I was always thankful no matter how many subs I had. Whether it was 20. Back when I started, I barely had 20 subscribers, but I was still thankful. You know? When I first hit 100, i was always thankful. When I hit 500. When my old channel hit 1000. When I made the new channel, when that hit ...",validation,validation/IyBCZySg-c4.005.mp4,0.5327102803738317,chalearn_annotation_mirror,medium,test
J0I8JzMR4IE.005.mp4,J0I8JzMR4IE,5,"Wanting to start a YouTube channel like Martin. Now, I would have to say that all the tips and tricks for any kind of YouTube channel would be the same, no matter if you're making beauty videos, or you're making entertainment or personality vlogs. Whatever it is, I would say that being yourself, uploading consistently and having",train,train/J0I8JzMR4IE.005.mp4,0.644859813084112,chalearn_annotation_mirror,medium,test
J9WyswA0vow.004.mp4,J9WyswA0vow,5,"So much, you guys don't even know how much this means, actually getting people to ask me questions is like crazy, but if you guys liked it, give this video a big thumbs up. If you guys want to see something like this again, put down in the comments section below so I can know. Tell me what you guys want to-",validation,validation/J9WyswA0vow.004.mp4,0.616822429906542,chalearn_annotation_mirror,medium,test
JKDEEwxZwrw.001.mp4,JKDEEwxZwrw,5,"When I record the videos, I have a bunch of different people who help me out in filming them, so the Owlet is any number of people. When we filmed that live exploit hunters, you saw that the Owlet in that one was Hughey. So Hughey is one of the guys who helps me a lot. Dark Diablo helps me a lot.",train,train/JKDEEwxZwrw.001.mp4,0.43925233644859807,chalearn_annotation_mirror,medium,test
JZNMxa3OKHY.005.mp4,JZNMxa3OKHY,4,"It's crazy, I've always been really into how society plays a role in human behavior. That was always my thing in college, and then I just randomly got into special education and I truly do-",train,train/JZNMxa3OKHY.005.mp4,0.514018691588785,chalearn_annotation_mirror,medium,test
JiXJeI5_jGM.003.mp4,JiXJeI5_jGM,4,"Lots of protein on every single meal, and I try to avoid sugar as much as I can. Once a week, I have a cheat day when I can eat whatever I want, and-",train,train/JiXJeI5_jGM.003.mp4,0.5514018691588785,chalearn_annotation_mirror,medium,test
Jv2lyDcOmEM.002.mp4,Jv2lyDcOmEM,5,"I love Labradors and I love big dogs. I'm not a fan of small dogs, even though I kind of have 2 small dogs. I have cocker spaniels but I do love them but I'm more in to big dogs. I really really want-",train,train/Jv2lyDcOmEM.002.mp4,0.14953271028037382,chalearn_annotation_mirror,low,test
JzXnxQDnwWE.005.mp4,JzXnxQDnwWE,5,"... poking your ear and it's like sort of curving and it just kind of really really hurts. It doesn't hurt as much when they straight go in, but when they start like tugging around to put  the bead on it. If this makes any sense at all, that bit really, really hurts. I would probably give that ...",validation,validation/JzXnxQDnwWE.005.mp4,0.5700934579439252,chalearn_annotation_mirror,medium,test
K9ZTOb6PbfQ.002.mp4,K9ZTOb6PbfQ,5,"Discomfort. It is important to hydrate with water and watch for signs of dehydration such as dry mouth, thirst, headache and dizziness. If adults or children experience a fever or chills or the burn covers 20% or more of the body-",validation,validation/K9ZTOb6PbfQ.002.mp4,0.6355140186915886,chalearn_annotation_mirror,medium,test
KGRUaRe3r7I.002.mp4,KGRUaRe3r7I,5,"... where the ideas that make up Idea Channel come from. I really wish that there was a more interesting answer to this question. I try to read a lot. I read, maybe, a book a week, if not more. I try to watch, and listen to, and read as much as I possibly-",train,train/KGRUaRe3r7I.002.mp4,0.8130841121495327,chalearn_annotation_mirror,high,test
KsToJAKi7xQ.000.mp4,KsToJAKi7xQ,5,"And if a particular area feels like it's getting locked down really easily by just a couple of players paying attention, we'll start to add more routes until we feel we've hit that sweet spot where you don't lose control of the space but you can't completely dominate it by standing in one position.",train,train/KsToJAKi7xQ.000.mp4,0.514018691588785,chalearn_annotation_mirror,medium,test
Lt89YrQHF_w.000.mp4,Lt89YrQHF_w,5,"It's a boot that can slip on and there you go. You don't have to worry about lacing and all that stuff. I literally just slide my foot in and I'm good. In terms of jacket, stuff like that...",validation,validation/Lt89YrQHF_w.000.mp4,0.3925233644859813,chalearn_annotation_mirror,low,test
Me22JENkhJA.005.mp4,Me22JENkhJA,5,"... [Bo 00:00:15] asked me who's winning game seven tomorrow Spurs or Heat? That game seven? Spurs or Heat? I don't know. I don't even know who won, that happened a while ago. I don't watch sports.",train,train/Me22JENkhJA.005.mp4,0.2523364485981308,chalearn_annotation_mirror,low,test
MvWDky9ZaWU.000.mp4,MvWDky9ZaWU,5,"To create that depth where it was add a blurriness effect, you can just do that with the fast blur which you can also find in Premier Pro if you're not familiar with After Effects, but not add the fast blur to the whole image but-",train,train/MvWDky9ZaWU.000.mp4,0.8878504672897195,chalearn_annotation_mirror,high,test
N0UweTwwQqQ.000.mp4,N0UweTwwQqQ,4,"Mine is nowhere near the best it could be. I really do need to upgrade my lens on my SLR and kind of work on that, but it's a really good place to start and you don't have to get all of these really expensive things. Just a normal camera and a cheap tripod with one-",train,train/N0UweTwwQqQ.000.mp4,0.6635514018691588,chalearn_annotation_mirror,medium,test
N5YT0FFd3-s.005.mp4,N5YT0FFd3-s,5,.. my message out. That's more on my Question Your Food health fitness channel. I like to be able to help people to get healthy and stuff. I really like giving back and helping people. Even on this channel too. I like being entertaining and having fun and making you guys laugh and making you-,validation,validation/N5YT0FFd3-s.005.mp4,0.6074766355140186,chalearn_annotation_mirror,medium,test
NDC375coN1o.002.mp4,NDC375coN1o,4,... sleep [inaudible 00:00:15]. I'm in bed still. The other reason I haven't been able to post videos is because I'm just-,train,train/NDC375coN1o.002.mp4,0.07476635514018691,chalearn_annotation_mirror,low,test
NTATNIs2sSc.001.mp4,NTATNIs2sSc,5,People my age cause we went to a skiing place in Michigan and I met a couple of locals. I spent my New Year's Eve with them and it was a lot of fun.,train,train/NTATNIs2sSc.001.mp4,0.3644859813084112,chalearn_annotation_mirror,low,test
NXG4n1pr4Ok.001.mp4,NXG4n1pr4Ok,5,"Actually watching and commenting so that's ... I'm like, ""This is cool. This is fun. Let me try one more."" The next one I did was this floating hamburger prank which was really fun or I think it was before that was a robbery prank where we prete-",train,train/NXG4n1pr4Ok.001.mp4,0.43925233644859807,chalearn_annotation_mirror,medium,test
NkFJuN8fBDU.000.mp4,NkFJuN8fBDU,5,"I did think about death. I thought about all different types of things that you think about when you're depressed, basically. I did go up to a psychiatrist, talked about my break up and ...",train,train/NkFJuN8fBDU.000.mp4,0.47663551401869153,chalearn_annotation_mirror,medium,test
Nv0-x4K9YFI.001.mp4,Nv0-x4K9YFI,5,"... I might stream it. I'm going to highlight the stream and then I'm going to just upload it to TPG, and then boom, be ready to go. This way I don't have to download the video, cut what needs to be cut, and then go from-",train,train/Nv0-x4K9YFI.001.mp4,0.37383177570093457,chalearn_annotation_mirror,low,test
OEKg-Tvwcbk.000.mp4,OEKg-Tvwcbk,5,"Wednesday, so I have so many appointments that I need to like fit in within the next two weeks that I know I need to, they all need to be written down and time managed and whatever, but like what a joke. You guys, I don't need to-",train,train/OEKg-Tvwcbk.000.mp4,0.616822429906542,chalearn_annotation_mirror,medium,test
OXkDmd3nA94.001.mp4,OXkDmd3nA94,5,"Do you wear glasses and when did you get them? I have a prescription that I got, I think like six years ago or five years ago, but I don't wear them just because.",validation,validation/OXkDmd3nA94.001.mp4,0.22429906542056074,chalearn_annotation_mirror,low,test
OgPC4wnLJR0.004.mp4,OgPC4wnLJR0,5,"[Leanne Dowling 00:00:17] asked, ""What training have you done to get where you are?"" Again, I took a ton of art classes. I did go to Cinema Makeup School, which I have a whole video on. A lot of you guys have asked questions and asked me questions constantly about-",train,train/OgPC4wnLJR0.004.mp4,0.2523364485981308,chalearn_annotation_mirror,low,test
OoxYhDbzWwg.002.mp4,OoxYhDbzWwg,6,"Once I decided to go out and then after I was just like, ""I'm doing it."" It was my choice so I didn't see the need for a consultation if it was my choice to eat and live the way that I wanted to live.",train,train/OoxYhDbzWwg.002.mp4,0.43925233644859807,chalearn_annotation_mirror,medium,test
Or2_bP4lWYI.003.mp4,Or2_bP4lWYI,6,"Big questions often a bit of democracy, and and [participate 00:18] in democracy, or whether it's more about a legitimization of the existing status quo, is a question that is fiercely debated and something that I also invite you to debate amongst yourself.",validation,validation/Or2_bP4lWYI.003.mp4,0.7383177570093457,chalearn_annotation_mirror,medium,test
OwI3Q-qUqDw.001.mp4,OwI3Q-qUqDw,5,"Like putting the ones that are worth something because ... Plain logo ones don't seem to be moving for me, so I've already started using those. I gave some to my daughter. The only one that I have found that is selling for good money is a komodo dragon one that I just found. That one, I lucked it up, but the rest I'm just ...",train,train/OwI3Q-qUqDw.001.mp4,0.35514018691588783,chalearn_annotation_mirror,low,test
P0ZzjnS8E24.001.mp4,P0ZzjnS8E24,6,"All sorts of things, do they look normal? Are they working normal? My significant other or some hook-up I had says they're not normal. I don't know if my partner's bodies are normal. There's a lot of questions about normal and these are great questions to have but also.",validation,validation/P0ZzjnS8E24.001.mp4,0.4953271028037382,chalearn_annotation_mirror,medium,test
P0ZzjnS8E24.004.mp4,P0ZzjnS8E24,6,"Is viewing sex, sexuality, and other associated things like gender, and orientation, and our bodies as one of many potential sources of health and healing? Both individually and relationally. Why do I think sex ...",validation,validation/P0ZzjnS8E24.004.mp4,0.4205607476635514,chalearn_annotation_mirror,medium,test
P2B2K7DvUC8.004.mp4,P2B2K7DvUC8,4,"Only advice on my hair and that was my very first video. I made a couple of hair videos after that, which I have deleted. I wish I would have kept them up but they were just such horrible quality, I delete-",validation,validation/P2B2K7DvUC8.004.mp4,0.4299065420560747,chalearn_annotation_mirror,medium,test
PKtzsEqLGx4.000.mp4,PKtzsEqLGx4,5,"By me not saying anything back to them or talking to them or just blocking and deleting them, it's my channel. I do whatever I want. If you don't like me, you don't have to watch me. I'm not for everybody. Everybody's not for me. That's the great thing about this ...",train,train/PKtzsEqLGx4.000.mp4,0.4485981308411215,chalearn_annotation_mirror,medium,test
PKtzsEqLGx4.002.mp4,PKtzsEqLGx4,5,"Also, yes. This video is going to be my answers to the questions that you guys asked in my coffee talk, I think I called it, video. Yeah, I have all the questions on my iPad.",validation,validation/PKtzsEqLGx4.002.mp4,0.33644859813084105,chalearn_annotation_mirror,low,test
PTV5TBVRHxo.000.mp4,PTV5TBVRHxo,6,"... inside jokes, a lot of things that only true mirfandas are going to understand and get. At the same time, we're trying to open up so that family can watch this together and no matter what your age group, what your demographic ...",train,train/PTV5TBVRHxo.000.mp4,0.5981308411214953,chalearn_annotation_mirror,medium,test
Q2AI4XpApFs.005.mp4,Q2AI4XpApFs,5,"[inaudible 00:00:15] which is amazing. It's gonna help so much in prep. It basically just like puffs up sweet potatoes and stuff, and I was eating like 100 grams of sweet potato, and normally if I were to eat just like baked, or I usually microwave it because I'm lazy, is like this",train,train/Q2AI4XpApFs.005.mp4,0.616822429906542,chalearn_annotation_mirror,medium,test
QKlawwZQK9M.001.mp4,QKlawwZQK9M,5,"I don't listen to it that often. But, I really, really, really like it, or them. But, yeah, there's some of the bands that I really like and enjoy to listen to. Yeah.",train,train/QKlawwZQK9M.001.mp4,0.5514018691588785,chalearn_annotation_mirror,medium,test
Qa-yF-tByDM.003.mp4,Qa-yF-tByDM,4,I'm not subscribed to any Clash of Clans YouTubers. I do watch some of them from time to time just to see how everything's going with them and stuff like that. I am subscribed to a few other gaming channels as well.,validation,validation/Qa-yF-tByDM.003.mp4,0.5046728971962616,chalearn_annotation_mirror,medium,test
Qe7q8SFJ71E.004.mp4,Qe7q8SFJ71E,5,... this ten times fast. A constant Constantinides could constantly consent if consecutively concussed concurrently. A constant Constantinides could constantly consent if consecutively concussed concurrently. A constant Constantinides could constantly consent if consecutively concussed ...,train,train/Qe7q8SFJ71E.004.mp4,0.24299065420560745,chalearn_annotation_mirror,low,test
QiPb8vlGDFo.000.mp4,QiPb8vlGDFo,4,Probably like an 8 point 9. There we go. Who do I like? I'm not going to say ...,train,train/QiPb8vlGDFo.000.mp4,0.35514018691588783,chalearn_annotation_mirror,low,test
QiPb8vlGDFo.001.mp4,QiPb8vlGDFo,4,"... Several friends, so it's not just one.",train,train/QiPb8vlGDFo.001.mp4,0.35514018691588783,chalearn_annotation_mirror,low,test
QipgesEKSNA.002.mp4,QipgesEKSNA,6,"I love secondary school now, and year eleven, I don't know, because I just started, so I don't really know [inaudible 00:00:20]. It's only getting hard, because I know the exams are coming up, but yeah. Just love life and don't let anyone tell you ain't this, you ain't-",train,train/QipgesEKSNA.002.mp4,0.6542056074766355,chalearn_annotation_mirror,medium,test
Qqc1539E6rs.005.mp4,Qqc1539E6rs,5,"Four houses, and I don't actually know who we're going to this year, but I think it's the Browns in our local village and they're really really lovely. We kind of all have a really festive, sort of Christmas together. Awesome Christmas breakfast, all the trimmings, kind of like fry up.",train,train/Qqc1539E6rs.005.mp4,0.7009345794392522,chalearn_annotation_mirror,medium,test
R-vly7LKotQ.000.mp4,R-vly7LKotQ,6,"-still doing what we're doing, but on a greater scale. More livestreams. That'd be kind of cool. You should do giveaways. I would love to do some giveaways. I just got to think of some key events and key moments of when to do giveaways and stuff. Do weekly-",validation,validation/R-vly7LKotQ.000.mp4,0.6542056074766355,chalearn_annotation_mirror,medium,test
ROTx-0q1F9M.005.mp4,ROTx-0q1F9M,5,"... a model. I actually do want to be a model. What is your favorite '90s movie? My favorite '90s movie of all time would definitely be Clueless. That movie is so good. It's so funny, and it's so girly.",train,train/ROTx-0q1F9M.005.mp4,0.6355140186915886,chalearn_annotation_mirror,medium,test
RrvG7JlKoXM.002.mp4,RrvG7JlKoXM,4,Review of them it would have hurt their company. I didn't feel like they deserved that. They weren't a scam or anything it just wasn't what I was expecting. If I did a fake positive review of it it would have hurt you guys if you decide to go out and buy one based on-,train,train/RrvG7JlKoXM.002.mp4,0.4859813084112149,chalearn_annotation_mirror,medium,test
S0QIXcQGG-g.000.mp4,S0QIXcQGG-g,5,Same thing with French Montana. He looks like he's going to like a...,train,train/S0QIXcQGG-g.000.mp4,0.6355140186915886,chalearn_annotation_mirror,medium,test
SBEad3L1Hdc.000.mp4,SBEad3L1Hdc,5,"Or very very low income people. Pads and tampons are crazy expensive. They're taking the GSD off of it here in Canada, which is really cool. There was still one tax on it and they got enough votes on a petition or -",train,train/SBEad3L1Hdc.000.mp4,0.3457943925233644,chalearn_annotation_mirror,low,test
SEELGB_-uWU.002.mp4,SEELGB_-uWU,4,"Yes. I will be making more because I thought this would be cool. Let's begin. It's snowing outside. First question is from Milani, sorry if I pronounced your name wrong,",train,train/SEELGB_-uWU.002.mp4,0.4299065420560747,chalearn_annotation_mirror,medium,test
SM0i7RkOjPk.000.mp4,SM0i7RkOjPk,5,"Point by GTA five and I'll do videos on that. I might start playing some PC games. In fact, for all of you watching I want you to comment what games you want me to play.",train,train/SM0i7RkOjPk.000.mp4,0.41121495327102797,chalearn_annotation_mirror,medium,test
SNEoE1c-k64.001.mp4,SNEoE1c-k64,4,"Videos, the chakras, the awakening process, the sliders. I think the one that was commented on ... One of them was a really old one of the universal laws, because I think I started make-",validation,validation/SNEoE1c-k64.001.mp4,0.46728971962616817,chalearn_annotation_mirror,medium,test
SR1Q5M2urxY.004.mp4,SR1Q5M2urxY,5,"Say one thing- say one bad thing about Android. Now, if you didn't know, I love Android, and I honestly think they are better than Apple. Now, one bad thing about Android is that if someone texts you from an iPhone, and they send-",train,train/SR1Q5M2urxY.004.mp4,0.5327102803738317,chalearn_annotation_mirror,medium,test
SRjhmQTPOmA.000.mp4,SRjhmQTPOmA,7,"With a lot of things. You want to take a look at that, and I hope I gave enough education on how to look at your eyes here, to look at the pituitary so you can see. Of course, that's going also affect your TSHs, your PTHs, your FSHs, your-",validation,validation/SRjhmQTPOmA.000.mp4,0.5420560747663551,chalearn_annotation_mirror,medium,test
Se3Gts4u1vs.000.mp4,Se3Gts4u1vs,6,"Are you kidding me? No, doesn't work like that. Doesn't work like that. That's crazy to say that you can't transfer. How do you render the final product? How can you render?",train,train/Se3Gts4u1vs.000.mp4,0.4299065420560747,chalearn_annotation_mirror,medium,test
Se3Gts4u1vs.005.mp4,Se3Gts4u1vs,6,"They catch all my mistakes and know my intentions and stuff like that. It would be impossible to find someone like that, I think and trust them. You know, really I wouldn't save... Yeah, I might save some but that's what I'd have to...",train,train/Se3Gts4u1vs.005.mp4,0.7102803738317757,chalearn_annotation_mirror,medium,test
SfldZBPyPFo.000.mp4,SfldZBPyPFo,6,For a while and any type of entity of even a magic attack will not be able to cross that barrier. Of course a third type of barrier would be the [energetical 00:00:29],validation,validation/SfldZBPyPFo.000.mp4,0.22429906542056074,chalearn_annotation_mirror,low,test
SfldZBPyPFo.001.mp4,SfldZBPyPFo,6,Friends can by the Golden Dawn. You will find a lot of times that the four archangels are called. You do not necessarily have to do that. Whichever ...,train,train/SfldZBPyPFo.001.mp4,0.21495327102803735,chalearn_annotation_mirror,low,test
T-mK85acIOc.005.mp4,T-mK85acIOc,5,"What does love mean to you? Okay, first family and friend-wise love means to ... that's so hard. Love. To love ...",train,train/T-mK85acIOc.005.mp4,0.37383177570093457,chalearn_annotation_mirror,low,test
T3v3-2tvV0s.001.mp4,T3v3-2tvV0s,6,"Hate stories, but I have seen flaws in some other things that I think because I have a critical eye that I can pick up, but I've never not enjoyed one of his books. He definitely would be a favorite as ...",validation,validation/T3v3-2tvV0s.001.mp4,0.2897196261682243,chalearn_annotation_mirror,low,test
TK6hBCARiHI.005.mp4,TK6hBCARiHI,5,"Several times might I add. Drop me some questions for Q & A coming up this weekend which was like last weekend, I believe, and I pretty much got like no questions and I've had to keep on bumping the tweets until I actually get questions. If you guys don't follow me on Twitter-",validation,validation/TK6hBCARiHI.005.mp4,0.5233644859813084,chalearn_annotation_mirror,medium,test
TyE0bVJZZto.001.mp4,TyE0bVJZZto,4,"All of the games I played, of course, it's ... I don't know. It's his personality, his clothes. I love ...",validation,validation/TyE0bVJZZto.001.mp4,0.3831775700934579,chalearn_annotation_mirror,low,test
UA6UY69EVSI.002.mp4,UA6UY69EVSI,6,"Really feels like there's a little alien in there like scratch, pinch, scratch, pinch. Back and forth. Sometimes it's just a stabbing pinch and sometimes it's just a little clawing. Sometimes it's just an ache.",train,train/UA6UY69EVSI.002.mp4,0.43925233644859807,chalearn_annotation_mirror,medium,test
UA6UY69EVSI.004.mp4,UA6UY69EVSI,6,"Thanks for letting me do just a quick little vlog today. I'll have more footage in the next one because I'll just combine all the weekdays together. Thanks so much, guys. I love your bums and I will see you next ...",train,train/UA6UY69EVSI.004.mp4,0.35514018691588783,chalearn_annotation_mirror,low,test
UEYKBC_SuzU.001.mp4,UEYKBC_SuzU,4,"Asked Facebook as well, and I just remember that I asked Facebook just now, but I don't use my Facebook fan page that often. You're more apt to find me on Twitter than you are Facebook fan page. I should really use that more often.",train,train/UEYKBC_SuzU.001.mp4,0.35514018691588783,chalearn_annotation_mirror,low,test
UEYKBC_SuzU.004.mp4,UEYKBC_SuzU,4,"I mean, with the experience that I've picked up doing Youtube videos, I have extensive knowledge of Photoshop and various editing programs. I think so long as I were to take some sort of certification class...",train,train/UEYKBC_SuzU.004.mp4,0.43925233644859807,chalearn_annotation_mirror,medium,test
UKHSKkb0V1o.005.mp4,UKHSKkb0V1o,5,"-which is your quads, your hamstrings, your calves. That's pretty much it, man. I will definitely recommend a three-day split for your. After you do that three-day split for about a month or two, then I will probably start looking into a four day split-",train,train/UKHSKkb0V1o.005.mp4,0.6261682242990654,chalearn_annotation_mirror,medium,test
USO-o9dHJ3U.001.mp4,USO-o9dHJ3U,6,"She'll get a turkey roll from a guy that she used to work with at Cooks, and she'll get a ham from Honey Baked Hams. We would have that for Thanksgiving and Christmas. At my house now, we usually do turkey or chicken.",train,train/USO-o9dHJ3U.001.mp4,0.3644859813084112,chalearn_annotation_mirror,low,test
UWVOT3YPQH4.000.mp4,UWVOT3YPQH4,6,"To elegant femme and drawn to our types of programs, because it's more than just the logistics of is this right or is this wrong for me, it's also who am I opening up to? Who is it that I want to be around? Who is it that I want to not only learn from and grow-",validation,validation/UWVOT3YPQH4.000.mp4,0.5981308411214953,chalearn_annotation_mirror,medium,test
UipoC_HLOP0.004.mp4,UipoC_HLOP0,6,"I do, and it's been working for me, and I'll teach you how to make it work for you. Once we go through that, then we start putting together goals and objectives and then we create an implementation ...",train,train/UipoC_HLOP0.004.mp4,0.6635514018691588,chalearn_annotation_mirror,medium,test
Uu-NbXUPr-A.000.mp4,Uu-NbXUPr-A,5,"I should get over you. Just know if someone likes you or not, it's really obvious. There's so many different ways that you know a guy likes you, if he's paying attention to you, if he's texting you all the time, if he's calling you, if he's wanting to hang out, if he's liking your ...",train,train/Uu-NbXUPr-A.000.mp4,0.7476635514018691,chalearn_annotation_mirror,high,test
V8w2Lo5wxl8.000.mp4,V8w2Lo5wxl8,4,"... nutrients in them, but that's like saying an egg has nutrients. Yes, it does have nutrients, but we have to look at the other things that it's influencing then. I try to keep my blood sugar very balanced throughout the day, so I can have the best sort of energy and the best ...",train,train/V8w2Lo5wxl8.000.mp4,0.5981308411214953,chalearn_annotation_mirror,medium,test
VAZLQqJa9rQ.004.mp4,VAZLQqJa9rQ,6,"You just want to ask me a question or anything, make sure to leave it in the comments below and who knows, in a future episode I might discuss your topic or your question as I answer it on Epic Fr-",train,train/VAZLQqJa9rQ.004.mp4,0.3644859813084112,chalearn_annotation_mirror,low,test
Vk3scj5vhd4.002.mp4,Vk3scj5vhd4,3,"A computer or a phone it is a tablet and third of all I'm not sure if you can or cannot tell, but my skin is probably the weirdest color. I don't have any professional lights, yes hopefully next month or the month...",validation,validation/Vk3scj5vhd4.002.mp4,0.35514018691588783,chalearn_annotation_mirror,low,test
W0Ay5uul8j0.001.mp4,W0Ay5uul8j0,5,"If you did not see the last blog that I did... There has been an update in my job where... I don't know if it's been a week, but it's been a few days. It was just because I have been travelling to Sweden, and that is--",train,train/W0Ay5uul8j0.001.mp4,0.4859813084112149,chalearn_annotation_mirror,medium,test
WT1YjeADatU.004.mp4,WT1YjeADatU,5,"I don't know how long I'm going to stay, but I know the first year I want to be home with her. I'm still in school, so I'm going to keep continuing my education while I'm watching her.",validation,validation/WT1YjeADatU.004.mp4,0.5420560747663551,chalearn_annotation_mirror,medium,test
WwGca41TJVU.003.mp4,WwGca41TJVU,6,"[inaudible 00:00:32] UA, Q and A blog. Since we see you guys ask a lot of questions in the comment area and we a lot of times don't get to them simply because we are using my iPhone to upload",train,train/WwGca41TJVU.003.mp4,0.3925233644859813,chalearn_annotation_mirror,low,test
X5aKCrWf6a4.004.mp4,X5aKCrWf6a4,5,"It's easier to say, yes, an older dog can hold a tension and do a little bit more training, but if they actually haven't had that exercise as a puppy and learned to do training, their brain power can be just as small as a two month old, three month old puppy. Then I've met some three month old -",validation,validation/X5aKCrWf6a4.004.mp4,0.5233644859813084,chalearn_annotation_mirror,medium,test
XLV7teADu3c.000.mp4,XLV7teADu3c,5,She's well known in art house films in Turkey. She's not like the ...,train,train/XLV7teADu3c.000.mp4,0.5327102803738317,chalearn_annotation_mirror,medium,test
XOioICna1hc.001.mp4,XOioICna1hc,6,"... situations. We pray for them. We tell them the truth. If they want to take it or leave it, that's between them and God. Our job is to love people unconditionally, no matter what. That goes for you and ...",train,train/XOioICna1hc.001.mp4,0.35514018691588783,chalearn_annotation_mirror,low,test
XYt6WL-l7do.002.mp4,XYt6WL-l7do,5,"... One bit of advice for an aspiring fitness model or athlete, I would say have fun with it. Fitness and the gym should be all about fun. It's not about competing with other people. It's you versus you in the gym. I see so many people out there in the fitness industry that start ...",train,train/XYt6WL-l7do.002.mp4,0.7850467289719626,chalearn_annotation_mirror,high,test
XbsA_lCKQLs.005.mp4,XbsA_lCKQLs,5,"... Mustang. You could get a donor 5.0 mustang, and then just get what you need and sell the rest and either modify the sub-frame and everything yourself, or buy the kit that Monster Miata ...",validation,validation/XbsA_lCKQLs.005.mp4,0.5887850467289719,chalearn_annotation_mirror,medium,test
XvV4YdhpC2w.002.mp4,XvV4YdhpC2w,5,"Easy, and my answer to this is, yes, of course, push and pull only, will build you muscle. Actually is a pretty popular split, I would say probably the most popular split there is for bodybuilding, and body weight training.",train,train/XvV4YdhpC2w.002.mp4,0.5887850467289719,chalearn_annotation_mirror,medium,test
XvV4YdhpC2w.003.mp4,XvV4YdhpC2w,5,"... get on the calf raise machine actually, and I would do calf raises. So yes, I do work on my calves, they're just stubborn and they won't grow. We all know calves is basically that type of muscle that will give you trouble, compared to all your other muscles ...",validation,validation/XvV4YdhpC2w.003.mp4,0.5514018691588785,chalearn_annotation_mirror,medium,test
Y6iogSmj6FQ.005.mp4,Y6iogSmj6FQ,6,"... Doing that for awhile so send in your questions down below, like I said, anything you want to ask me, football or non football. All right? Superbowl's over, all that stuff is behind us now, time to move-",train,train/Y6iogSmj6FQ.005.mp4,0.5420560747663551,chalearn_annotation_mirror,medium,test
YP7N98ECZaI.002.mp4,YP7N98ECZaI,5,"If you say Jesus is gonna come back, that is less unlikely than if you say, ""Jesus is gonna come back to Jerusalem at this specific point in time, at this specific place.""",train,train/YP7N98ECZaI.002.mp4,0.4299065420560747,chalearn_annotation_mirror,medium,test
YuoLr4xDvbE.002.mp4,YuoLr4xDvbE,5,"L'Oreal Voluminous or something like that, or all the Covergirl, like the lash blast volume or whatever the purple tube I like that. Then she also asks, ""What are wishes from Christmas greetings for Germany?"" That is so cool!",train,train/YuoLr4xDvbE.002.mp4,0.5794392523364486,chalearn_annotation_mirror,medium,test
YwsVpkumbJc.002.mp4,YwsVpkumbJc,6,"Just uplifting, encouraging videos. I'm not really a vlogger per se because I never do a follow me in the life kind of thing, but I am on SnapChat now. So that's as close as I'm gonna get to vlogging.",train,train/YwsVpkumbJc.002.mp4,0.6261682242990654,chalearn_annotation_mirror,medium,test
Z9GzSxQHKSI.004.mp4,Z9GzSxQHKSI,4,"... someone asked what my next travel destination would be. After Australia, I definitely just want to explore Asia. I want to immerse myself in that culture, my culture, again. I want to explore rural China. I want to go to Vietnam, Japan. Explore more of Thailand ...",train,train/Z9GzSxQHKSI.004.mp4,0.6542056074766355,chalearn_annotation_mirror,medium,test
ZIyfXdCxN9E.000.mp4,ZIyfXdCxN9E,5,"It feels like they want to come down, to celebrate my birthday with me. We're going to be having dinner at a place called Ethos, a vegan kitchen, here in Orlando.",train,train/ZIyfXdCxN9E.000.mp4,0.23364485981308408,chalearn_annotation_mirror,low,test
ZRl_k6DzTeI.000.mp4,ZRl_k6DzTeI,5,"... They will be coming back, either tomorrow or the next day. I just haven't been able to record any lately but I will be trying today. Anyways, if you like the video press my button down below and don't forget to ask as many questions as you want to ask. I don't really care as long as there not ...",train,train/ZRl_k6DzTeI.000.mp4,0.46728971962616817,chalearn_annotation_mirror,medium,test
ZRrduU1CXqU.004.mp4,ZRrduU1CXqU,5,"... [inaudible 00:00:30] the wall and we send letters old school on paper, usually mid-March, second or third week of the month. Early decision one, similar question but about early decision notification. We don't-",train,train/ZRrduU1CXqU.004.mp4,0.5607476635514018,chalearn_annotation_mirror,medium,test
Zb5BstGpJ48.001.mp4,Zb5BstGpJ48,6,...and talked about with the minister has and approved from[inaudible 00:00:35]. All parties bought this and we'll ask you from the 10th of November to make a statement by voting yes for children and therefore by voting.,validation,validation/Zb5BstGpJ48.001.mp4,0.514018691588785,chalearn_annotation_mirror,medium,test
ZgFh3JPMs3Q.002.mp4,ZgFh3JPMs3Q,5,"Two children. The dynamic of our family of four is just really good and unless something happens and I get pregnant, then that's in God's hands, but we aren't planning no having any more children, so ...",train,train/ZgFh3JPMs3Q.002.mp4,0.6355140186915886,chalearn_annotation_mirror,medium,test
ZqbJIM7rmO8.005.mp4,ZqbJIM7rmO8,5,"... team assembled, or do you think, maybe, having five and then getting the sixth one that late is fine? I'm curious. It doesn't really help me, though, to get him that late. He's meant for ... I guess in that game, he's kind of more meant for like-",train,train/ZqbJIM7rmO8.005.mp4,0.7757009345794392,chalearn_annotation_mirror,high,test
_0bg1TLPP-I.004.mp4,_0bg1TLPP-I,5,"You're more than welcome to. I really just want to thank you guys so much for being there, supporting me in what I do and watching my YouTube videos. There are definitely more videos on the way. As I always say guys, be safe out there and try not to count shells. I'm Garaholic and I'm signing out.",train,train/_0bg1TLPP-I.004.mp4,0.5981308411214953,chalearn_annotation_mirror,medium,test
_2DSmy36OEM.005.mp4,_2DSmy36OEM,5,Let's see. I can't tell you. I don't know. Maybe I will be in [inaudible 00:00:42]. Maybe I will be living ...,validation,validation/_2DSmy36OEM.005.mp4,0.3925233644859813,chalearn_annotation_mirror,low,test
_7s27dUoYVg.000.mp4,_7s27dUoYVg,5,"Look gorgeous and glamorous, and that's when I'm really in my best comfort zone, when I'm doing somebody else's face. That's what I do. That's what I'm best at doing and I just wanna be comfortable and feel in a really good work mode.",train,train/_7s27dUoYVg.000.mp4,0.7102803738317757,chalearn_annotation_mirror,medium,test
_X6_C_Oy9VA.000.mp4,_X6_C_Oy9VA,4,"It's now closed down actually as well. I am now friends with these guys, and I have been forever. It's nice. [inaudible 00:00:38] been good mates, and then I sort of ... That is, you don't really know what friendship group you're in. You just tend to mix around with other-",train,train/_X6_C_Oy9VA.000.mp4,0.4953271028037382,chalearn_annotation_mirror,medium,test
_bOOlidEWgY.001.mp4,_bOOlidEWgY,6,"Some of those guys were complete unknowns a year, 18 months ago, and now they're getting some of the biggest book deals, some of the biggest film deals if you talk about Hank Green, John Green in the States. These guys are ... The world really is ...",train,train/_bOOlidEWgY.001.mp4,0.8130841121495327,chalearn_annotation_mirror,high,test
_fJcW5234bY.000.mp4,_fJcW5234bY,4,"My favorite movie is ... Six Years is really, really good. The Road Within is really, really good, and Short-Term Twelve. Those are like the three top movies that I can really think of that are amazing. I highly recommend them and if you watch any of them ...",train,train/_fJcW5234bY.000.mp4,0.5700934579439252,chalearn_annotation_mirror,medium,test
_hR9AD-eIy8.002.mp4,_hR9AD-eIy8,5,"And that's great. THat's one set of people. If you are belonging to other set of people, which I feel like I am, where you want someone to make light of the situation and cheer you up. I think that is something that I am quite good at it, but it's purely [crosstalk 00:00:45] ...",validation,validation/_hR9AD-eIy8.002.mp4,0.6728971962616823,chalearn_annotation_mirror,medium,test
_kK9tGN883Y.003.mp4,_kK9tGN883Y,6,"Is ... the witch school series. I don't remember who the author is, but there's like, first, second, and third degree of those books. The witches-",validation,validation/_kK9tGN883Y.003.mp4,0.2523364485981308,chalearn_annotation_mirror,low,test
aFVFvJNnFt0.002.mp4,aFVFvJNnFt0,4,"... created the clan, but based off my original [Warface 00:00:32] thing, he created the clan called Fried Chickens of War. If you want to join Fried Chickens of War, then you're more than welcome. Yeah. He also says what's my favorite tea.",validation,validation/aFVFvJNnFt0.002.mp4,0.4859813084112149,chalearn_annotation_mirror,medium,test
aLvpOYqzErk.002.mp4,aLvpOYqzErk,5,... Pop Tarts at the moment or whatever. There's a birdie. There's sort of like Toy on Pilot so music as well. I like that sort of music.,validation,validation/aLvpOYqzErk.002.mp4,0.4299065420560747,chalearn_annotation_mirror,medium,test
aMPe0uSKqF4.004.mp4,aMPe0uSKqF4,5,"... a place where, you know, YouTube and stuff, like I'm doing okay, so I don't really need a job and I don't want to work a job that I'm not really happy at, because I think that that's not good and I'm not going to stick it out. So, yes, I've been really ...",train,train/aMPe0uSKqF4.004.mp4,0.4205607476635514,chalearn_annotation_mirror,medium,test
aPTNxA43WHY.001.mp4,aPTNxA43WHY,6,"Another opinion on this topic that you may have seen sort of rumbling around Youtube, I watched Ariel Bissett's video of her sort of two-year update on her thoughts about libraries that she did from abroad and I found that to be.",validation,validation/aPTNxA43WHY.001.mp4,0.7663551401869158,chalearn_annotation_mirror,high,test
adBtc3XrSsg.003.mp4,adBtc3XrSsg,6,"You are hopeless. You're [inaudible 00:00:32] hopeless. Case. And I'd commented back going, well maybe they can't see the forest through the trees. He didn't understand that at all.",validation,validation/adBtc3XrSsg.003.mp4,0.3457943925233644,chalearn_annotation_mirror,low,test
atH8mnvu-sE.005.mp4,atH8mnvu-sE,4,Let's say your teacher's having you write a five-page paper and you've written only four pages. How do you make it bigger? What do you do? Change all the periods and commas to size 14 instead of 12. Most teachers have you write ...,train,train/atH8mnvu-sE.005.mp4,0.6822429906542056,chalearn_annotation_mirror,medium,test
atdhaGEh_0c.000.mp4,atdhaGEh_0c,5,Hoping to find something of meaning in my life. Who's hoping to find some sort of happiness that can be maintained for a long period of time so that there aren't ...,train,train/atdhaGEh_0c.000.mp4,0.47663551401869153,chalearn_annotation_mirror,medium,test
b-qfeGqPd04.001.mp4,b-qfeGqPd04,5,"Yeah, it's a good job. There were two of us doing it, because if I was doing it on my own I'd have missed so many stuff out, so yeah I've mainly been doing that today, but it's not been a bad day, so Bar Chat is up now, the third episode. It's Charlie's-",train,train/b-qfeGqPd04.001.mp4,0.4579439252336448,chalearn_annotation_mirror,medium,test
b-qfeGqPd04.003.mp4,b-qfeGqPd04,5,"Lots of variety, please guys. Don't just stick to one subject. Lots of variety. Skies your limit with these things. No limit to how many questions you can ask, because like I say, I'll kind of just build them up and put them into one-",validation,validation/b-qfeGqPd04.003.mp4,0.4953271028037382,chalearn_annotation_mirror,medium,test
b-qfeGqPd04.005.mp4,b-qfeGqPd04,5,"To be quite honest, there's not really much else for me to say. Like I mentioned in yesterday's video, keep getting your questions in, obviously, because I've already put the diary up today. I haven't had any response to it yet, but if you have sent your questions in so far...",train,train/b-qfeGqPd04.005.mp4,0.4205607476635514,chalearn_annotation_mirror,medium,test
bJktioZ5Yxk.002.mp4,bJktioZ5Yxk,6,Life is back to normal. The holidays are over. Here we go. Thanks for joining me. I'm Yuri Elkaim and today we're talking about step 4 in how to meet your goals in 2016. Welcome everyone. Hope you guys are having an awesome ...,train,train/bJktioZ5Yxk.002.mp4,0.616822429906542,chalearn_annotation_mirror,medium,test
bMY2DaFFwzU.001.mp4,bMY2DaFFwzU,4,"[Ky-lizzle Yeezus 00:00:35] asked, ""Kim said would you ever put a sticker on a Bentley? Lol, have you ever wanted a tattoo and if so what would it be? If not, why?""",train,train/bMY2DaFFwzU.001.mp4,0.1682242990654205,chalearn_annotation_mirror,low,test
bMY2DaFFwzU.003.mp4,bMY2DaFFwzU,4,"Nothing, [inaudible 00:00:30]. Boring. Maddie underscore Mad Dog asked do you have a style icon? Is it yourself? You're 100% my style icon. Thank you for being you, xoxo. Thank you.",train,train/bMY2DaFFwzU.003.mp4,0.4205607476635514,chalearn_annotation_mirror,medium,test
bZoN9xp9vgs.001.mp4,bZoN9xp9vgs,5,"Shout out to you Emi. She asked, ""What's your story?"" I don't know what she means by story, but one, I'm going to do a draw my life video soon if I get enough space to, you know, record a like really long video. Also my ...",train,train/bZoN9xp9vgs.001.mp4,0.5233644859813084,chalearn_annotation_mirror,medium,test
c3SQSM9OIsA.005.mp4,c3SQSM9OIsA,6,"Are they looking to upsize or downsize? All that information and then you can call them, that becomes a lot more qualified lead. If you know and you're confident that you have that level of followup with those new leads, man you are going to be next level.",train,train/c3SQSM9OIsA.005.mp4,0.5420560747663551,chalearn_annotation_mirror,medium,test
c5ZnKbaNCE8.001.mp4,c5ZnKbaNCE8,4,"This time next year I think I should be able to get 1.5 to 2K subs. ""Why does Quantum get so many views?"" Obviously because he's a beast. He knows what the viewers want. He knows what his subscribers like, and that's what I'm trying to do.",validation,validation/c5ZnKbaNCE8.001.mp4,0.308411214953271,chalearn_annotation_mirror,low,test
cFGjJg-2zOk.000.mp4,cFGjJg-2zOk,5,"Some good quick answers for y'all. All right? Let's start off at the very top with Seb and Adi W. By the way, I'm going to completely butcher these names, so I apologize in advance. Anyway, Seb and Adi W-",train,train/cFGjJg-2zOk.000.mp4,0.5794392523364486,chalearn_annotation_mirror,medium,test
cLaZxEf1nE4.003.mp4,cLaZxEf1nE4,4,Mm-hmm (affirmative).,train,train/cLaZxEf1nE4.003.mp4,0.5887850467289719,chalearn_annotation_mirror,medium,test
cNXnowQb7rs.005.mp4,cNXnowQb7rs,5,"I think that would apply to like one in every like 1,000 people, and a lot of people just aren't even able to connect to that. That's not what the recorded Q & A is for. The recorded Q & A is kind of for an educational thing. And-",train,train/cNXnowQb7rs.005.mp4,0.7383177570093457,chalearn_annotation_mirror,medium,test
cTbfp7nkX8c.005.mp4,cTbfp7nkX8c,5,"A couple things that are different than middle school or since high school. First, you can't chew gum in middle school, you can in high school. The phone thing. You can't use your phones in middle school. In high school you basically can use them at all times.",train,train/cTbfp7nkX8c.005.mp4,0.32710280373831774,chalearn_annotation_mirror,low,test
ciWUq6iQTIE.001.mp4,ciWUq6iQTIE,6,"An offer to sit in the house and plus I've got my good form now, just kick and all that, but yeah, I probably say Stroman that I have played with.",validation,validation/ciWUq6iQTIE.001.mp4,0.43925233644859807,chalearn_annotation_mirror,medium,test
cnsvc0alWOA.004.mp4,cnsvc0alWOA,5,"Do you have a boyfriend? Yes I do have a boyfriend, he's in the video that I just made, before this one. So yes, I have a boyfriend, it's been ...",train,train/cnsvc0alWOA.004.mp4,0.5794392523364486,chalearn_annotation_mirror,medium,test
cxJ0u6r0-pU.000.mp4,cxJ0u6r0-pU,6,"Variables. These five questions, that I think you should be asking everyone, will give you then a good judgement line on whether you actually want them working with you. What do I mean, them working with you?",train,train/cxJ0u6r0-pU.000.mp4,0.6915887850467289,chalearn_annotation_mirror,medium,test
d8skGb2ycio.005.mp4,d8skGb2ycio,5,"That's what was crazy, they all are females, they were like 25 to 40, and they all sort of had the same problems. Nobody had other stuff going on. So, I started asking, what's the main thing that bugs you? We started getting really good answers, so I started-",validation,validation/d8skGb2ycio.005.mp4,0.5514018691588785,chalearn_annotation_mirror,medium,test
dB2XYhvqUBU.005.mp4,dB2XYhvqUBU,5,"Wonderful as it was the first time around, now it's wonderful with wisdom. I'm just grateful to have that opportunity, the blessing of being a father again. I hope to do it-",validation,validation/dB2XYhvqUBU.005.mp4,0.616822429906542,chalearn_annotation_mirror,medium,test
dRP8ZaAryro.004.mp4,dRP8ZaAryro,6,"But we don't always use ""if."" Sometimes we use the words ""when"" or ""unless."" Here's an example: When it rains, the grass gets wet. Here's an example-",train,train/dRP8ZaAryro.004.mp4,0.47663551401869153,chalearn_annotation_mirror,medium,test
dRr2JtdzUpU.004.mp4,dRr2JtdzUpU,4,"... Season is summer because number one, we don't have any school. Number two, it's warm. Number three, we go on vacations, and four, you can hang out with friends and the possibilities are endless and there's no school. It's just so great. What is the greatest experience I've ever had? Proba-",train,train/dRr2JtdzUpU.004.mp4,0.5700934579439252,chalearn_annotation_mirror,medium,test
dd0z9mErfSo.002.mp4,dd0z9mErfSo,5,"Crazy as that. I have to think of ideas of what to do when we hit 1000 because that just seems huge to me. If you have any ideas of what we should do, leave a comment down below with those as well. I'm going to see you tomorrow.",train,train/dd0z9mErfSo.002.mp4,0.7009345794392522,chalearn_annotation_mirror,medium,test
dmycfNpiWCE.004.mp4,dmycfNpiWCE,4,It appears that getting married is just the first thing. When you are then married there's a whole set of new questions that start coming your way and more pressure which I really don't understand. If you have been ...,train,train/dmycfNpiWCE.004.mp4,0.6261682242990654,chalearn_annotation_mirror,medium,test
dy9EqbKLDP0.001.mp4,dy9EqbKLDP0,7,"... [Run 00:00:30] the system before you flush it and replace it. I usually do it about, [Skunkwares 00:00:35] it feels like every two months, but typically on systems like ... The test bench here has been running for over a year. Over a year now, no change in color, no change in any sort of contam-",train,train/dy9EqbKLDP0.001.mp4,0.7102803738317757,chalearn_annotation_mirror,medium,test
eI_7SimPnnQ.004.mp4,eI_7SimPnnQ,6,"The girl. Your favorite pitcher that you watch on TV does it so just always remember that and use your own natural capabilities, your own little natural uniquenesses. Use them to your advantage. The second-",validation,validation/eI_7SimPnnQ.004.mp4,0.5981308411214953,chalearn_annotation_mirror,medium,test
ej0RpdM9kJA.004.mp4,ej0RpdM9kJA,4,"You open your eyes like, you will open normally at one, kinda force the eyelid. I have to apologize for those who actually watched a video on my recovery, I've been doing the video like that, looking with that [inaudible 00:00:43] and...",validation,validation/ej0RpdM9kJA.004.mp4,0.40186915887850466,chalearn_annotation_mirror,medium,test
f9GeYKAXgAQ.002.mp4,f9GeYKAXgAQ,8,Having your topics discussed. I can give you advice directly and you can get your questions clarified which will save you a lot of time and money. This can speed up your recovery and give you total.,train,train/f9GeYKAXgAQ.002.mp4,0.514018691588785,chalearn_annotation_mirror,medium,test
fDw_PAgW07o.002.mp4,fDw_PAgW07o,6,We'll start of with body builder. I don't claim to be one. Even though I claim to be a power lifter or a strong man. I'm just a guy that like training.,train,train/fDw_PAgW07o.002.mp4,0.22429906542056074,chalearn_annotation_mirror,low,test
fH0jgh_VKmE.003.mp4,fH0jgh_VKmE,5,I'm contacting her. I'm contacting her.,train,train/fH0jgh_VKmE.003.mp4,0.35514018691588783,chalearn_annotation_mirror,low,test
fLRRMLTFGMQ.002.mp4,fLRRMLTFGMQ,5,"Doing it and you've finished in 20 minutes and you feel like you accomplished so much. Basically, I'm trying to say is that start your date and say that you're, that-",train,train/fLRRMLTFGMQ.002.mp4,0.41121495327102797,chalearn_annotation_mirror,medium,test
fTpemcfElxI.005.mp4,fTpemcfElxI,6,"... Said Martinez1031 on Instagram says, ""Do you think the Bad Girls Club should have a redemption, too? I think so. But they should just rename it to be honest, no one redeemed themselves.""",train,train/fTpemcfElxI.005.mp4,0.3831775700934579,chalearn_annotation_mirror,low,test
fY4tctYZTz8.004.mp4,fY4tctYZTz8,8,"Little slap mode. She's going to be more in the relaxed mother mode, not going into the divine whore so much, obviously. She's also got pro-lactin if she's breast feeding, as well. Pro-lactin is called the sexual ...",validation,validation/fY4tctYZTz8.004.mp4,0.4953271028037382,chalearn_annotation_mirror,medium,test
fhUGU2uiS1U.001.mp4,fhUGU2uiS1U,4,"[inaudible 00:00:30] and in this video I'm going to be talking about my own experience during senior year. By the way, before I start talking about my experience I would love for you to ask me some questions regarding senior year or high school life or whatever ...",train,train/fhUGU2uiS1U.001.mp4,0.6728971962616823,chalearn_annotation_mirror,medium,test
fmue_KpW9Ro.004.mp4,fmue_KpW9Ro,7,"This is only 50% of what makes up a good answer. The other 50% is how skillfully you apply galore to the facts in the scenario. In this video, we'll look at one particular approach and I'll-",train,train/fmue_KpW9Ro.004.mp4,0.4579439252336448,chalearn_annotation_mirror,medium,test
fv5lLeyRdd4.004.mp4,fv5lLeyRdd4,7,"... Other people put, as far as questions, and try not to repeat the same question. I'm going to try to go and answer every single question.",train,train/fv5lLeyRdd4.004.mp4,0.5420560747663551,chalearn_annotation_mirror,medium,test
fwJykIyvS04.001.mp4,fwJykIyvS04,5,"… to a full-time creating fitness, this ties in the last couple questions, I wouldn’t say quitting, I wouldn’t use that word, but I would say focusing a lot more of my time on the fitness part of my career rather than the malling part. They’re both very flexible right now, so I’m able to do both but-",train,train/fwJykIyvS04.001.mp4,0.41121495327102797,chalearn_annotation_mirror,medium,test
fyXiORXmWHs.003.mp4,fyXiORXmWHs,7,"... on the link down below. They're always in my social links. Check it out. You can see me, what I do and all you gamers out there who do watch me [inaudible 00:00:38] is going to be at Switch Con in San Francisco this September. So it's an awesome ... I got [New Con 00:00:43], I got Switch Con ...",train,train/fyXiORXmWHs.003.mp4,0.514018691588785,chalearn_annotation_mirror,medium,test
g9zgIN56MnQ.004.mp4,g9zgIN56MnQ,5,"... in the florist, so, ha, anyways. I want to do one take and talk to you guys about a couple of things. One being like how ... kind of like how much so far ...",train,train/g9zgIN56MnQ.004.mp4,0.5420560747663551,chalearn_annotation_mirror,medium,test
glgfB3vFewc.002.mp4,glgfB3vFewc,5,"Wanted to come to school, the next day and the rest of the school year. One thing that I really enjoy doing with my students is to introduce myself in a fairly elaborate way on the first day. They're always very nosey and they want to know anything about you that you wi-",train,train/glgfB3vFewc.002.mp4,0.6635514018691588,chalearn_annotation_mirror,medium,test
grhDDOLsBho.004.mp4,grhDDOLsBho,5,"Because I'm running out of ideas. I mean, I'm not going to lie. I'm running out of ideas for nearly everything. Even this vlog, I couldn't think of anything. I mean, the actual MineCraft series, [inaudible 00:00:36] series, I mean, I've got ideas for them, but not ideas how to make them. Do you get what I mean?",train,train/grhDDOLsBho.004.mp4,0.5514018691588785,chalearn_annotation_mirror,medium,test
hjQpiGBO1Ao.000.mp4,hjQpiGBO1Ao,5,"The first thing I wanted to show you guys is Bath and Body Works Cozy Sunday Morning lotion, with soft chamomile and bergamot. This is super, super awesome. It smells so good. Especially if you wear it on Sunday morning. It's just amazing.",validation,validation/hjQpiGBO1Ao.000.mp4,0.37383177570093457,chalearn_annotation_mirror,low,test
hnMp0eX28es.002.mp4,hnMp0eX28es,6,"Nothing about us then, guess what? Leave a comment asking us a question or what I would prefer that you do is send us a tweet with the hashtag, ""Dikes-"" [crosstalk 00:00:45] ...",validation,validation/hnMp0eX28es.002.mp4,0.5514018691588785,chalearn_annotation_mirror,medium,test
hquzfo9MVDo.003.mp4,hquzfo9MVDo,6,"He got used to using his weaker foot, which I think is important for all of us. It's actually something of mine that did it for me, as well, when I went to school, but I just used to take the bit of material off my shoe and then play-",train,train/hquzfo9MVDo.003.mp4,0.15887850467289716,chalearn_annotation_mirror,low,test
iGBVrJMr62U.002.mp4,iGBVrJMr62U,6,"Yeah maybe, someone asked if I can start doing [inaudible 00:00:37]. Maybe I try it but I'm not sure yet because as you can see I'm not ...",train,train/iGBVrJMr62U.002.mp4,0.32710280373831774,chalearn_annotation_mirror,low,test
iW1t-ZiG2rc.000.mp4,iW1t-ZiG2rc,5,"Video here on the channel today. So I did a video yesterday for that Elliot Morgan green screen thing. Today for when I do the normal videos I wanted to announce that next week, so a week from right now, there's going to be a Q & A video. I used to them like every month. I-",train,train/iW1t-ZiG2rc.000.mp4,0.644859813084112,chalearn_annotation_mirror,medium,test
io0aNQE8En8.004.mp4,io0aNQE8En8,6,"There's a bunch of candy, but I'm not really in the mood for candy. I have a pack of gum. I was going to start chewing some gum, but that's okay. Yes, someone suggested Tom Banwell to me ...",validation,validation/io0aNQE8En8.004.mp4,0.23364485981308408,chalearn_annotation_mirror,low,test
iqs7mZbg5UI.002.mp4,iqs7mZbg5UI,5,"For your Facebook or your Instagram, or Twitter, or whatever, asking your followers and your friends, ""Hey. Do you know a stylist in the area that can do ...?"" Which leads me into my next thing: specialties or expertise.",validation,validation/iqs7mZbg5UI.002.mp4,0.4953271028037382,chalearn_annotation_mirror,medium,test
j3jdT1V-DeI.001.mp4,j3jdT1V-DeI,6,"Did a little evil thing, so ... but, you'll like it, I promise. You're also going to meet Jake's family in the book. Jake Gallagher is a Gallagher brother and he will sort of spin off the next series in my contemporary world, which is called the Gallagher Brother series.",train,train/j3jdT1V-DeI.001.mp4,0.2803738317757009,chalearn_annotation_mirror,low,test
jDdRrqRcSzM.001.mp4,jDdRrqRcSzM,4,"For this week, we're gonna be releasing another episode this Monday, just because my good friend Fork released his episode of the collab that we did last week. So I want to kinda get this one out as soon as possible so you can kinda get the two perspectives. Since one is recorded from his ship and now.",train,train/jDdRrqRcSzM.001.mp4,0.6635514018691588,chalearn_annotation_mirror,medium,test
jOTlJwOBSd4.002.mp4,jOTlJwOBSd4,5,"And you can see that they are in it. Not a big deal, but how do you prevent it all? Well, ha ha, when you're intimate with your spouse. That is the one ...",train,train/jOTlJwOBSd4.002.mp4,0.27102803738317754,chalearn_annotation_mirror,low,test
jOTlJwOBSd4.005.mp4,jOTlJwOBSd4,5,"... Motor home and an expensive appliance goes out, like your fridge. Maybe that'll be covered under your insurance. We haven't had major issues with our trailer being repaired ...",train,train/jOTlJwOBSd4.005.mp4,0.43925233644859807,chalearn_annotation_mirror,medium,test
jwcSbw4NDn0.002.mp4,jwcSbw4NDn0,6,...how we get milk. How do we get milk? Milk is from a pregnant cow. A pregnant cow and not only a pregnant cow but a consistently-,train,train/jwcSbw4NDn0.002.mp4,0.5327102803738317,chalearn_annotation_mirror,medium,test
k2buv6xZ4_o.000.mp4,k2buv6xZ4_o,6,"To be very honest with you, it's pretty much the way I will probably continue to work. I'm just not a fan of the other type. I tend to work with a single auto focus point. That's how I will normally work when I am using auto focus.",train,train/k2buv6xZ4_o.000.mp4,0.4859813084112149,chalearn_annotation_mirror,medium,test
kDJigDGDJTo.004.mp4,kDJigDGDJTo,4,"I'm going to be doing Q&As from now on. Someone actually raised a question. They said, ""Dan, you should do a Q&A for all the frequent questions I get asked."" I'm thinking about doing a Q&A maybe once a week on specific days that you guys can ask me questions all the way through the week. Then I'm literally going to just-",validation,validation/kDJigDGDJTo.004.mp4,0.4859813084112149,chalearn_annotation_mirror,medium,test
kFak4VnRnRM.005.mp4,kFak4VnRnRM,5,"I get on stage and I just like rolled and I completely forgot everything and everybody was laughing at me and it was so embarrassing. Stuff like that just really, really sticks with you, especially ... It still sticks to me.",train,train/kFak4VnRnRM.005.mp4,0.5887850467289719,chalearn_annotation_mirror,medium,test
kN9cs2nFhM4.003.mp4,kN9cs2nFhM4,5,What to do when I get knots on my hair after protected styling my hair. The question today is to detangle the knots with a really good condition with really-,train,train/kN9cs2nFhM4.003.mp4,0.4299065420560747,chalearn_annotation_mirror,medium,test
keGXYAcUXmA.002.mp4,keGXYAcUXmA,5,"Yeah, we moved all [inaudible 00:00:47] for the rest of me life, it's a memory. Who really even cares? Zoe Day, if you were reincarnated as an animal, what would come back as? A lion because when I was younger, I used to pretend I was",train,train/keGXYAcUXmA.002.mp4,0.308411214953271,chalearn_annotation_mirror,low,test
lLObIVKYDUI.005.mp4,lLObIVKYDUI,6,"Someone that I enjoy watching on YouTube and just commenting on, thanks girls for always giving me feedback and I look forward to more videos from you. How do you balance YouTube with your everyday life? This is a really good question.",train,train/lLObIVKYDUI.005.mp4,0.4205607476635514,chalearn_annotation_mirror,medium,test
lLWOcztaIBI.000.mp4,lLWOcztaIBI,5,Describe and comment what else [inaudible 00:00:17] YouTube? I don't know. Anyways. Thanks for watching. Thanks for getting through the whole video. I should just skip to the end to see ...,train,train/lLWOcztaIBI.000.mp4,0.6542056074766355,chalearn_annotation_mirror,medium,test
lkdQjIunxSE.002.mp4,lkdQjIunxSE,6,Some other good questions I've answered is my monitization is disabled. How do I fix it? Click that eye! Yo know the drill. Tell me in the ...,train,train/lkdQjIunxSE.002.mp4,0.5607476635514018,chalearn_annotation_mirror,medium,test
lnawWqnGpMc.005.mp4,lnawWqnGpMc,5,"Whom would you hear? I mean, I don't know. We just had Martin Luther King day. How awesome would that have been to be able to be present for that? I guess.",train,train/lnawWqnGpMc.005.mp4,0.1308411214953271,chalearn_annotation_mirror,low,test
lxnV9X8T2Zc.005.mp4,lxnV9X8T2Zc,5,"At a cross because they needed the stuff and I don't directly deal with the 99 calls. This is the way it works. Someone makes a 999 call, it goes to the operator, they answer the phone, they type up a message of what's going on. That message then gets passed to me.",validation,validation/lxnV9X8T2Zc.005.mp4,0.7289719626168224,chalearn_annotation_mirror,medium,test
m7zdWVDT-34.000.mp4,m7zdWVDT-34,5,"Enough so that yeah, they're going to get back to your message. I think the best indicator of whether you've connected to them enough is whether you're able to say I like, and then put your finger on a quality that they have, and I don't mean literally, don't-",validation,validation/m7zdWVDT-34.000.mp4,0.616822429906542,chalearn_annotation_mirror,medium,test
mpk5Ubw2fj8.001.mp4,mpk5Ubw2fj8,6,"In case you would like to know that. Now we have another question from [Brijish 00:00:49], and he's asking about how accurate and fast is the fingerprint sensor. The [inaudible 00:00:55] phone has got the fingerprint sensor over there at the back side, and after my initial-",validation,validation/mpk5Ubw2fj8.001.mp4,0.4859813084112149,chalearn_annotation_mirror,medium,test
n4NkVZ1_dfk.000.mp4,n4NkVZ1_dfk,5,"A lot of the questions, why I'm getting it removed, so on and so forth. The process and everything like that. Those all get answered in those videos. By all means, feel free to check those out. This video is going to be more of just taking you along the process with me.",train,train/n4NkVZ1_dfk.000.mp4,0.5607476635514018,chalearn_annotation_mirror,medium,test
nQtiqrceBhg.003.mp4,nQtiqrceBhg,5,"Lived here, the Netherlands? Do you remember? William, who are your biggest supporters? I think they'll know. I don't think I have to tell them. Really sure they'll remember.",train,train/nQtiqrceBhg.003.mp4,0.3177570093457943,chalearn_annotation_mirror,low,test
nex61B854Ms.004.mp4,nex61B854Ms,5,"The main crew that I watch is [Evana's 00:00:46] Gaming, HDO Delirious, [inaudible 00:00:52]. Those guys who just make skits and just play games and have fun.",train,train/nex61B854Ms.004.mp4,0.37383177570093457,chalearn_annotation_mirror,low,test
o2lu6rkd5-Y.004.mp4,o2lu6rkd5-Y,6,"You are doing good in your classes. Make sure that you are asking your teachers for help, getting used to going to your teachers and asking them for help. Get used to raising your hand and asking for help. I would say to make sure that you are-",train,train/o2lu6rkd5-Y.004.mp4,0.41121495327102797,chalearn_annotation_mirror,medium,test
o2wtRccAgjE.000.mp4,o2wtRccAgjE,5,"[inaudible 00:00:45] plays in different things as well. Hopefully, we will be growing this channel with you guys and I'm all out for this first start here. Next question...",validation,validation/o2wtRccAgjE.000.mp4,0.4485981308411215,chalearn_annotation_mirror,medium,test
o2wtRccAgjE.004.mp4,o2wtRccAgjE,5,"Working full time and I'm currently a product manager right now and it's really running you're own little, mini business within a larger corporation so I'm responsible for [inaudible 00:00:57] the direction of my product.",validation,validation/o2wtRccAgjE.004.mp4,0.4859813084112149,chalearn_annotation_mirror,medium,test
oG84VxrGfj0.001.mp4,oG84VxrGfj0,5,"Slavery when you can just as easily live a life full of health, compassion, and love. I mean, it's easy. Okay, next question. I know this is kind of unrelated to veganism-",train,train/oG84VxrGfj0.001.mp4,0.43925233644859807,chalearn_annotation_mirror,medium,test
oHudDVcT5Lg.004.mp4,oHudDVcT5Lg,5,"Right now I don't really want to fly anywhere. I wanna stay away from all airports, cities, basically anywhere that's out my house. Maybe if the threat level goes down, I will-",train,train/oHudDVcT5Lg.004.mp4,0.5981308411214953,chalearn_annotation_mirror,medium,test
odHogR_36Dc.002.mp4,odHogR_36Dc,5,"... hanging outside the door, listening intently to see if we would come and ... Like, oh, they're going to come out and they're going to be like, ""Oh, wow, the sticky notes everywhere!"" We got in there and we came up with an alternate ...",train,train/odHogR_36Dc.002.mp4,0.5514018691588785,chalearn_annotation_mirror,medium,test
odHogR_36Dc.003.mp4,odHogR_36Dc,5,"I had to act as if nothing was going on in and then we walked in the room and the girl's like, ""Wait, you just went in there."" They walked in and they were, ""Where are all the sticky notes go?"" Well, they were nowhere. That was probably the most elaborate prank that we have-",train,train/odHogR_36Dc.003.mp4,0.6261682242990654,chalearn_annotation_mirror,medium,test
ogSLrHVeqLI.003.mp4,ogSLrHVeqLI,6,"An interesting way to answer any of these questions, and maybe I'll use your answers at my holiday get togethers this year because let's just make it interesting, guys. Why not? My family hates me already, so it's whatever. Okay. Well, good enough.",train,train/ogSLrHVeqLI.003.mp4,0.3925233644859813,chalearn_annotation_mirror,low,test
owRKOW0ymCM.002.mp4,owRKOW0ymCM,5,"Wanted to even basically take dates and wrap those up in the romaine. Maybe even put ... Let's say you're traveling and you've got a box of dates, which I have in my handy-dandy bag here, you have romaine that's already ...",train,train/owRKOW0ymCM.002.mp4,0.4485981308411215,chalearn_annotation_mirror,medium,test
p1ORMiJ0fPU.000.mp4,p1ORMiJ0fPU,5,You'd think by now people would stop asking. My entire life I've gotten this question. People ask me all the time why I'm so tall like I should know the answer. I mean I guess I get it in my genes because on my mom's side ...,validation,validation/p1ORMiJ0fPU.000.mp4,0.6915887850467289,chalearn_annotation_mirror,medium,test
p5QXPhJS8Ks.005.mp4,p5QXPhJS8Ks,6,"That's coming up, soon as I get it. I'll be working on that. That's my next big project. Very happy to be asked, was very surprised to be asked to do this review.",train,train/p5QXPhJS8Ks.005.mp4,0.3177570093457943,chalearn_annotation_mirror,low,test
p7-JUvStF4w.001.mp4,p7-JUvStF4w,4,It is a Windows phone which I think most people did not know. The only good thing it has going for it is its got a pretty good camera but it is only on the back.,validation,validation/p7-JUvStF4w.001.mp4,0.4299065420560747,chalearn_annotation_mirror,medium,test
p7-JUvStF4w.005.mp4,p7-JUvStF4w,4,"-men are particularly impacted by the displacement, so that's something I'd like to donate to, and-",train,train/p7-JUvStF4w.005.mp4,0.308411214953271,chalearn_annotation_mirror,low,test
pOBn7AuGIuI.002.mp4,pOBn7AuGIuI,6,"Of course. Her face changed a little bit, but her energy is different. She had energy, she gained power, and she felt so confident that she just had a beautiful smile one day. She told me it just changed ...",train,train/pOBn7AuGIuI.002.mp4,0.5794392523364486,chalearn_annotation_mirror,medium,test
pOBn7AuGIuI.003.mp4,pOBn7AuGIuI,6,"""Ready for Christmas?"" Yes, I am ready. I am ready to build a snowman.",train,train/pOBn7AuGIuI.003.mp4,0.6728971962616823,chalearn_annotation_mirror,medium,test
pOtWKOF07iU.002.mp4,pOtWKOF07iU,5,"... ninety S, ""What color is your red?"" I think she meant from my picture, which was the darker one, it was just a bunch of different toners mixed together to create it. It's really not even a color. Then, ""What products do I use?"" I ...",train,train/pOtWKOF07iU.002.mp4,0.5607476635514018,chalearn_annotation_mirror,medium,test
pkwzo1OkEmY.004.mp4,pkwzo1OkEmY,5,"OK, so because I have such intense, dark, under eye circles, I actually go in with a peach colored eye shadow and I'm going to go in with this one right here.",validation,validation/pkwzo1OkEmY.004.mp4,0.4953271028037382,chalearn_annotation_mirror,medium,test
pljK0DEusA0.003.mp4,pljK0DEusA0,3,"When we met each other there was something, something. Her and I both really connected really well. We felt this movement in us, you know? If you believe in soul mates ...",train,train/pljK0DEusA0.003.mp4,0.4299065420560747,chalearn_annotation_mirror,medium,test
puJ_NbKzRTE.003.mp4,puJ_NbKzRTE,4,"A noticeable weight on 2,000 calories, and I read on here that people maintain on much more, but I really can't stand this weight gain. Even the thought of increasing is making me want to die. Okay this is an important point. Think of it like this, you can either gain weight and get to a healthy ...",train,train/puJ_NbKzRTE.003.mp4,0.4485981308411215,chalearn_annotation_mirror,medium,test
pwvQaSwgso8.001.mp4,pwvQaSwgso8,5,"I'm always discovering new ones, so it always changes. For now, it's those three. Next question. I have seven sacks. Oh, you again. I'm only joking. Seriously.",train,train/pwvQaSwgso8.001.mp4,0.46728971962616817,chalearn_annotation_mirror,medium,test
pzG2VeUbefw.001.mp4,pzG2VeUbefw,5,"There was a few. What is your Chinese sign? I honestly ... I could not tell you. I always look when I go to eat Chinese food because they always have it as your place mat, but I forget. How many languages can you speak? I can only speak English. Do you have any magazine ...",train,train/pzG2VeUbefw.001.mp4,0.5514018691588785,chalearn_annotation_mirror,medium,test
pzG2VeUbefw.003.mp4,pzG2VeUbefw,5,"Do you keep in touch with Dylan and Cole? Oh my gosh, all the time. I love Dylan and Cole. They're like my little brothers. I just saw them recently.",train,train/pzG2VeUbefw.003.mp4,0.6074766355140186,chalearn_annotation_mirror,medium,test
qD15qWMepxU.003.mp4,qD15qWMepxU,6,"With this wonderful gift, many Americans have excelled and become wonderful musicians and actors and talking heads that we can all enjoy every single day. Many of these people are women. They are ...",train,train/qD15qWMepxU.003.mp4,0.37383177570093457,chalearn_annotation_mirror,low,test
qLbOPbx33dk.001.mp4,qLbOPbx33dk,7,Things involved in testing when you're reading results. The first thing is how likely is it that you will get the same result as you got from your sample?,train,train/qLbOPbx33dk.001.mp4,0.41121495327102797,chalearn_annotation_mirror,medium,test
qP1UtCbMaW4.000.mp4,qP1UtCbMaW4,5,"Where you do friends to be able to talk to them and be able to plan videos with them. Be able to talk to them about YouTube and have an understanding. Because a lot of my friends that I have now in school and things like that- They don't do YouTube obviously so they don't really have a good understanding about YouTube, they don't really under-",validation,validation/qP1UtCbMaW4.000.mp4,0.4205607476635514,chalearn_annotation_mirror,medium,test
qVcw5-mm31s.004.mp4,qVcw5-mm31s,4,"It's as easy as that. Try not to get too personal with the questions, if you know what I mean, but yeah. We'll see where this goes, and I apologize if I don't answer everyone's question. I might not be able to, there might be an overload of questions.",train,train/qVcw5-mm31s.004.mp4,0.5794392523364486,chalearn_annotation_mirror,medium,test
rJgbslC72gw.002.mp4,rJgbslC72gw,6,"Inside the bank or inside your purse rather than have a real expensive purse, but don't have any money, okay? Most of the time, I don't even carry a purse. I carry a wallet. I have my wallet, my phone, and my keys.",validation,validation/rJgbslC72gw.002.mp4,0.3925233644859813,chalearn_annotation_mirror,low,test
rUGAiuYHNgE.000.mp4,rUGAiuYHNgE,5,"I'm having contractions. So then, as time went on, I kept getting the contractions and then they started getting more together, like seven minutes apart.",train,train/rUGAiuYHNgE.000.mp4,0.3925233644859813,chalearn_annotation_mirror,low,test
rrdSLfnU2pg.003.mp4,rrdSLfnU2pg,6,Just three tablespoons of apple cider vinegar then go right ahead. I just know that there's a reason why they asked to dilute it in water so that it wouldn't be so potent and yeah.,train,train/rrdSLfnU2pg.003.mp4,0.3925233644859813,chalearn_annotation_mirror,low,test
si_gZCrLa4A.005.mp4,si_gZCrLa4A,4,"... I don't know but pretty much, I'm pretty much just starting to play Xbox One now, so if you guys ever want to play with me and stuff like that on GT5, Minecraft, Black Ops III, you guys are more than welcome to. I'm kind of done with the modding stuff-",train,train/si_gZCrLa4A.005.mp4,0.27102803738317754,chalearn_annotation_mirror,low,test
t0AupkXkkZw.002.mp4,t0AupkXkkZw,4,"That she puts out on YouTube. I love her content. I think she's a role model. I really love everything that she does. I think she doesn't try too hard, but she tries. She tries, but she doesn't try too hard.",validation,validation/t0AupkXkkZw.002.mp4,0.5327102803738317,chalearn_annotation_mirror,medium,test
t6-ljEWQjW8.005.mp4,t6-ljEWQjW8,4,"I [really 00:00:46] want to start with something new, start with something fresh, start with something that speaks to me. It's my personality, so I don't just make up something patriotic. It's just me [stalling to Mia 00:00:57]. It just sounds like a cool name.",train,train/t6-ljEWQjW8.005.mp4,0.35514018691588783,chalearn_annotation_mirror,low,test
tiVKJWLzmk4.004.mp4,tiVKJWLzmk4,5,"Mathis reads the comment. What I'm going to do is if you guys have questions for me, I want you to drop them in the comments section below of this video, and just ask questions. Or, tweet me 'askmathis', hashtag askmathis, and just tweet me questions, or-",train,train/tiVKJWLzmk4.004.mp4,0.5700934579439252,chalearn_annotation_mirror,medium,test
tvKUJujTUEo.001.mp4,tvKUJujTUEo,6,"There's always someone who commented that, then instead of commenting that again, feel free to just like that comment, so I can know which sort of suggestions get ...",train,train/tvKUJujTUEo.001.mp4,0.6542056074766355,chalearn_annotation_mirror,medium,test
uKy7lHuMQ_o.002.mp4,uKy7lHuMQ_o,4,"Like near the bottom of Scotland and we left near the top like at Glasgow and Edinburgh, I guess, and I was speaking to [inaudible 00:00:59].",train,train/uKy7lHuMQ_o.002.mp4,0.5327102803738317,chalearn_annotation_mirror,medium,test
u_qvbRpm88k.002.mp4,u_qvbRpm88k,4,"He's like whatever, ahh, we talking he's like, ""so all right, make sure you write me or whatever."" Cool, but the flame was not sparked freshman year, because we both had a lot of different things going on. Freshman year was not a-",train,train/u_qvbRpm88k.002.mp4,0.308411214953271,chalearn_annotation_mirror,low,test
ukcUhZbkVBI.002.mp4,ukcUhZbkVBI,4,"...chat to ask me some questions and I've got 6 questions to ask you too. So let's just get started. What is my favorite pet? Well, my favorite pet, what I have...",validation,validation/ukcUhZbkVBI.002.mp4,0.2897196261682243,chalearn_annotation_mirror,low,test
vCCRvatOFLA.002.mp4,vCCRvatOFLA,7,"Have all of your classroom notes. Have all of those together. Don't have paper laying in your book bag or laying on your desk, keep it all in your binder. So you have your classroom notes, then ...",validation,validation/vCCRvatOFLA.002.mp4,0.6822429906542056,chalearn_annotation_mirror,medium,test
vHIBCKwJLEY.001.mp4,vHIBCKwJLEY,5,"And motivating and they totally just bring each other up and it's not a competition between who has the most followers and who looks the best on stage and whatever. It's like, just support and love from everyone, and everyone's awesome, and-",train,train/vHIBCKwJLEY.001.mp4,0.514018691588785,chalearn_annotation_mirror,medium,test
vp9p1osOaLI.002.mp4,vp9p1osOaLI,5,"All my privileges that I have right now, like electricity, and computers, and the internet. Oh my God, the internet, like seriously. Yeah, but-",train,train/vp9p1osOaLI.002.mp4,0.3457943925233644,chalearn_annotation_mirror,low,test
vr5FWHUkYRM.001.mp4,vr5FWHUkYRM,5,I cried. I don't tend to cry a lot. I'm not much of a crybaby. The last time that I cried was actually last night just because I felt overwhelmed and I think it just has to do with the hormones ...,train,train/vr5FWHUkYRM.001.mp4,0.4859813084112149,chalearn_annotation_mirror,medium,test
wVpjBxCirAQ.000.mp4,wVpjBxCirAQ,6,"Riverside, so I have no experience there. Do any of my students watch my video's? A few. I don't know if any of them watch them regularly. I did have one student a couple of years ago who was a huge fan of the LA Beast and he kind of found me that way.",validation,validation/wVpjBxCirAQ.000.mp4,0.41121495327102797,chalearn_annotation_mirror,medium,test
wVpjBxCirAQ.004.mp4,wVpjBxCirAQ,6,"... Did 78 in a single trip, unless somebody really wants it that badly, I mean I think that whatever number of restaurant challenges he takes down will be ...",train,train/wVpjBxCirAQ.004.mp4,0.5887850467289719,chalearn_annotation_mirror,medium,test
wzCdM6Fe_4A.004.mp4,wzCdM6Fe_4A,5,"Three hundred dollars to my name and now I have a lot more than that so, think I'm doing okay. Obviously you guys know there's thousands probably even millions of other beauty gurus that are",train,train/wzCdM6Fe_4A.004.mp4,0.4579439252336448,chalearn_annotation_mirror,medium,test
x0mD5kr2hu4.000.mp4,x0mD5kr2hu4,5,"A slight plus size range and then some run bigger, so it's kind of just awkward, but some of my personal favorite places to shop are like, JC Penny. They have a pretty good selection of really cute stuff. The brand, ANA, is some of my favorite ...",validation,validation/x0mD5kr2hu4.000.mp4,0.5981308411214953,chalearn_annotation_mirror,medium,test
x0mD5kr2hu4.001.mp4,x0mD5kr2hu4,5,"I've always wondered what my guilty pleasures were. I feel like that's a question people get asked, and I feel like I should have an answer, but all I can think of is reality TV probably, and eating terrible, terrible food or Mexican. I could eat Mexican all day, but that's not a guilty pleasure.",validation,validation/x0mD5kr2hu4.001.mp4,0.5981308411214953,chalearn_annotation_mirror,medium,test
x57nEfACdXA.000.mp4,x57nEfACdXA,6,"I always wondered what my guilty pleasures were, because I feel like that's a question people get asked and I feel like I should have an answer ... But all I can think of is reality TV probably, and eating terrible, terrible food ... Or Mexican. I could eat Mexican all day, but that's not a guilty pleasure.",validation,validation/x57nEfACdXA.000.mp4,0.616822429906542,chalearn_annotation_mirror,medium,test
x6Tluj4dJTU.002.mp4,x6Tluj4dJTU,5,"Car Burst 2000. ""What were you like as a child? WE're you into ... Whoops. Were you into fashion or were you a kid that developed as you grew?"" I was always into fashion. My mom always had Vogues around the house. I was always entrenched in fashion ...",train,train/x6Tluj4dJTU.002.mp4,0.514018691588785,chalearn_annotation_mirror,medium,test
xP6i_WO1LCM.000.mp4,xP6i_WO1LCM,4,"Last but not least, next shout out goes to JG Georgey. This guy is currently developing his web series of reactors called Reactors: Age of Copyright, I guess. We reactors are real, real-",train,train/xP6i_WO1LCM.000.mp4,0.514018691588785,chalearn_annotation_mirror,medium,test
xVJDjbiIjTo.000.mp4,xVJDjbiIjTo,6,"I just don't go to or if I go to it, people are just standing around, being boring. I like to have a good time when I do go out. I don't know, its boring. Also how I have to take math. What the hell does math have to do with my ...",validation,validation/xVJDjbiIjTo.000.mp4,0.24299065420560745,chalearn_annotation_mirror,low,test
xcMwMi4fdis.001.mp4,xcMwMi4fdis,5,"That you can comment on and leave a picture of your favorite dog picture. You can, if it is your own do, someone else's dog as long as you have permission of course, post your picture. We are giving away a couple of Amazon gift cards, of course we are not affiliated with them, we just, it is easy to get.",train,train/xcMwMi4fdis.001.mp4,0.308411214953271,chalearn_annotation_mirror,low,test
xmD4FKMq2rk.001.mp4,xmD4FKMq2rk,5,"Or you, the author. Whenever I ask friends and family, I'll ask maybe 5 to 10 friends and family. If you can please read my book, if you like it, give it a review. Give it an honest review. I actually had a family member give ...",train,train/xmD4FKMq2rk.001.mp4,0.4299065420560747,chalearn_annotation_mirror,medium,test
xmD4FKMq2rk.005.mp4,xmD4FKMq2rk,5,"For you, the author. Whenever I ask friends and family, I will ask maybe five to ten friends and family, if you can please read my book. If you like it, give it a review. Give it an honest review. I actually had a family member give me ...",train,train/xmD4FKMq2rk.005.mp4,0.41121495327102797,chalearn_annotation_mirror,medium,test
xmaC2XOhPaE.003.mp4,xmaC2XOhPaE,5,"Okay, this truck comes ... He comes flying around a corner and then he goes slow. If you're going to cut in front of me, go fast. But anyways, don't mind me, I talk to myself all the time.",train,train/xmaC2XOhPaE.003.mp4,0.33644859813084105,chalearn_annotation_mirror,low,test
y4Ej1YSEQf0.002.mp4,y4Ej1YSEQf0,6,"First question is from Kerry Hazleton. ""Which conventions are you planning on appearing at in 2016?"" Good question. The conventions that I go to are always so up in the air, but I know for sure I will be at E3.",train,train/y4Ej1YSEQf0.002.mp4,0.8411214953271028,chalearn_annotation_mirror,high,test
yyqXzlF8Fgc.003.mp4,yyqXzlF8Fgc,5,"We ever get that longing for like, man I haven't done anything really exhilarating or exciting for a while? Then we'll just go out and do it, because why not? That's what life is all about, right? Go and do the things you enjoy doing, granted it's legal.",validation,validation/yyqXzlF8Fgc.003.mp4,0.5887850467289719,chalearn_annotation_mirror,medium,test
z54OqeICELg.004.mp4,z54OqeICELg,6,"Candy cane or gingerbread men? Gingerbread, or no no, not gingerbread man. Candy canes. I like candy canes, but if I had to choose. But I don't like either. I don't know.",train,train/z54OqeICELg.004.mp4,0.5420560747663551,chalearn_annotation_mirror,medium,test
zJEnT19uoPY.000.mp4,zJEnT19uoPY,5,"Often time you forget all of the films he's made, that those are actually made by the same person. Stuff like Crouching Tiger Hidden Dragon, The Ice Storms, Sense and Sensibility, Eat Drink Man Woman, the Wedding ...",train,train/zJEnT19uoPY.000.mp4,0.5794392523364486,chalearn_annotation_mirror,medium,test
zNmuwZkaeVg.002.mp4,zNmuwZkaeVg,4,"So my cousin jumped off it. I looked at him and he was fine, so I decided to jump off the slide and ended really badly. I ended up fractured-",train,train/zNmuwZkaeVg.002.mp4,0.41121495327102797,chalearn_annotation_mirror,medium,test
zwO2zBdbCb4.001.mp4,zwO2zBdbCb4,5,"You can attract the wrong crowd. You can also prey on younger people, right? I think that's really what the age limit is about. I think if you actually showed up and you weren't 50 or something, but you were clearly a world traveler ...",validation,validation/zwO2zBdbCb4.001.mp4,0.4953271028037382,chalearn_annotation_mirror,medium,test
-BDSWZIF-WY.000.mp4,-BDSWZIF-WY,3,"Go leave your comments down below. Any comments you want. Anything you want to put in there just stick it in there. Yes it goes, I will be doing a Q&A on Wednesday. I'll be uploading this on Tuesday and I'll be uploading another on Tuesday...",validation,validation/-BDSWZIF-WY.000.mp4,0.43925233644859807,chalearn_annotation_mirror,medium,train
-DOqN0d8KHw.000.mp4,-DOqN0d8KHw,4,"[inaudible 00:00:00]. Where did all of your videos go? The thing about that is this is probably going to be my only video on this channel now. I'm not stopping making videos, I'll still be making more. I actually accidentally deleted.",validation,validation/-DOqN0d8KHw.000.mp4,0.6542056074766355,chalearn_annotation_mirror,medium,train
-IK--4uz5ZY.004.mp4,-IK--4uz5ZY,5,"The leadership thing that the role of being in charge was really cool especially when you're only 16. But that wasn't really the reason. When I went to primary school, I had this really, really awesome teacher. She was so fantastic. My brother had her as well. She was-",train,train/-IK--4uz5ZY.004.mp4,0.7850467289719626,chalearn_annotation_mirror,high,train
0C6i34q2-f8.003.mp4,0C6i34q2-f8,3,"This girl was like, ""I need to know when my Instagram account is going to be promoted or I'm unsubscribing."" Do you have a deep relationship with your hair? I used to when I was little. Now I'm just kind of like, ""I don't even-""",train,train/0C6i34q2-f8.003.mp4,0.47663551401869153,chalearn_annotation_mirror,medium,train
0RLFM1ehSFM.000.mp4,0RLFM1ehSFM,6,"We must be able to, when you talk about wealth redistribution, that a legislation such as Triple B, Double E ensures that there's legitimate empowerment to companies, to small businesses. Not to politically connected people, that's corruption, get it to small business-",train,train/0RLFM1ehSFM.000.mp4,0.6355140186915886,chalearn_annotation_mirror,medium,train
0gv5Z0qt2jc.001.mp4,0gv5Z0qt2jc,4,"My suggestions on navigating living part-time would be to definitely make sure if you're going somewhere, make sure it's a safe environment, make sure that you are with friends, make sure you are supported.",train,train/0gv5Z0qt2jc.001.mp4,0.20560747663551399,chalearn_annotation_mirror,low,train
0kg6pmbSN6A.001.mp4,0kg6pmbSN6A,3,... good YouTuber. Right now he's focusing his dream to become a successful YouTuber. Right now he's just saving up money to get a PC.,train,train/0kg6pmbSN6A.001.mp4,0.24299065420560745,chalearn_annotation_mirror,low,train
12Hbl_oZF9c.003.mp4,12Hbl_oZF9c,5,"... Through when I can believe I'm actually going to say this, but yes guys, I have a book coming. Before you guys get all mainstream on me, ""Oh my god [inaudible 00:00:07] all these Youtubers already [inaudible 00:00:09] books"". Shush. I was planning on doing a book before I even started my channel.",train,train/12Hbl_oZF9c.003.mp4,0.4859813084112149,chalearn_annotation_mirror,medium,train
13KtmgntgQw.002.mp4,13KtmgntgQw,7,"After, and then, yet another reason why we were really glad we got the snake outside as quickly as we did, it goes off to digests and it spits out the shell. That is your answer to your question, about how the heck-",train,train/13KtmgntgQw.002.mp4,0.6635514018691588,chalearn_annotation_mirror,medium,train
1CYzbX8AaP8.003.mp4,1CYzbX8AaP8,3,"Malcolm X, I feel like, is very inspiring because his attitude is like my attitude in the sense that I just won't quit and won't stop. It's by all means necessary. His was aimed towards racism, and that was his outlet of-",train,train/1CYzbX8AaP8.003.mp4,0.4299065420560747,chalearn_annotation_mirror,medium,train
1cqwKxx6GF8.004.mp4,1cqwKxx6GF8,4,"It was a small machinima that was being done for Super Smash Brothers Brawl called Commandos Brawl Police, and they had me voice acting as Captain Falcon. It only lasted one epi-",train,train/1cqwKxx6GF8.004.mp4,0.5327102803738317,chalearn_annotation_mirror,medium,train
1dOaM7zWPo8.002.mp4,1dOaM7zWPo8,3,"Your question, copy and paste it with your link and your name and everything. I'll even give every one of you a shout out, basically, who give me a question. Please help me do a Q & A video and please ask some good questions. Thank you so much.",validation,validation/1dOaM7zWPo8.002.mp4,0.5420560747663551,chalearn_annotation_mirror,medium,train
1mReUxIEuw0.005.mp4,1mReUxIEuw0,6,"I'm back to using my phone. This is the vlog too. Today is Thursday, it is after Veterans Day and it's been a-",train,train/1mReUxIEuw0.005.mp4,0.308411214953271,chalearn_annotation_mirror,low,train
1pm5uoU85FI.001.mp4,1pm5uoU85FI,6,"Going off what they know and just showing off their craft to people. Definitely more collaborations and original content from my channel. Now, that's it. That's what I plan to do this year and I'm definitely on the right track from uploading once or twice-",train,train/1pm5uoU85FI.001.mp4,0.4205607476635514,chalearn_annotation_mirror,medium,train
1tPH6PNeOSk.000.mp4,1tPH6PNeOSk,4,"... Totally recommend it. I really, really think that if you guys are coming to Korea, especially for your living, I mean, if you're just a tourist and all that, I still recommend that you try to fit Nami Island into your trip, but definitely, definitely go ...",validation,validation/1tPH6PNeOSk.000.mp4,0.5700934579439252,chalearn_annotation_mirror,medium,train
2-LDYe7OXZU.001.mp4,2-LDYe7OXZU,6,"... that part is important for you. This is just some of my personal thoughts that I feel is very important because ever since I observe the quality of questions that are asked, it has helped me tremendously ...",train,train/2-LDYe7OXZU.001.mp4,0.4299065420560747,chalearn_annotation_mirror,medium,train
2KSBoJZMcMU.000.mp4,2KSBoJZMcMU,2,"Who they say they are. I'm not basing it off some of my favorite moments and whatnot, I'm basing it off my overall feeling for the whole entire [arc 00:00:07] and if I'm basing it off that, then I would have to say York New City definitely was my favorite Arc of [Raw 00:00:13]. It-",validation,validation/2KSBoJZMcMU.000.mp4,0.46728971962616817,chalearn_annotation_mirror,medium,train
2PSGksTyrnI.003.mp4,2PSGksTyrnI,5,"I don't know, I'm a pretty happy person. Okay, a mild annoyance, people who say cereals rather than cereal. It's like saying fishes or sheep, sheeps. Anyway.",train,train/2PSGksTyrnI.003.mp4,0.2523364485981308,chalearn_annotation_mirror,low,train
2T3oK1Gse2g.004.mp4,2T3oK1Gse2g,4,"2015, so yeah. What is your favorite color? My favorite color is pink, I'm wearing, whoa, I'm actually wearing pink right now, it's a light pink, but I'm wearing it. Is there anything else pink in my room? There's a lot of pink. I got a pink elephant over-",validation,validation/2T3oK1Gse2g.004.mp4,0.5607476635514018,chalearn_annotation_mirror,medium,train
2TXrDZgbDHE.005.mp4,2TXrDZgbDHE,4,I'm trying to think last time I cried because I was so happy.,train,train/2TXrDZgbDHE.005.mp4,0.21495327102803735,chalearn_annotation_mirror,low,train
2UqnC_rFcRQ.005.mp4,2UqnC_rFcRQ,3,"You just have to love yourself and take care of yourself. Accept things positively and pray to God, because he is the best. No matter how bad or how sad you feel.",validation,validation/2UqnC_rFcRQ.005.mp4,0.6074766355140186,chalearn_annotation_mirror,medium,train
2bAsXLQjlt8.005.mp4,2bAsXLQjlt8,3,"What's her name? Annabelle was there too who just wrote an awesome review of Confidence on her blog, which was so cool to see. You guys, in the chat, and everyone else ... Geez. I really, really appreciate it. What I didn't-",train,train/2bAsXLQjlt8.005.mp4,0.6635514018691588,chalearn_annotation_mirror,medium,train
2kqPuht5jTg.001.mp4,2kqPuht5jTg,4,Patients. Their acuity. Their needs. Their medications they're on. How often I'm doing medications. How often I need to do assessments on them and everything so it kind of just depends on the acuity of the patient and how challenging it may be for-,validation,validation/2kqPuht5jTg.001.mp4,0.6822429906542056,chalearn_annotation_mirror,medium,train
2uAJJH7B5aw.003.mp4,2uAJJH7B5aw,5,"Role model and what do you hope to achieve in the next five years? By the way your awesome for your Snapchat hacks.  So, role models in my life would be my parent figures. So, my dad, my mom and my step mom. They've been with me through everything. They've supported me through everything, whether it's a stupid decision or it's a good decision.",train,train/2uAJJH7B5aw.003.mp4,0.6355140186915886,chalearn_annotation_mirror,medium,train
3VTL2kFt17M.002.mp4,3VTL2kFt17M,4,"... Probably Siddian or Nebs or Jack. Yeah. Probably them. Favorite MCP server. I don't really play on servers as often anymore, but Life Boat.",train,train/3VTL2kFt17M.002.mp4,0.3831775700934579,chalearn_annotation_mirror,low,train
3Vr5-zedeWk.002.mp4,3Vr5-zedeWk,8,"They don't have to. See the nice thing, they can just drive their cars right over the border. Nobodies even going to check it, in fact they'll use the illegals to drive over, they'll save some money.",train,train/3Vr5-zedeWk.002.mp4,0.3177570093457943,chalearn_annotation_mirror,low,train
3WoXkI06zGk.001.mp4,3WoXkI06zGk,5,"- thought like, it's quite good. People love you. The coz play community, you get people that love you, people that hate you, people that don't like your [inaudible 00:00:10] plays and lots and lots and lots and lots of drama.",train,train/3WoXkI06zGk.001.mp4,0.3925233644859813,chalearn_annotation_mirror,low,train
3ccY8jYkI5o.001.mp4,3ccY8jYkI5o,4,"That's a cool name. You guys have cool names. I want a cool name. Jocelyn Guardado, great video, I couldn't agree with you more on all these answers. This is sort of random, but have you ever taken the Myers Brinks Personality test? Also, Alexis Ungerer, I was wondering what is your -",validation,validation/3ccY8jYkI5o.001.mp4,0.8037383177570093,chalearn_annotation_mirror,high,train
3tPq9fNOXZQ.004.mp4,3tPq9fNOXZQ,5,"So much dry, kind of split, damaged ends. So I thought, ""You know what? It's like a fresh start."" I was feeling really into it, so I just cut like a lot off. Literally, my hair was maybe up to here ...",validation,validation/3tPq9fNOXZQ.004.mp4,0.5514018691588785,chalearn_annotation_mirror,medium,train
3y3au0hVfm8.001.mp4,3y3au0hVfm8,5,"... down below. These are kind of like back to school videos, and I know I said I was done with the whole back to school series but it was just kind of a fun collab. It's kind of something that I don't usually do so if I look really weird, that's why. But like everyone has this...",train,train/3y3au0hVfm8.001.mp4,0.5327102803738317,chalearn_annotation_mirror,medium,train
4yogPbHFQ9o.002.mp4,4yogPbHFQ9o,4,"... Up is whatever comes up. I don't have to worry about someone telling me, ""This is not gritty enough, this is not hood enough."" If I lie it, I pray you all like it too, shit.",train,train/4yogPbHFQ9o.002.mp4,0.4205607476635514,chalearn_annotation_mirror,medium,train
54TGLGvIm_8.002.mp4,54TGLGvIm_8,3,"... paper you could draw, I love drawing. You could write, you could write anything, perhaps poetry. You could jot down ideas. I mean, honestly, the possibilities are endless. It's as far as your imagination can go, so I think, yes, as long as I'm getting fed and everything, I could ...",train,train/54TGLGvIm_8.002.mp4,0.6542056074766355,chalearn_annotation_mirror,medium,train
5KHOpRCxnwQ.001.mp4,5KHOpRCxnwQ,4,"... followers, which is going to be like seven, all seven of you, you got to have a name. Probably something [inaudible 00:00:06]. I got to come up with a cool YouTube channel name ...",validation,validation/5KHOpRCxnwQ.001.mp4,0.5887850467289719,chalearn_annotation_mirror,medium,train
5kwoq4EZixQ.001.mp4,5kwoq4EZixQ,5,"I always wanted to do it, but I didn't think people wanted to see me. I never thought like ... You always have that thought in the back of your like, ""I'm not that interesting."" I mean you see people with all kind of talents and can do this and that, and some people are-",train,train/5kwoq4EZixQ.001.mp4,0.6261682242990654,chalearn_annotation_mirror,medium,train
5kwoq4EZixQ.002.mp4,5kwoq4EZixQ,5,"If it turns into something then it turns into something but if it doesn't, I will still have fun. Is that an answer? Probably not, I am just, like I said.",validation,validation/5kwoq4EZixQ.002.mp4,0.4953271028037382,chalearn_annotation_mirror,medium,train
69BopbFc34U.000.mp4,69BopbFc34U,5,"I really enjoy lots of books. An easy answer would be A Song of Ice and Fire, George R.R. Martin.",train,train/69BopbFc34U.000.mp4,0.1308411214953271,chalearn_annotation_mirror,low,train
69BopbFc34U.001.mp4,69BopbFc34U,5,"... all the people that do watch what I do, all of you guys. That being said, it's certainly not the fastest growing channel around. Neither is it the slowest though. I am ...",train,train/69BopbFc34U.001.mp4,0.23364485981308408,chalearn_annotation_mirror,low,train
69BopbFc34U.003.mp4,69BopbFc34U,5,"Or if it does have conflict, it's conflict that you're quite separated from. Or it's kind of camp-y conflict or something. Something that's not going to make people tense to watch. I really like to keep things ... the whole atmosphere relaxed.",validation,validation/69BopbFc34U.003.mp4,0.22429906542056074,chalearn_annotation_mirror,low,train
6NjuNY4LfQc.002.mp4,6NjuNY4LfQc,6,"I like MisterWives and Pvris, with a v. It's P-V-R-I-S.",validation,validation/6NjuNY4LfQc.002.mp4,0.29906542056074764,chalearn_annotation_mirror,low,train
7BgScfRre5M.003.mp4,7BgScfRre5M,3,A full exhale of sound come out and knowing that your voice is yours and you're alive. It sounds simple but-,train,train/7BgScfRre5M.003.mp4,0.46728971962616817,chalearn_annotation_mirror,medium,train
7IegDaeNlik.003.mp4,7IegDaeNlik,3,"... Really am appreciative of what I get - from all the support I get from you guys. Sorry, I'm not tearing up or something. No, it's just-",train,train/7IegDaeNlik.003.mp4,0.27102803738317754,chalearn_annotation_mirror,low,train
7LHmNEH65Pk.000.mp4,7LHmNEH65Pk,6,"Who had gone through the same thing and I sometimes don't even know how I survived. I was a new mom and I didn't live close to where I was living before, so I didn't live really close to my friends or anything.",train,train/7LHmNEH65Pk.000.mp4,0.6635514018691588,chalearn_annotation_mirror,medium,train
7UQt8QB3cQY.003.mp4,7UQt8QB3cQY,6,"For a treat. My favorite Christmas meal or treat? Probably like Christmas cookies. That's honestly the first thing that comes to my mind when I think of Christmas is like the cookies, so definitely Christmas cookies.",train,train/7UQt8QB3cQY.003.mp4,0.2803738317757009,chalearn_annotation_mirror,low,train
7WixH0aSfqI.004.mp4,7WixH0aSfqI,4,"Little tiny rubber band that look like these that are just, they don't hook to anything but what they do is they put them between your molar tooth and your very back tooth to create the separation to put a molar band on.",validation,validation/7WixH0aSfqI.004.mp4,0.6542056074766355,chalearn_annotation_mirror,medium,train
7ZnijRlK5-E.002.mp4,7ZnijRlK5-E,5,For me and I joined the choir when I was 10 years old and I've singing ever since. I'm not in the choir now. I haven't actually sang in any church choir in a couple years. I've just started back singing-,train,train/7ZnijRlK5-E.002.mp4,0.3831775700934579,chalearn_annotation_mirror,low,train
836kYlEs9GI.001.mp4,836kYlEs9GI,4,"I have my own reasons I guess. I look at the world a lot differently than a lot of people do. I don't like using the term atheist, but it's the only thing that's really-",train,train/836kYlEs9GI.001.mp4,0.35514018691588783,chalearn_annotation_mirror,low,train
8OGiv7FetSQ.003.mp4,8OGiv7FetSQ,5,"How do you enter? All you have to do is number one, be subscribed to me. Number two, this is, I'm doing a Q&A video, so you have to ask a question in my comments. Number three, when you comment your question-",validation,validation/8OGiv7FetSQ.003.mp4,0.4579439252336448,chalearn_annotation_mirror,medium,train
8eeZjC_bmtc.000.mp4,8eeZjC_bmtc,5,"... started the video. I turned on my inside lights and I opened the sun roof, but still it was really dark and I was just like I don't know if I want to put it up, because as much as I would love to listen to me, I don't know if others would love to listen to me and ...",validation,validation/8eeZjC_bmtc.000.mp4,0.3457943925233644,chalearn_annotation_mirror,low,train
8gvBbE6iZNo.004.mp4,8gvBbE6iZNo,6,"Including reported by the Russian Federation, and so it stands to reason that the monitoring mission in order to address those challenges needs to have access to Crimea as it does to other parts of Ukraine and that is fully provided for in the ...",validation,validation/8gvBbE6iZNo.004.mp4,0.644859813084112,chalearn_annotation_mirror,medium,train
8mZZlnbmOYE.004.mp4,8mZZlnbmOYE,6,"Pronounce your full name, so I abbreviated it and I apologize. I don't like doing that but I do not want to mess up your name even further. So, this is a good question and this is something that I get a lot and I think it's something that takes up",train,train/8mZZlnbmOYE.004.mp4,0.6074766355140186,chalearn_annotation_mirror,medium,train
8n6G3V3-Tk8.005.mp4,8n6G3V3-Tk8,6,"When I use when I do use it. Sometimes, I'll do a facial scrub with, I have this sea salt [inaudible 00:00:10] exfoliating things from Lush Cosmetics that I like to use.",train,train/8n6G3V3-Tk8.005.mp4,0.5607476635514018,chalearn_annotation_mirror,medium,train
9kEyN8a76j4.005.mp4,9kEyN8a76j4,6,"No. The girls on my cast at the Room Bar, I would never tell them, ""Oh, no. You can only exclusively work for us."" I don't give a shit if you're working once a day, or excuse me, once a month, or once a week. I don't give a shit. No, bitch ...",train,train/9kEyN8a76j4.005.mp4,0.3177570093457943,chalearn_annotation_mirror,low,train
A7qb47cmxJo.000.mp4,A7qb47cmxJo,6,"Really, I looked it up. It's only been two months. I do feel bad, but I thought it was a lot worse. I thought it was like a year. I hope everybody is doing great. I'm sorry that we haven't posted many videos, or I haven't posted many videos.",train,train/A7qb47cmxJo.000.mp4,0.5700934579439252,chalearn_annotation_mirror,medium,train
AFQz-qy0FkY.005.mp4,AFQz-qy0FkY,4,"-join me in all my festive excitement on all forms of social media, which will be linked below. I need ideas for blog posts and videos that are Christmasy. Mainly videos because-",validation,validation/AFQz-qy0FkY.005.mp4,0.6915887850467289,chalearn_annotation_mirror,medium,train
AFvUxDwJB84.003.mp4,AFvUxDwJB84,5,"I mean knows if that happened. He knows exactly if that happened, that he would lose less soul. He would have a harder time fighting, so they attack men in every way. Men don't even know how to be men anymore, if you're looking at a world-",train,train/AFvUxDwJB84.003.mp4,0.4205607476635514,chalearn_annotation_mirror,medium,train
APqMkruLkoE.001.mp4,APqMkruLkoE,5,"...down the abdomen and plays a role in the release of Dopamine. This neurotransmitter helps control the brains reward and pleasure centers. On tests done with these headphones people felt a tingling sensation going down their arms. But shortly after that, the...",validation,validation/APqMkruLkoE.001.mp4,0.8317757009345793,chalearn_annotation_mirror,high,train
Agg7z10B_iY.002.mp4,Agg7z10B_iY,4,"Wants to help others, and wants to be committed to loving others and you don't always have to seek recognition for those types of things because it will find its way back to you, full circle. Here's the question, ""Do you remember helping a guy move his",train,train/Agg7z10B_iY.002.mp4,0.6355140186915886,chalearn_annotation_mirror,medium,train
As93GgkTdt4.004.mp4,As93GgkTdt4,4,"Want to well up, because I have met some of the most wonderful people that are in my life today because of YouTube and especially Book Tube. I think about myself now and won-",train,train/As93GgkTdt4.004.mp4,0.9065420560747662,chalearn_annotation_mirror,high,train
AwNVGShHjvw.003.mp4,AwNVGShHjvw,4,"I'm afraid of frogs. I'm afraid of darkness. I'm afraid of the sun. I'm afraid of, you know, being in enclosed place. If I'm in an enclosed place, ...",validation,validation/AwNVGShHjvw.003.mp4,0.2523364485981308,chalearn_annotation_mirror,low,train
B2riMsP8LD8.000.mp4,B2riMsP8LD8,6,"I knew that was something I wanted to do. I loved the news, I loved watching it, I loved the storytelling. And for me that's one of the biggest parts of being a journalist, is telling the stories. I have questions, like most people do, and you want to get to the bottom of those questions and find the answers, but telling the story ...",validation,validation/B2riMsP8LD8.000.mp4,0.6822429906542056,chalearn_annotation_mirror,medium,train
BLwgxAWf7cg.003.mp4,BLwgxAWf7cg,7,"For the gym, but I would still use them in the gym. That's just the kind of person I am. If I've got it, I'll use it. I just feel that I'm not a trainer person, so I've got a pair of old trainers that I just ...",train,train/BLwgxAWf7cg.003.mp4,0.19626168224299062,chalearn_annotation_mirror,low,train
BQ9i8qkXiVQ.000.mp4,BQ9i8qkXiVQ,6,And then I'd learned about raised studs and started growing and raised studs and I mixed my own different ways. Every year trying to get more and more ground to where it-,train,train/BQ9i8qkXiVQ.000.mp4,0.29906542056074764,chalearn_annotation_mirror,low,train
BS0wgLXqFgc.000.mp4,BS0wgLXqFgc,4,"Which I would love to do, that's a convention, fan convention that's held here in Atlanta every year, and we love to go. If anyone happens to be going to Dragon Con this year, you should let me know because I would love to meet some of you in person.",validation,validation/BS0wgLXqFgc.000.mp4,0.7757009345794392,chalearn_annotation_mirror,high,train
Bk9Hxn7Drxw.004.mp4,Bk9Hxn7Drxw,5,"... Steps on the fly, but basically this series of images is also making a little bit of a statement as well, so from the perspective of she's wearing like-",train,train/Bk9Hxn7Drxw.004.mp4,0.308411214953271,chalearn_annotation_mirror,low,train
CAuVlnNy95E.002.mp4,CAuVlnNy95E,4,"Question number eight, what is my favorite food? That's kind of hard for me to choose from, but right now since ... wait, no that's not. No, yeah, it kind of is, but instead of answering what kind of food is-",validation,validation/CAuVlnNy95E.002.mp4,0.5607476635514018,chalearn_annotation_mirror,medium,train
CFK8ib0aWe8.000.mp4,CFK8ib0aWe8,5,"I know that to actually do good online, you actually have to have great content and thorough content that covers a subject.",train,train/CFK8ib0aWe8.000.mp4,0.4953271028037382,chalearn_annotation_mirror,medium,train
CGfr9jl8w4Y.000.mp4,CGfr9jl8w4Y,5,"Number 2 is what is the book that changed your entire perspective on reading? Wow! I don't know, has my perspective changed on reading at all? I don't know. I think reading's amazing, I think its wonderful. I've done it for a really long time. I actually started reading ...",validation,validation/CGfr9jl8w4Y.000.mp4,0.43925233644859807,chalearn_annotation_mirror,medium,train
CO7vZjYF6Zk.001.mp4,CO7vZjYF6Zk,5,"... They tell you not to put them in your hand luggage, or your normal luggage. I've never actually had any problems with these, so I hope this helps. I hope this video was helpful for you and I've answered your questions. I know I had a lot of questions on that video so I thought I'd address them in a question-",train,train/CO7vZjYF6Zk.001.mp4,0.4205607476635514,chalearn_annotation_mirror,medium,train
DXw4lVoiiWY.004.mp4,DXw4lVoiiWY,5,"Yes, we really are going to step up our game next year, guys, or from here on out. I know a lot of you look forward to the really long videos. Some of you look forward to the short videos. It's going to be a mix of both, so just bare with us.",train,train/DXw4lVoiiWY.004.mp4,0.4299065420560747,chalearn_annotation_mirror,medium,train
DctPau1p7JM.001.mp4,DctPau1p7JM,4,"Now, I'm back, well at least for a short while. As long as I'm here I might as well show you guys what I've been working on. Quick second please.",train,train/DctPau1p7JM.001.mp4,0.308411214953271,chalearn_annotation_mirror,low,train
DegRGUG4Wi0.001.mp4,DegRGUG4Wi0,4,...almost worshiped John Bonham. I'm not one of them. I might some day. Please send me your hate it the comment section. I don't mind.,train,train/DegRGUG4Wi0.001.mp4,0.6355140186915886,chalearn_annotation_mirror,medium,train
DhqfB9chceo.003.mp4,DhqfB9chceo,4,"Zero one underscore, my god, how many underscores do you need, Kelsey? What is the most embarrassing thing that you've ever done? I'm really clumsy so when it comes to stuff like that I'd fall-",train,train/DhqfB9chceo.003.mp4,0.3925233644859813,chalearn_annotation_mirror,low,train
DnTtbAR_Qyw.002.mp4,DnTtbAR_Qyw,4,"Freaked me out because I usually do not do that, but I just love the lyrics and the chorus is just amazing and I literally started crying. It was happy tears, but they were tears and I scared myself a little when I did that because ...",train,train/DnTtbAR_Qyw.002.mp4,0.6542056074766355,chalearn_annotation_mirror,medium,train
DzqJmiQjsZ4.005.mp4,DzqJmiQjsZ4,5,"But when you get them all as quickly as I did, you know when you kind of splurge, it kinds of sucks because you always have everything that they have in the stores. I'm thinking I really should have spread it out more. I shouldn't have let it completely overtake me to the point were I was ...",train,train/DzqJmiQjsZ4.005.mp4,0.616822429906542,chalearn_annotation_mirror,medium,train
EA8BEYAZqAA.001.mp4,EA8BEYAZqAA,5,"Basically and I think even in that video I showed the photo that Lauren Conrad posted. She posted this plain photo of a leopard print nail and I was like that is so cute, I want to do that. So I tried it on myself and it was really awful. But at the time I thought it looked awesome, so I posted the video.",train,train/EA8BEYAZqAA.001.mp4,0.7943925233644858,chalearn_annotation_mirror,high,train
EeI8iXLDfc0.000.mp4,EeI8iXLDfc0,5,What I eat today and do kind of a full day of eating video for you so I ate a bar this morning that I'm going to go over and show you and I'm about to make a protein shake. So we did back - we did biceps and shoulders today and I just did cardio.,validation,validation/EeI8iXLDfc0.000.mp4,0.5607476635514018,chalearn_annotation_mirror,medium,train
EjhDyc8Oc6k.000.mp4,EjhDyc8Oc6k,5,"Just for shit. Do you have any traditions for Christmas? Yeah, I do. Every Christmas when I wake up, me and my mom always go out to the living room and we sit and eat breakfast together watching TV. All the-",train,train/EjhDyc8Oc6k.000.mp4,0.5607476635514018,chalearn_annotation_mirror,medium,train
F0kidNe_RSo.003.mp4,F0kidNe_RSo,5,"... Hair, it would be a hair product or a hair accessory, but I would love to make PrettyWitty 77 a household name for some kind of hair ...",validation,validation/F0kidNe_RSo.003.mp4,0.3831775700934579,chalearn_annotation_mirror,low,train
G-25EWOIGNs.004.mp4,G-25EWOIGNs,6,"When I get crazy with the overdraw and then my lipstick's up to here and then I got to wipe it off, put foundation off, do it again, Hoyt keeps farting and it sticks really bad. Yeah. I just hate putting lipstick on. I do. I like the way it looks.",train,train/G-25EWOIGNs.004.mp4,0.5327102803738317,chalearn_annotation_mirror,medium,train
GHetseJP358.004.mp4,GHetseJP358,4,"-Of how smart and twisted he is, which is really messed up, and I haven't finished the show yet, so I don't know his full potential or how messed up he really is, but it's so amazing how clever and-",train,train/GHetseJP358.004.mp4,0.7289719626168224,chalearn_annotation_mirror,medium,train
GWOtluILlk4.005.mp4,GWOtluILlk4,5,"[Arch 00:00:15]. The biggest thing with arch, all you're really trying to do is really squeeze those shoulders down and back. What we often say is if you're arching all you're trying to do is show that range of motion and find stability. If you're doing anything other than those two-",train,train/GWOtluILlk4.005.mp4,0.5046728971962616,chalearn_annotation_mirror,medium,train
Gdv79afXNKE.000.mp4,Gdv79afXNKE,5,"Shelby says, ""What advice would you give to your 16 year old self?",validation,validation/Gdv79afXNKE.000.mp4,0.6542056074766355,chalearn_annotation_mirror,medium,train
Gk94xrcmFts.000.mp4,Gk94xrcmFts,4,"I answer some questions. It's kind of like that ease of talking about my mutual dream theory video where if you kind of go with the flow, lots of weird coincidences and magical things happen to me where I just accidentally show up in places.",train,train/Gk94xrcmFts.000.mp4,0.11214953271028033,chalearn_annotation_mirror,low,train
HCkDd0UnUgo.005.mp4,HCkDd0UnUgo,5,"The off season? Again, it goes back to perspective. It's normal and it's healthy, so it's just a matter of changing your self-talk and also kind of changing-",validation,validation/HCkDd0UnUgo.005.mp4,0.43925233644859807,chalearn_annotation_mirror,medium,train
HWuh0biZQ_c.001.mp4,HWuh0biZQ_c,5,"Offend someone ... post it. Hash tag offend. On everything that you think is going to offend someone, and let them know, that what you are going to say might offend them, and if it does, guess what? You've already let them know, and if ...",train,train/HWuh0biZQ_c.001.mp4,0.19626168224299062,chalearn_annotation_mirror,low,train
HekcZ0Em60E.004.mp4,HekcZ0Em60E,5,"Have you ever heard of O2L and who is your favorite member? Yeah, I have heard of O2L and I would have to say Kian and Trevor. I can't really pick one.",train,train/HekcZ0Em60E.004.mp4,0.5046728971962616,chalearn_annotation_mirror,medium,train
HwZlfygV2eU.004.mp4,HwZlfygV2eU,6,One step further and partner with someone like Fathom Events to show the West End play in theater's across the US. It would be completely sold out and would be one of the people in line. I can remember when the Harry Potter...,validation,validation/HwZlfygV2eU.004.mp4,0.5514018691588785,chalearn_annotation_mirror,medium,train
Ie2y_yOeKpo.004.mp4,Ie2y_yOeKpo,4,"Chrishelle is someone who has a lot of personalities, but isn't two faced or fake, so don't get that confused. She likes to have fun and stay happy and loves ...",train,train/Ie2y_yOeKpo.004.mp4,0.5794392523364486,chalearn_annotation_mirror,medium,train
JFKZEGDhcRs.004.mp4,JFKZEGDhcRs,4,"Then afterwards, it's ... Once you're comfortable with yourself and you look for your partner or whatever, whoever they may be, and obviously that's going to be a very hard and long trek and you'll probably go through many, many other people before you-",train,train/JFKZEGDhcRs.004.mp4,0.5794392523364486,chalearn_annotation_mirror,medium,train
JKDEEwxZwrw.004.mp4,JKDEEwxZwrw,5,"To a certain point and then goes back and forth like that, I say we get rid of the top elevation because noobs like to spray a lot. Here's how we balance it out, as the weapon sprays up, and up, and up, it keeps going up, it doesn't stop, it doesn't stop, until finally it gets to a certain point and-",validation,validation/JKDEEwxZwrw.004.mp4,0.5607476635514018,chalearn_annotation_mirror,medium,train
JTmq4k4uQCY.003.mp4,JTmq4k4uQCY,5,,train,train/JTmq4k4uQCY.003.mp4,0.6261682242990654,chalearn_annotation_mirror,medium,train
Jf8lqSpAjZ8.002.mp4,Jf8lqSpAjZ8,4,"If a chapter is a container for scenes, and for my particular format, it ends when the scene ends, simple as that. It's a container for one series of actions tightly packed together. Now, if you're writing multiple scenes per chapter-",train,train/Jf8lqSpAjZ8.002.mp4,0.5327102803738317,chalearn_annotation_mirror,medium,train
Jhz5ssCKaug.002.mp4,Jhz5ssCKaug,5,And that's all for this video. I hope you guys have enjoyed the video. I'm sorry-,train,train/Jhz5ssCKaug.002.mp4,0.5233644859813084,chalearn_annotation_mirror,medium,train
Jhz5ssCKaug.004.mp4,Jhz5ssCKaug,5,I'm open because like I used to sleep with no clothes but then also being clothes is like what if someone pops out. I'm not that scary but a little bit actually. Do you take shampoo...,validation,validation/Jhz5ssCKaug.004.mp4,0.514018691588785,chalearn_annotation_mirror,medium,train
KGRUaRe3r7I.001.mp4,KGRUaRe3r7I,5,"Literally every day. We just crossed 400,000 subscribers, which is a mindbogglingly huge number that I never expected we would get to. I get to talk to interesting and amazing people on-",train,train/KGRUaRe3r7I.001.mp4,0.8317757009345793,chalearn_annotation_mirror,high,train
KJ643kfjqLY.001.mp4,KJ643kfjqLY,5,"That's a very good question. It's very tricky to be getting on. When they told them I had be on oxygen, I was like. My confidence dwindled into nothingness, but then I watched a documentary on rats. Basically, the idea was that they-",train,train/KJ643kfjqLY.001.mp4,0.4485981308411215,chalearn_annotation_mirror,medium,train
KNOHhnRMpSw.000.mp4,KNOHhnRMpSw,6,"Also a fun fact about me is, I'm using my laptop to record this because I don't have a good camera, but it's okay.",train,train/KNOHhnRMpSw.000.mp4,0.2803738317757009,chalearn_annotation_mirror,low,train
KVepk_9iPEU.004.mp4,KVepk_9iPEU,6,"[grinddayfromwork.com], Comanche with the video today talking about stippling, though I'm not going to actually talk about stippling in this video. What I am going to do is ask all of your stippling questions, concerns, and/or comments. I got ahold of a handy dandy Glock 43.",validation,validation/KVepk_9iPEU.004.mp4,0.6822429906542056,chalearn_annotation_mirror,medium,train
KXUERmhPyr8.004.mp4,KXUERmhPyr8,5,"...Degree, whether, it could be any degree, basically any kind of university degree. As long as you've got that you can work in a lot of countries in Asia. Yeah, each place has a different procedure as I-",train,train/KXUERmhPyr8.004.mp4,0.40186915887850466,chalearn_annotation_mirror,medium,train
LBKbubsgpE8.003.mp4,LBKbubsgpE8,5,"No stupid comments. The commenting system and this whole Google+ crap ... I'm so irritated with this change. First YouTube gets rid of our video responses, which drove me freaking crazy because video responses were-",train,train/LBKbubsgpE8.003.mp4,0.6355140186915886,chalearn_annotation_mirror,medium,train
LHV4HNK35pM.001.mp4,LHV4HNK35pM,4,"Literally for the past year. I first made my channel in 2011 but I wasn't serious about it, like I wasn't really uploading often, but since 2014 I have kind of been on a roll, regularly.",train,train/LHV4HNK35pM.001.mp4,0.5607476635514018,chalearn_annotation_mirror,medium,train
LSqijVxP0EM.002.mp4,LSqijVxP0EM,6,"Well, it just doesn't circulate up at your ear very often. I can see how it may not heal very well. My piercing has been a little bit over a year now, and it has healed, I would say, but I do know if I-",train,train/LSqijVxP0EM.002.mp4,0.3177570093457943,chalearn_annotation_mirror,low,train
LWO2ZhalAEY.004.mp4,LWO2ZhalAEY,5,"Hello beautiful human beings of the internet, I'm Lauren Elizabeth, and my voice just cracked. I'm trying to do this thing with my hair where you just keep it tucked in but I don't think it's working at all. Today, I wanted to do an Ask Lauren Elizabeth.",train,train/LWO2ZhalAEY.004.mp4,0.6822429906542056,chalearn_annotation_mirror,medium,train
LXmwDq89LdA.000.mp4,LXmwDq89LdA,5,"I know how long it takes me to do a yard of mulch with another guy, two other guys, so I can't really lose money. I love that. We did a ton of mulch. We can put a ton of mulch on our trailer, and wheelbarrow, wheelbarrow, get it all done.",train,train/LXmwDq89LdA.000.mp4,0.514018691588785,chalearn_annotation_mirror,medium,train
L_gmlaz-0s4.002.mp4,L_gmlaz-0s4,6,I have no idea. Andrew Glasgow.,validation,validation/L_gmlaz-0s4.002.mp4,0.33644859813084105,chalearn_annotation_mirror,low,train
LzT4m85N17o.002.mp4,LzT4m85N17o,3,"We were in Vienna and we were walking to the metro station. Metro station. Yes, and we met that dude. It was me and my brother, my older brother. It was the weirdest ...",train,train/LzT4m85N17o.002.mp4,0.35514018691588783,chalearn_annotation_mirror,low,train
MK7KveAeb6Y.002.mp4,MK7KveAeb6Y,5,Hope you guys had fun. Be back later this week with more videos. Today I just wanted to hang out. We're not going to be able to do this much longer so enjoy it while it lasts. It's like candy canes at the store.,train,train/MK7KveAeb6Y.002.mp4,0.18691588785046725,chalearn_annotation_mirror,low,train
MbunPsukPnQ.004.mp4,MbunPsukPnQ,4,"Probably to me all of the Youtubers that I can in this year because I feel like this year I am so dedicated to meeting loads of people. Also, probably a New Years resolution for me, is I'm going to try and reach.",validation,validation/MbunPsukPnQ.004.mp4,0.514018691588785,chalearn_annotation_mirror,medium,train
NpiglwrZzsA.002.mp4,NpiglwrZzsA,4,"Write them on the little note pad I have beside me. I will put them forward for the next video. As you can tell, feel free to post comments or questions regarding [inaudible 00:00:27] or not, or something that takes your fancy.",train,train/NpiglwrZzsA.002.mp4,0.3644859813084112,chalearn_annotation_mirror,low,train
O7h-kf7hPIU.003.mp4,O7h-kf7hPIU,5,"My favorite song at the moment, oh my god. Shawn Mendes and Camilla Cabello's collab they did, with I Know What You Did Last Summer, oh my god, I love it so much. I am also obsessed with boys like you, by Who Is Fancy, Meghan Trainor, and Ariana Grande.",validation,validation/O7h-kf7hPIU.003.mp4,0.5607476635514018,chalearn_annotation_mirror,medium,train
OEKg-Tvwcbk.002.mp4,OEKg-Tvwcbk,5,"Sucks. When he agrees, yeah. It just sucks because it's been so hot out so I can't go for walks with both the girls. You know it's one thing to try to sneak away into the basement, which I have no motivation to do, but I need to get, I need to get -",validation,validation/OEKg-Tvwcbk.002.mp4,0.3831775700934579,chalearn_annotation_mirror,low,train
OZlpENU9h28.005.mp4,OZlpENU9h28,5,"Magnetic, said that weird, if you guys haven't seen the review of that, you can definitely go back to my older videos, find that. It's a really good tripod especially if you want to start making YouTube for beginners and you're just using-",train,train/OZlpENU9h28.005.mp4,0.33644859813084105,chalearn_annotation_mirror,low,train
OdwK_oMdfSU.003.mp4,OdwK_oMdfSU,5,"...it's all in that program. This is a little bit more advanced, this is like the next step. How do you ask her out on that first date? Here's how I would not do it. I would not ask her out like every other guy who's ever asked her out on a first date-",train,train/OdwK_oMdfSU.003.mp4,0.644859813084112,chalearn_annotation_mirror,medium,train
Or2_bP4lWYI.005.mp4,Or2_bP4lWYI,6,"Influence. That was the assumption behind the Wikileaks again. One big claim for example Chelsea Manning, formerly known as Bradley Manning was the leaker of all the documents related to Iraq, Afghanistan.",train,train/Or2_bP4lWYI.005.mp4,0.7383177570093457,chalearn_annotation_mirror,medium,train
Os7L5C-i9Fw.000.mp4,Os7L5C-i9Fw,6,"If you know the basement leaks, and you pile up everything so that nobody can see the leak, then you can be in trouble. As a real estate agent, I have to disclose anything I know within the four corners of the property.",train,train/Os7L5C-i9Fw.000.mp4,0.43925233644859807,chalearn_annotation_mirror,medium,train
OuE91U_n04E.003.mp4,OuE91U_n04E,5,"So many times that now I just carry on everything. Should I go for an internship for fashion while in school? What kind of job can I work while doing it? I always think internships are great, just-",validation,validation/OuE91U_n04E.003.mp4,0.5981308411214953,chalearn_annotation_mirror,medium,train
OugdInDyt9s.005.mp4,OugdInDyt9s,5,"If you guys have anymore questions for me, feel free to leave them in the comments below or you can message me so I can make you guys a new updated video answering the questions for you guys. Stay tuned for my make-up tutorials and more personal videos from me and I look forward to making more videos.",train,train/OugdInDyt9s.005.mp4,0.6542056074766355,chalearn_annotation_mirror,medium,train
OwI3Q-qUqDw.002.mp4,OwI3Q-qUqDw,5,"... room for improvement. As soon as I bring them in also on trying to list ... Again the jewelry has always been in my jewelry boxes. Clothing I don't do very much clothing, you know Poshmark are clothes that they have been rejected by my daughter. Either she doesn't like them or they didn't fit right, same thing wi-",train,train/OwI3Q-qUqDw.002.mp4,0.21495327102803735,chalearn_annotation_mirror,low,train
P0a209IS614.005.mp4,P0a209IS614,7,"And Republicans, who are beholden to the wealthy and the powerful. You ask me about the issues of college affordability, and making public colleges and universities tuition free. I think the vast majority of the American people thinK that that's a great idea. I think the American-",train,train/P0a209IS614.005.mp4,0.719626168224299,chalearn_annotation_mirror,medium,train
P63CUj9KnSw.001.mp4,P63CUj9KnSw,4,So I've been asking on Twitter for the past couple days for questions to use for my Q and A video.,train,train/P63CUj9KnSw.001.mp4,0.3644859813084112,chalearn_annotation_mirror,low,train
P7poMmhYnM0.003.mp4,P7poMmhYnM0,6,"Friends, I hope you guys are having an awesome day. We have just sent Bobby off to school. He is on his way to school. He is going to be going for a half day because remember I told you we have a fun and exciting day planned today, so we are-",validation,validation/P7poMmhYnM0.003.mp4,0.41121495327102797,chalearn_annotation_mirror,medium,train
P9WDAY-MFzk.002.mp4,P9WDAY-MFzk,6,"... You know, adding ads on my blog and the YouTube channel. However, I never said this is going to be my full-time job, and it's kind of scary to be honest, because you know, right now I enjoy it. I love making-",train,train/P9WDAY-MFzk.002.mp4,0.5233644859813084,chalearn_annotation_mirror,medium,train
PEjFZNkbQos.000.mp4,PEjFZNkbQos,6,"Sometimes the banks are only open one day a week, from 12:00 to 3:00, so you have to plan when you get your money, and but otherwise I just use my Visa card all the time. Simple, I'm not carrying a lot of-",validation,validation/PEjFZNkbQos.000.mp4,0.5327102803738317,chalearn_annotation_mirror,medium,train
PHUlL5ZzX5U.005.mp4,PHUlL5ZzX5U,5,"Windows 10, faster browsing my ass. More like Windows 2 Vista. It works good for my computer. It does. I like it now. Okay. Jasper [Quince et al 00:00:29].",train,train/PHUlL5ZzX5U.005.mp4,0.23364485981308408,chalearn_annotation_mirror,low,train
PK0EPT3k4RM.003.mp4,PK0EPT3k4RM,5,"...to practice what you love to do. If you really want to get into makeup, just practice it as much as you can. It wipes straight off, so you literally can just do whatever. It wipes off.",validation,validation/PK0EPT3k4RM.003.mp4,0.5700934579439252,chalearn_annotation_mirror,medium,train
PKyqjYem0dY.004.mp4,PKyqjYem0dY,5,"The thing that I realized this year, is that if you really want to do something, you have to do it now. I think some YouTubers have also spoken about this, but I just want to mention, because-",train,train/PKyqjYem0dY.004.mp4,0.514018691588785,chalearn_annotation_mirror,medium,train
PoVizBmIHy0.000.mp4,PoVizBmIHy0,4,"I'm just terrible. You know, what can you do? What can you do, really? But yeah, I'm just really terrible at it, but there should be more videos coming soon, hopefully, if I learn how to render it better. It's not really just that, because I've been-",train,train/PoVizBmIHy0.000.mp4,0.2523364485981308,chalearn_annotation_mirror,low,train
PyPFJWirPjs.000.mp4,PyPFJWirPjs,5,"I hope you guys like that video. If you did, be sure to give it a-",train,train/PyPFJWirPjs.000.mp4,0.2897196261682243,chalearn_annotation_mirror,low,train
PyPFJWirPjs.001.mp4,PyPFJWirPjs,5,"Soon enough. This is a video that I'm going to let you guys know that I'm going to be doing a question and answer video or reading your comments video. All you have to do is, if you want me to read your comment, let me know in the description below. Ask me any questions you want, and I will answer it ...",train,train/PyPFJWirPjs.001.mp4,0.41121495327102797,chalearn_annotation_mirror,medium,train
Q4z4GRUtccE.002.mp4,Q4z4GRUtccE,5,"... mountains in Africa, Kilimanjaro's number one 5,985 meters above sea level and Toubkal, here in Morocco is 4,165 meters above sea level so that was pret-",train,train/Q4z4GRUtccE.002.mp4,0.514018691588785,chalearn_annotation_mirror,medium,train
Q8bdpKNp698.000.mp4,Q8bdpKNp698,4,"Hi guys so I'm headed to my next class right now and I almost forgot my memory card so I had to go back to my apartment and get it, but-",validation,validation/Q8bdpKNp698.000.mp4,0.3831775700934579,chalearn_annotation_mirror,low,train
QTtTAFqT-no.004.mp4,QTtTAFqT-no,5,"Cruelty-free, so I'm just going to keep them, use them up, and not buy from that brand again, but just to warn you guys that that brand does, and yeah, and if I ever get a subscription box that I'm reviewing and it does have something not cruelty-free, I'll let you guys know, because when you-",train,train/QTtTAFqT-no.004.mp4,0.40186915887850466,chalearn_annotation_mirror,medium,train
QV4TV3aHxfE.004.mp4,QV4TV3aHxfE,7,And one of the key skills that I can teach you is what I call the unfair advantage. It's sports hypnosis. I am a certified sport hypnotherapist specialist and sports hypnosis can be the difference between being a good athlete...,validation,validation/QV4TV3aHxfE.004.mp4,0.5420560747663551,chalearn_annotation_mirror,medium,train
QiR6yJbFCfM.003.mp4,QiR6yJbFCfM,6,"Totally flushed out, the variants weren't fully flushed out, one of the things we've done as Founder 42 is going through and doing the white box for all these and trying to figure out more of the logistical things. At the time, we didn't have a lot of things answers on what is a [Medbay 00:00:27], how does a [Medbay 00:00:28] work, what is the...",validation,validation/QiR6yJbFCfM.003.mp4,0.5046728971962616,chalearn_annotation_mirror,medium,train
Qkao4XiSflU.003.mp4,Qkao4XiSflU,5,"Then, I did that and I literally went from 900 to 5000 subscribers almost overnight. It was over the span of a week. That's not almost overnight at all, but that's the idea I'm trying to get across.",train,train/Qkao4XiSflU.003.mp4,0.5981308411214953,chalearn_annotation_mirror,medium,train
QlkTEWrSCBs.000.mp4,QlkTEWrSCBs,4,"So here's a shout out to them if you ever want to feel like you're getting molested or sexually abused and you want to choke and cancel all the time, then that's probably one of the best group chats to go in. If you want to be in it, hit me up, I'll add you in, you'll probably get",train,train/QlkTEWrSCBs.000.mp4,0.3457943925233644,chalearn_annotation_mirror,low,train
Qqc1539E6rs.000.mp4,Qqc1539E6rs,5,"Like midnight, so I do get a bit sleepy, which is not really all [inaudible 00:00:17]. Other traditional family traditions. Now to be honest, we kind of just have like a panic, so it's literally like our friends.",validation,validation/Qqc1539E6rs.000.mp4,0.5794392523364486,chalearn_annotation_mirror,medium,train
QuwVzi2tQrQ.005.mp4,QuwVzi2tQrQ,5,"Of being on your bulk? I think that the hardest part of being on my bulk is just feeling like softer everywhere. Like, I'll look at myself in the mirror and I can sort of feel my abs going away, especially, like, at night at the end of the day, they don't look the same as they do-",train,train/QuwVzi2tQrQ.005.mp4,0.7663551401869158,chalearn_annotation_mirror,high,train
R42dmIPCXwo.001.mp4,R42dmIPCXwo,4,"Falling asleep and stuff and I know taking a nap during the day is not helpful, but when I got four hours of sleep, obviously, like, I'm dead right now. Leave any tips that-",train,train/R42dmIPCXwo.001.mp4,0.3177570093457943,chalearn_annotation_mirror,low,train
RQeoo3idUJc.004.mp4,RQeoo3idUJc,5,"-but he's like top... he like, leads them. I think it's like that. I'm not too sure. My one cousin, he plays the trombone. So, my other cousin, he plays the drums, I think?",train,train/RQeoo3idUJc.004.mp4,0.3644859813084112,chalearn_annotation_mirror,low,train
RWhyKkFI3zw.002.mp4,RWhyKkFI3zw,5,"What we like to do on holiday, what we're thinking about doing next time we go ... then put it in the comments, and I will respond if needs be I'll do another video. One thing I didn't mention was car hire ...",validation,validation/RWhyKkFI3zw.002.mp4,0.37383177570093457,chalearn_annotation_mirror,low,train
RhFPotjd0hM.003.mp4,RhFPotjd0hM,5,"Brilliant man. Very philosophical, very smart, very deep. Knows the topics. I'm not him. Now a word about apologetics, apologetics most times ...",train,train/RhFPotjd0hM.003.mp4,0.5046728971962616,chalearn_annotation_mirror,medium,train
Rp_gyvKE4hI.000.mp4,Rp_gyvKE4hI,4,"This and you know obviously, my expectations for myself like aren't really that high but we go in there and we're just like ripping kids like we never lost a blitz like online or at the event and you know we did-",train,train/Rp_gyvKE4hI.000.mp4,0.6355140186915886,chalearn_annotation_mirror,medium,train
Rsz-26AaL2o.001.mp4,Rsz-26AaL2o,5,You've recently released a collection of Beethoven sonatas with [phonetic nat sauce 00:00:12]. When it comes to live performance-,train,train/Rsz-26AaL2o.001.mp4,0.5046728971962616,chalearn_annotation_mirror,medium,train
RuRn2t7iPSc.001.mp4,RuRn2t7iPSc,5,"A person, I love both, I love all animals, but we have two cats, so yeah. I love my two cats, they're awesome. All right, guys, I hope you enjoyed my Q and A. It was really fun.",validation,validation/RuRn2t7iPSc.001.mp4,0.5420560747663551,chalearn_annotation_mirror,medium,train
S-e9-bW4seo.004.mp4,S-e9-bW4seo,6,"Have a look at your major stops, work out where you are going, what you are going to do, and work out the best form of transport for you. When it comes to transport, you are going to spend half your holiday on transport guys, so don't.",train,train/S-e9-bW4seo.004.mp4,0.47663551401869153,chalearn_annotation_mirror,medium,train
SPD5fXHVyIk.005.mp4,SPD5fXHVyIk,5,"Any book recommendations? This one. It's called, Drunk Tank Pink, by Adam Alter. It's really good. How do you do your hair everyday?",validation,validation/SPD5fXHVyIk.005.mp4,0.29906542056074764,chalearn_annotation_mirror,low,train
SUI6WNryjqw.005.mp4,SUI6WNryjqw,5,"Like a girl's name. But it's like a funny thing to call him every once in a while. Do you like Grease Live? Yes, I actually thought it was really, really well done. There were some amazing singers. I think Vanessa Hudgens did really, really well on her solo. I don't even know if I said her",validation,validation/SUI6WNryjqw.005.mp4,0.4579439252336448,chalearn_annotation_mirror,medium,train
SbtIS7XwkLU.005.mp4,SbtIS7XwkLU,5,"... watching [Native Log 00:00:15] Wednesday. I'm kind of curious about what other people think about the question, ""What do you first notice about somebody when you meet them?"" Is it something that's physical? Is it something that is more how their energy is-?",train,train/SbtIS7XwkLU.005.mp4,0.4299065420560747,chalearn_annotation_mirror,medium,train
T4eZ81aJwJI.002.mp4,T4eZ81aJwJI,6,"Dear subscribers, I feel amazing. Oh my God, it's great. My little channel is actually doing really, really, well. I'm quite proud of it. I put on my social media some questions that I've asked my followers to send to me.",validation,validation/T4eZ81aJwJI.002.mp4,0.4953271028037382,chalearn_annotation_mirror,medium,train
TCzYD74Xqe8.000.mp4,TCzYD74Xqe8,4,"Christy, in all my life I've really found my faith in the last few years with my current youth group. I really want to share the gospel with everyone, share the good news. So, be a great help if you could subscribe as I said earlier and help the project out, I guess. I really want to get every-",train,train/TCzYD74Xqe8.000.mp4,0.5233644859813084,chalearn_annotation_mirror,medium,train
TCzYD74Xqe8.002.mp4,TCzYD74Xqe8,4,"-but obviously I'll have a bigger subscriber base to do that because in the moment, I have zero subscribers. Obviously to help me out, please go and subscribe now and possibly like. Yeah, that's what you're going to expect from me. Those kind of videos. Maybe a se-",train,train/TCzYD74Xqe8.002.mp4,0.5046728971962616,chalearn_annotation_mirror,medium,train
U2RemWUyjts.001.mp4,U2RemWUyjts,6,"He's pretty much perfect for the role and I think he basically is. There's some other choices out there we've talked about over the years, but he's a great choice that almost no one mentioned. He looks exactly like him. He's got the smile and everything. He's kind of bigger like that, right. He's got that big kind of-",validation,validation/U2RemWUyjts.001.mp4,0.5700934579439252,chalearn_annotation_mirror,medium,train
Ui1ajQU5Ib8.000.mp4,Ui1ajQU5Ib8,6,"Was apple cider. Cool. [inaudible 00:00:18] you came up with two very, very difficult questions as well. First one you said was which Viking was responsible for making up all Viking names and what they meant.",train,train/Ui1ajQU5Ib8.000.mp4,0.514018691588785,chalearn_annotation_mirror,medium,train
UvX6ctu2ObM.002.mp4,UvX6ctu2ObM,5,"In the video [inaudible 00:00:33] some people's questions get in the video, some people's don't. That's how it is, and like I said, I'm going to upload a drum [pat 00:00:38] beat later on today, already got my shirt, boy, if you don't notice. See, and like I said, I'm going to keep you guys updated-",train,train/UvX6ctu2ObM.002.mp4,0.2803738317757009,chalearn_annotation_mirror,low,train
V1I40vVRk78.002.mp4,V1I40vVRk78,4,"This on my channel before, how scared I am that I'm going to develop a disease at some point in my life, or if I have a migraine, I'm terrified that there's something wrong with my brain. I remember I told, this a little personal, but I don't care ...",train,train/V1I40vVRk78.002.mp4,0.5420560747663551,chalearn_annotation_mirror,medium,train
V4ibYU1O-YI.001.mp4,V4ibYU1O-YI,5,It's lit at Park Street. That's where the first [pry-mark 00:00:33] is in America. If I said that right. What have you learned most in 2015? Honest-,train,train/V4ibYU1O-YI.001.mp4,0.17757009345794392,chalearn_annotation_mirror,low,train
V7_h3URfSFY.000.mp4,V7_h3URfSFY,4,"For this stuff nowadays, people just think I'm like weird, which I am, I don't have a problem with that, so whatever. One, they also said, or asked, one artist celeb, living or dead.",train,train/V7_h3URfSFY.000.mp4,0.21495327102803735,chalearn_annotation_mirror,low,train
V9OuGDPnqHI.001.mp4,V9OuGDPnqHI,4,"You like. Well, you already have made one, and her name is Rapunzel. Favorite food? Well, I really like fondue, cheese and chocolate fondue. Your favorite Disney song? Are you trying to kill me? Well, I like, I like parts of ...",train,train/V9OuGDPnqHI.001.mp4,0.5887850467289719,chalearn_annotation_mirror,medium,train
VGoAtKcKIe8.005.mp4,VGoAtKcKIe8,6,"Now it's January of 2016, so hopefully within the next 3 to 6 months I'll be able to start slowly making content again. Hopefully eventually ramping up to what we were doing before, but don't forget, there are about 1300 videos on [inaudible 00:00:43] channel, so there's plenty ...",train,train/VGoAtKcKIe8.005.mp4,0.644859813084112,chalearn_annotation_mirror,medium,train
VIhStXxpAr0.001.mp4,VIhStXxpAr0,5,"We're going to put clothing dye into water balloons, and they'll fire it at me, and whatever way it splats out, might just use that as my t-shirt for the channel-",train,train/VIhStXxpAr0.001.mp4,0.3644859813084112,chalearn_annotation_mirror,low,train
Vd9biSOZ5CI.003.mp4,Vd9biSOZ5CI,5,"You know when it's a big no no to make a mistake and when it's okay to make a mistake. It's okay to make mistakes, like I mentioned in one of the videos it's an ice breaker. It's an ice breaker to make a mistake, so don't be to harsh on yourself if you make mistakes initially. Also -",train,train/Vd9biSOZ5CI.003.mp4,0.616822429906542,chalearn_annotation_mirror,medium,train
VuadgOz6T7s.002.mp4,VuadgOz6T7s,5,"Get to certain notes, high or low, I've got to stretch my voice and sometimes it'll take a while for me to really get a vocal pattern down. There's even some vocal impersonations that I've posted that even ...",train,train/VuadgOz6T7s.002.mp4,0.1682242990654205,chalearn_annotation_mirror,low,train
VugKq4gOi50.005.mp4,VugKq4gOi50,5,"Don't know if it's going to be that simple, don't know if it's going to be that good or easy but I'm going to try. I've already made one for Fallout and I think it's a pretty good video. It's all from one episode. It's a little trailer type thing.",train,train/VugKq4gOi50.005.mp4,0.6822429906542056,chalearn_annotation_mirror,medium,train
W0FCCk0a0tg.002.mp4,W0FCCk0a0tg,6,I don't get those loads very often. Generally I don't really mind running up to Pennsylvania or New York or Massachusetts up there somewhere. That is usually a really really nice run. We do-,validation,validation/W0FCCk0a0tg.002.mp4,0.3925233644859813,chalearn_annotation_mirror,low,train
WUNXs4r_xCU.003.mp4,WUNXs4r_xCU,5,"... the mango's super ripe, but those things constipating. Not only just, and I wouldn't suggest eating bulks and bulks of food at first, I would suggest putting the fruits in with the grains in grain smoothies, because you ...",train,train/WUNXs4r_xCU.003.mp4,0.5514018691588785,chalearn_annotation_mirror,medium,train
WfCSCxADlrg.003.mp4,WfCSCxADlrg,5,"[Trusting 00:00:30] and give a lot of hope to all kinds of people. It give actually more inspiration, even to the party that didn't win because-",validation,validation/WfCSCxADlrg.003.mp4,0.23364485981308408,chalearn_annotation_mirror,low,train
WuHLxhCSnGs.001.mp4,WuHLxhCSnGs,5,"First time I learned about practice and persistence and it's the first time that I learned that if you put hours into mastering a craft, you can get good at it. I was a catcher, a really good hitter for that age ...",train,train/WuHLxhCSnGs.001.mp4,0.37383177570093457,chalearn_annotation_mirror,low,train
WuIKjBb7s4Q.001.mp4,WuIKjBb7s4Q,7,"If you're not aware of that style right now, anything goes. Do you see what I'm saying? I don't think this is an inappropriate thing even for a YouTuber. I'm going to tell you why. If you've looked around at our group, our class ...",validation,validation/WuIKjBb7s4Q.001.mp4,0.37383177570093457,chalearn_annotation_mirror,low,train
Wy4hWbeibhU.000.mp4,Wy4hWbeibhU,6,"What do you dip a chicken nugget in? Nothing, I don't eat chicken nuggets.",train,train/Wy4hWbeibhU.000.mp4,0.33644859813084105,chalearn_annotation_mirror,low,train
X-i_eQ48DBw.004.mp4,X-i_eQ48DBw,5,"She's looks quite interesting. Big fan of [inaudible 00:00:32] rock. My next question for you is what is the worst comic you've read, and to be honest with you, I'm going to say the new on-going Doctor Who series from Titan, I think it's Titan Comics.",train,train/X-i_eQ48DBw.004.mp4,0.3925233644859813,chalearn_annotation_mirror,low,train
XAO4l8Ej-J8.003.mp4,XAO4l8Ej-J8,4,"Feels really soft. I love that interesting shape. I will definitely try that out because I love that kind of a brush and I like that it's a little softer. I had some like this that are really, really dense that you almost can't move the powder with it or the cream.",train,train/XAO4l8Ej-J8.003.mp4,0.5981308411214953,chalearn_annotation_mirror,medium,train
XN5vpJU3ifw.004.mp4,XN5vpJU3ifw,5,"... once in a blue, so just to let you know that is going to be my schedule. What else? I'm going to be doing a Q-",train,train/XN5vpJU3ifw.004.mp4,0.32710280373831774,chalearn_annotation_mirror,low,train
Xauhek9-iKA.005.mp4,Xauhek9-iKA,5,Going for advertising and psychology and I twas a really interesting operating system. I twas around the same time that I started blogging actually. I did try my hand at typing out man page-,validation,validation/Xauhek9-iKA.005.mp4,0.6542056074766355,chalearn_annotation_mirror,medium,train
Y6iogSmj6FQ.000.mp4,Y6iogSmj6FQ,6,...up keeping him. Just because of how clutch he has been and I just don't see him getting that great of a deal from another team. I feel like Seattle will be able to afford to keep him around. So I hope they do.,validation,validation/Y6iogSmj6FQ.000.mp4,0.5327102803738317,chalearn_annotation_mirror,medium,train
YyHOKFYDZ5Y.004.mp4,YyHOKFYDZ5Y,5,"Heard a couple times I was with girls and stuff and the one that I wore that sticks out for me is Chanel [inaudible 00:00:35] That one I wore a couple times. So that one. Chanel [inaudible 00:00:39] Date Night Fragrance for me. Three, do you work out or exercise?",train,train/YyHOKFYDZ5Y.004.mp4,0.23364485981308408,chalearn_annotation_mirror,low,train
Z6vQQvro86Y.004.mp4,Z6vQQvro86Y,5,... really sort of not. I've just been really busy school wise and friend wise and other stuff but I am back. What I'm ... I'm working on some stuff ...,train,train/Z6vQQvro86Y.004.mp4,0.5046728971962616,chalearn_annotation_mirror,medium,train
ZaihsIQZCx8.001.mp4,ZaihsIQZCx8,5,"... heck yeah in my mind, that passing years of paramount importance. Obviously it makes the day to day stuff easier but in the long kind of scheme of things, does passing necessarily make life any easier? No, I think passing also comes with its own baggage.",validation,validation/ZaihsIQZCx8.001.mp4,0.4953271028037382,chalearn_annotation_mirror,medium,train
_LWrd9t4oZw.003.mp4,_LWrd9t4oZw,5,"She's like ""Yeah, I know. We all know."" Literally like the whole school knew, basically, and no-one really said anything. I wasn't necessarily bullied for it, but I felt ashamed. I felt like if I were to talk about it people would make fun of me, so ...",train,train/_LWrd9t4oZw.003.mp4,0.5981308411214953,chalearn_annotation_mirror,medium,train
_ZAqTHlu2ts.001.mp4,_ZAqTHlu2ts,6,"Any of these questions. It is very possible for you to be able to use a teacher, a coach or an individual who can attest to your community involvement. Although your family may be your biggest advocate, it's not appropriate to use them.",train,train/_ZAqTHlu2ts.001.mp4,0.1308411214953271,chalearn_annotation_mirror,low,train
_ZAqTHlu2ts.004.mp4,_ZAqTHlu2ts,6,"I'm not always available. I'm not always checking my phone, some days I take off, or some days I'm on calls with other coaches, and so I don't want you to be stuck waiting in a panic looking for an answer that you couldn't find on your own. So, when you [inaudible 00:00:43] the great thing is, is they're ...",train,train/_ZAqTHlu2ts.004.mp4,0.3831775700934579,chalearn_annotation_mirror,low,train
_g3M_MoFIvA.001.mp4,_g3M_MoFIvA,5,"... I was never the kid who like ran outside and played in the snow, I just wanted to sit inside and like hangout by myself. So, I never liked the snow, did you get the drift, even tough I said it four times? But I am going to Portland for Thanksgiving which is...",train,train/_g3M_MoFIvA.001.mp4,0.5420560747663551,chalearn_annotation_mirror,medium,train
a38rz5AIslE.000.mp4,a38rz5AIslE,6,"Grandma, you should watch this show.",validation,validation/a38rz5AIslE.000.mp4,0.6915887850467289,chalearn_annotation_mirror,medium,train
aFVFvJNnFt0.000.mp4,aFVFvJNnFt0,4,"...story, I am a big fan of Capcom games: Megaman, Strider, Street Fighter, Resident Evil, Power Stone, Darkstalkers, I could fucking go on and on and on of Capcom games and Devil May Cry is one of the games that I loved it when I first played...",train,train/aFVFvJNnFt0.000.mp4,0.46728971962616817,chalearn_annotation_mirror,medium,train
aLAqJkRWKuk.000.mp4,aLAqJkRWKuk,5,"It has increased my quality of life, but that's because I have this kind of personality that wouldn't be very happy when not starting things quickly. So it's not something that could be applied to every person; we're all different.",train,train/aLAqJkRWKuk.000.mp4,0.616822429906542,chalearn_annotation_mirror,medium,train
aLvpOYqzErk.001.mp4,aLvpOYqzErk,5,"Yeah. Thank you guys for watching, and if this was interesting to you please give that thumbs up, and subscribe down below. It will mean this much to me. No, I'm joking. It will mean like that much.",validation,validation/aLvpOYqzErk.001.mp4,0.5233644859813084,chalearn_annotation_mirror,medium,train
aLvpOYqzErk.005.mp4,aLvpOYqzErk,5,"I really enjoy using the revolution a eyebrow pallet and it's got three cream colors and then a highlighter and paired at the top. See, that's a really nice product and my go-to foundation is the-",validation,validation/aLvpOYqzErk.005.mp4,0.4859813084112149,chalearn_annotation_mirror,medium,train
aqd4_4ga1fQ.004.mp4,aqd4_4ga1fQ,6,"Nothing personal. Think about your question, type it below and I'll pick the best ones to answer next week. Today is the 23rd of November so...",train,train/aqd4_4ga1fQ.004.mp4,0.2616822429906542,chalearn_annotation_mirror,low,train
ask-ZFRztf8.002.mp4,ask-ZFRztf8,5,"Little bit, there'll probably be more big body movements as opposed to accessory work. Saying leg days you normally do squats, then you do jump squats, then you do hip thrusts, and then you-",train,train/ask-ZFRztf8.002.mp4,0.3831775700934579,chalearn_annotation_mirror,low,train
b39BQbVhOAg.004.mp4,b39BQbVhOAg,4,"... random vlogging channel, I guess. I don't know how to call it. Anyway, because I'm not going to use this this month, so you can, I don't know, just leave it like that or unsubscribe or whatever and go to those two channels. Yes, so ...",train,train/b39BQbVhOAg.004.mp4,0.46728971962616817,chalearn_annotation_mirror,medium,train
bTLTLzXehPE.005.mp4,bTLTLzXehPE,5,"That the thought alone just scares you and your family is going to become closer than ever and everything will be fine. And then you're going to become paralyzed. I know, weird. If you could watch this, you'd be like I'm not going to become paralyzed.",validation,validation/bTLTLzXehPE.005.mp4,0.46728971962616817,chalearn_annotation_mirror,medium,train
bcx6xr9Ja-8.001.mp4,bcx6xr9Ja-8,6,"Laugh at you, but anyway. That's a whole other story. Anyway, within two weeks I had no more stomach pain. My gastritis, which was severe for a while, had disappeared, had gone.",train,train/bcx6xr9Ja-8.001.mp4,0.46728971962616817,chalearn_annotation_mirror,medium,train
blAjqQ0ja8Q.001.mp4,blAjqQ0ja8Q,5,"First off, but you don't, by any means, have to buy one. If your school has one, take every opportunity you can to use it. If your friends have one, take every opportunity you can to borrow your cameras. Don't be too aggressive about it, but just-",validation,validation/blAjqQ0ja8Q.001.mp4,0.6728971962616823,chalearn_annotation_mirror,medium,train
blAjqQ0ja8Q.002.mp4,blAjqQ0ja8Q,5,"I planned for CamCrunch, and for myself, this year in 2016. It's still January, so I think it's still reasonable to make this sort of type of video right now. If you guys haven't noticed, I have posted-",validation,validation/blAjqQ0ja8Q.002.mp4,0.5233644859813084,chalearn_annotation_mirror,medium,train
cA43Gfcg0QA.004.mp4,cA43Gfcg0QA,6,"... the Third Kind. I watched it for the first time I think when I was nine or ten years old. One of my auntie's boyfriends, bear in mind this was probably 1983 or 4-",train,train/cA43Gfcg0QA.004.mp4,0.308411214953271,chalearn_annotation_mirror,low,train
cP_dSXql7z8.005.mp4,cP_dSXql7z8,6,"What did we do? My wife pulled out our list. We have a list, a list of questions that we always ask the caseworker, these questions like how old is the child? How long will the child be with us? Does the child have any special needs? You know-",train,train/cP_dSXql7z8.005.mp4,0.6915887850467289,chalearn_annotation_mirror,medium,train
cWZudzeJVXg.003.mp4,cWZudzeJVXg,5,[inaudible 00:00:30]. It's just one of the best things to be a part of.,train,train/cWZudzeJVXg.003.mp4,0.4205607476635514,chalearn_annotation_mirror,medium,train
cxJ0u6r0-pU.001.mp4,cxJ0u6r0-pU,6,"You want to be working with and who you want to help, because if you just bring in anyone, then you could get into a few weeks of that relationship and that rapport building process and find out that you don't want to work with them. Then you just-",train,train/cxJ0u6r0-pU.001.mp4,0.616822429906542,chalearn_annotation_mirror,medium,train
cxJ0u6r0-pU.003.mp4,cxJ0u6r0-pU,6,"They do the same when they join you, and do you want to have those same things being said about you from them? Again, you need to dig deeper as to why they're looking or why they're wanting to get started.",train,train/cxJ0u6r0-pU.003.mp4,0.6822429906542056,chalearn_annotation_mirror,medium,train
dDi6vy-OZRg.001.mp4,dDi6vy-OZRg,5,"I've got like 80% of you guys to see some makeup tutorials, because I know that you guys want to know how I do my hair, how I do my makeup, stuff like that. I would love to be able to put that content up for you guys. I would also like to just be able to rant and talk about random things that don't always pertain to health and-",validation,validation/dDi6vy-OZRg.001.mp4,0.7570093457943924,chalearn_annotation_mirror,high,train
dLaqub4BEsA.000.mp4,dLaqub4BEsA,5,"Eating a raw vegan diet is kind of extreme in a way, because not many do it and because everyone who I see who is a completely raw vegan, their skin is glowing, they have so much energy and I was just like super-attracted to anyone who ate a raw vegan diet-",validation,validation/dLaqub4BEsA.000.mp4,0.6728971962616823,chalearn_annotation_mirror,medium,train
dRP8ZaAryro.000.mp4,dRP8ZaAryro,6,They die. You'll notice that in both of these examples we're talking about things that are generally accepted to be true. You will also notice both of these sentences were in the present tense.,train,train/dRP8ZaAryro.000.mp4,0.4953271028037382,chalearn_annotation_mirror,medium,train
dVbo9Ftlyl0.005.mp4,dVbo9Ftlyl0,5,"... doctor because it didn't move enough. I went to the Police Academy over the year. In Canada you need to go to school like during three years. Then you have a couple of months, I think it's two months or three months of going to a police school. Then you can become a cop, but-",train,train/dVbo9Ftlyl0.005.mp4,0.5700934579439252,chalearn_annotation_mirror,medium,train
eAkWSjU-JyY.001.mp4,eAkWSjU-JyY,5,"One of my biggest dreams would be to release my makeup line, but I [inaudible 00:00:37] makeup line rather than [Tanya Burr 00:00:38] Cosmetics, which I have no problem with. I love Tanya, and her cosmetics are so nice, but obviously they're for her audience who ...",train,train/eAkWSjU-JyY.001.mp4,0.5981308411214953,chalearn_annotation_mirror,medium,train
eZwGkhUa0TQ.004.mp4,eZwGkhUa0TQ,4,"If you kick them, like I said, they can easily grab your foot and twist it and obviously make you trip, or even break or fracture your ankle, which is awful. Need just be able to at least hit them on the head.",train,train/eZwGkhUa0TQ.004.mp4,0.6074766355140186,chalearn_annotation_mirror,medium,train
fBMKlYUjA9E.000.mp4,fBMKlYUjA9E,4,"""Who was your first real crush?"" I'm going to tell you a story, I don't know why I'm going to tell you this, but I'm going to tell you anyway, it wasn't really a first crush because it was primary school, but I'm still going to go with it, primary school is like the younger years, if you're American or what-",train,train/fBMKlYUjA9E.000.mp4,0.6915887850467289,chalearn_annotation_mirror,medium,train
fG-hvGTHoec.000.mp4,fG-hvGTHoec,7,"I'm not really sure, I just tweeted. I usually do Twitter Q & A's, I should probably put this on Instagram. I did do Snapchat as well. I was gonna do a Snapchat Q & A but to be honest, I turned off the thing where uh...",validation,validation/fG-hvGTHoec.000.mp4,0.3925233644859813,chalearn_annotation_mirror,low,train
fPLd_NLF43M.002.mp4,fPLd_NLF43M,5,"""Do you have a crush?"" Yes, I have a crush.",train,train/fPLd_NLF43M.002.mp4,0.46728971962616817,chalearn_annotation_mirror,medium,train
fSDA4eEyGHk.000.mp4,fSDA4eEyGHk,6,"Right, what's up? I want to give a shout out to other WYC members and what I like about their channels is they.. they are similar to mine, but they are more advanced. So, if you like River35's YouTube channel.",train,train/fSDA4eEyGHk.000.mp4,0.644859813084112,chalearn_annotation_mirror,medium,train
fiVORaERbP0.002.mp4,fiVORaERbP0,7,"Compliment on it, or I guess a compliment that I've received on it. I have never been complimented on Silver Mountain Water by Creed, but I do like it. It's not one of my favorites, but I like it because it's one of the more abstract releases from the house of-",train,train/fiVORaERbP0.002.mp4,0.6261682242990654,chalearn_annotation_mirror,medium,train
gAWA-fcIa_M.002.mp4,gAWA-fcIa_M,5,"Things that you can see, to show you how to not set your scene up. Right now, I'm showing some of my tools, some of my furniture, things that are not applicable to what it is that I'm talking about. If you're a homesteader-",train,train/gAWA-fcIa_M.002.mp4,0.5607476635514018,chalearn_annotation_mirror,medium,train
gLtvOEy7m8Q.005.mp4,gLtvOEy7m8Q,6,What inspires you the most?,train,train/gLtvOEy7m8Q.005.mp4,0.5981308411214953,chalearn_annotation_mirror,medium,train
geXpIfaFzF4.003.mp4,geXpIfaFzF4,5,"... It's one of the only pieces of technology and investment you have to make to help you better track your fitness and goals when it comes to running, swimming, biking. It's a waterproof watch. I think it's around 300 ...",train,train/geXpIfaFzF4.003.mp4,0.5514018691588785,chalearn_annotation_mirror,medium,train
glgfB3vFewc.003.mp4,glgfB3vFewc,5,...able to introduce themselves to you and to each other in their class. Just throughout the day at different points they can tell about their family and tell about the interests that they have and their hobbies. Later on in the day I like to take them on a tour.,train,train/glgfB3vFewc.003.mp4,0.6542056074766355,chalearn_annotation_mirror,medium,train
hhdoeK8SsiI.000.mp4,hhdoeK8SsiI,6,"If you want to you can send it on Twitter as well. Any of those social media places, here or on Twitter. Feel free to ask me any question that you are dying to know about me, well, I hope you are not dying to ask me, but if you wanted to know.",train,train/hhdoeK8SsiI.000.mp4,0.7757009345794392,chalearn_annotation_mirror,high,train
htH89DBizno.003.mp4,htH89DBizno,6,"That's a real good one [Justin Redhouse 00:00:33] What are you going to do next? I'm doing it. If you could do, if you could eat? I can't read that, skip. Were you trying a live chat stream? What? I've never freaking chat streamed in my life lady.",train,train/htH89DBizno.003.mp4,0.5233644859813084,chalearn_annotation_mirror,medium,train
hvGLlMhj7iE.002.mp4,hvGLlMhj7iE,5,"Right in and presses you against the cage, and she's very strong. [Valentina 00:00:34] strikes me as a smaller fighter but I've seen her throw people around like crazy. I don't think she's weak by any means. Also Sarah Kaufman number five ranked fighter in the UFC right now.",validation,validation/hvGLlMhj7iE.002.mp4,0.7289719626168224,chalearn_annotation_mirror,medium,train
iOB65zCiOFM.000.mp4,iOB65zCiOFM,5,"It's super some crap ... I don't know. Then, the next ones here are these puppies. These look luxurious as hell and you guys know I love good-looking, nice stuff even though I'm broke. Here goes this one here.",validation,validation/iOB65zCiOFM.000.mp4,0.47663551401869153,chalearn_annotation_mirror,medium,train
iOv0_RdVPCM.003.mp4,iOv0_RdVPCM,5,"... extremely, extremely long overdue. As you guys remember, we recently hit 5,000 subscribers, which is absolutely insane. Just today we hit 5100 subscribers, which is just still equally absolutely insane. As promised, you guys were ask-",train,train/iOv0_RdVPCM.003.mp4,0.5700934579439252,chalearn_annotation_mirror,medium,train
ibawV2tqKug.003.mp4,ibawV2tqKug,4,"It just started really aching. It was aching a couple weeks before that, but I kept running on it. I'm stupid enough, I didn't realize it was a fibula pain, not just a sore leg. I kept running on it.",validation,validation/ibawV2tqKug.003.mp4,0.308411214953271,chalearn_annotation_mirror,low,train
ic_LECbCm5M.002.mp4,ic_LECbCm5M,5,"By people who don't treat you amazing and don't accept you for who you are, because if your friends don't like you for who you are, then you don't need them. You know, you can find people who really appreciate you and love you and-",train,train/ic_LECbCm5M.002.mp4,0.43925233644859807,chalearn_annotation_mirror,medium,train
io0aNQE8En8.000.mp4,io0aNQE8En8,6,"...The ghost tours and things like that. But you know, I don't know. I've never had an experience, though.",train,train/io0aNQE8En8.000.mp4,0.4205607476635514,chalearn_annotation_mirror,medium,train
io0aNQE8En8.005.mp4,io0aNQE8En8,6,"I'm not talking about the people that walk around, strap on their ARs, and because they can have the right to carry. Yeah, I've seen those videos and stuff. All right, you have a right-",train,train/io0aNQE8En8.005.mp4,0.2803738317757009,chalearn_annotation_mirror,low,train
ivpw58MIRtQ.003.mp4,ivpw58MIRtQ,5,"Three different places you can use microwaves on each location. Here on the north location you can use it here in the marketplace cafeteria, the [inaudible 00:00:35] cafeteria, or the UB cafeteria. Downtown students, you can use the [inaudible 00:00:40] hall, which is in the [Bond Street 00:00:40] building. In the Charles Street building there are-",train,train/ivpw58MIRtQ.003.mp4,0.7009345794392522,chalearn_annotation_mirror,medium,train
ixPqs7L8oAE.005.mp4,ixPqs7L8oAE,5,"I would assume in Russia it's probably different. Here in America, I know New York City Ballet B & B, Miami, ABT as well, everybody's friends with everybody. I had some great friends who were principals when I-",train,train/ixPqs7L8oAE.005.mp4,0.644859813084112,chalearn_annotation_mirror,medium,train
j3jdT1V-DeI.002.mp4,j3jdT1V-DeI,6,"Audio book release really close. It just depends on when ACX lets that happen. That is the talent pack. In October another book releases and that is Charlotte's book, who is Maddox's daughter.",train,train/j3jdT1V-DeI.002.mp4,0.2897196261682243,chalearn_annotation_mirror,low,train
jZDlFzVUZwY.002.mp4,jZDlFzVUZwY,6,"This past summer, so I think that they're all different and you should try all of them, but for me, I probably like the sorority the best because I get to live with all of my friends and I get the house keepers and a kitchen staff too-.",train,train/jZDlFzVUZwY.002.mp4,0.5327102803738317,chalearn_annotation_mirror,medium,train
jZDlFzVUZwY.005.mp4,jZDlFzVUZwY,6,"Few different places, but I kind of feel like Chicago and California in general are where I feel most at home since I lived in those places the longest and I don't really remember the other ones because I was very young. I moved to California-",train,train/jZDlFzVUZwY.005.mp4,0.6355140186915886,chalearn_annotation_mirror,medium,train
joOfhNyKRjE.004.mp4,joOfhNyKRjE,4,"My answer is a big spoon, by the way. I always use a big spoon, no matter what I'm eating, even if it's like a desert, which is this small, I just always use a big spoon. I don't know why, I-",train,train/joOfhNyKRjE.004.mp4,0.616822429906542,chalearn_annotation_mirror,medium,train
k3iu-fhIkeI.003.mp4,k3iu-fhIkeI,4,"Time, and then I think Zaber got the overtime winner. That was the first playoff game I've ever been to. It was unreal. The Ducks, like I said, were my favorite team as a kid because of Paul Kariya, so it was really cool to see Red Wings Ducks in the playoffs. Next, guys, we have ThatBullpenCatcher8. He wants to ...",train,train/k3iu-fhIkeI.003.mp4,0.46728971962616817,chalearn_annotation_mirror,medium,train
kAjPHyfol4w.004.mp4,kAjPHyfol4w,5,"I don't plan crazy for the future like, ""Oh, I want to get married at this age. Oh, I want to have this many babies."" I kind of feel that's ridiculous. I feel a lot of people just need to live in the moment and just experience life where they are instead of planning",train,train/kAjPHyfol4w.004.mp4,0.4953271028037382,chalearn_annotation_mirror,medium,train
kDP6_hiBR0o.002.mp4,kDP6_hiBR0o,5,"... focus on very good quality, I still am to do this day because that's I think one thing you shouldn't slack in, quality of your videos. If people stumble upon your channel for whatever reason, and the first thing they see-",train,train/kDP6_hiBR0o.002.mp4,0.5981308411214953,chalearn_annotation_mirror,medium,train
kDP6_hiBR0o.003.mp4,kDP6_hiBR0o,5,"More often in the future, and I also kind of want to live there in a couple years, because specifically in Los Angeles, a lot of stuff exists that interests me a lot. The film industry is there and I love film",train,train/kDP6_hiBR0o.003.mp4,0.5514018691588785,chalearn_annotation_mirror,medium,train
kK4QL7pOrhs.003.mp4,kK4QL7pOrhs,4,"-and so we, we have Christmas differently here in London, um, we have it on the 24th of December, and we eat and open our presents that day, but the buildup is just, oh, I love it because you just see all the-",train,train/kK4QL7pOrhs.003.mp4,0.6822429906542056,chalearn_annotation_mirror,medium,train
kK534gUcRF4.004.mp4,kK534gUcRF4,5,"I definitely use to make things go a little easier, put people at ease. That could be at the DMV or at the airport, trying to just change the mood of the person behind the counter, which I guess has maybe indirectly affected me. I've never used it to get some -",train,train/kK534gUcRF4.004.mp4,0.5420560747663551,chalearn_annotation_mirror,medium,train
kN9cs2nFhM4.004.mp4,kN9cs2nFhM4,5,"Yes, they really helped me through a lot through my divorce. I appreciate every last one of them, I love them so much. If it wasn't for them, I wouldn't be as happy as I am right now, to be honest. I went out with friends, long hours on the phone with my-",train,train/kN9cs2nFhM4.004.mp4,0.41121495327102797,chalearn_annotation_mirror,medium,train
kV7MFI2_ddo.000.mp4,kV7MFI2_ddo,6,"Outside of my children, something that I could be successful with outside of my children. Really haven't found anything that just grabbed me and something that I was passionate about and wanted to continue and-",train,train/kV7MFI2_ddo.000.mp4,0.37383177570093457,chalearn_annotation_mirror,low,train
kV7MFI2_ddo.002.mp4,kV7MFI2_ddo,6,"Boy, girl, boy and I've been married for the last 15 years to my college sweetheart. We currently live in Orange County California. I was born and raised in the Ken City area.",train,train/kV7MFI2_ddo.002.mp4,0.5420560747663551,chalearn_annotation_mirror,medium,train
ksCoS_ghDfM.000.mp4,ksCoS_ghDfM,5,"... able to connect with different people on the YouTube community and also you guys being able to reach out to different people and kind of building like a little community. It honestly makes my day. The comments that I get from you guys is what makes me like doing what I'm doing. Obviously, if I ...",train,train/ksCoS_ghDfM.000.mp4,0.7009345794392522,chalearn_annotation_mirror,medium,train
kzDQXSGGomg.002.mp4,kzDQXSGGomg,5,"Hey, who's this",train,train/kzDQXSGGomg.002.mp4,0.7009345794392522,chalearn_annotation_mirror,medium,train
lAJWoIcgXlU.003.mp4,lAJWoIcgXlU,6,"But I want to say first off, Happy New Year, because this is the first time I have talked to you this new year. How's it going? I want to know what your new year started off like. Is it good?",validation,validation/lAJWoIcgXlU.003.mp4,0.5420560747663551,chalearn_annotation_mirror,medium,train
ldq15dfuaLg.001.mp4,ldq15dfuaLg,5,"A lot of options, but their strictly plus-sized section is amazing. Very true to size, the clothes are comfortable. I feel like they just look really good. Their plus section is not a run off of the straight sizes. You know what I mean? It's a whole other ball game, so I really...",train,train/ldq15dfuaLg.001.mp4,0.7383177570093457,chalearn_annotation_mirror,medium,train
m0tNIKbEwHE.005.mp4,m0tNIKbEwHE,4,"Being a Christmas theme one, and as you can see here, it's Christmas again so it must have been a year. Anyway, I'm getting Snapchats through from a lot of people so I'm going to open some of them and answer everyone's questions that they might have for me. Also, I will be doing Q&As a lot-",validation,validation/m0tNIKbEwHE.005.mp4,0.6728971962616823,chalearn_annotation_mirror,medium,train
mM6QbrCrdLo.000.mp4,mM6QbrCrdLo,5,"I don't even swim with two legs anymore. So, because of that, I find it really, really easy, and the transition was really smooth. I do not find it hard at all, but that is because of my personal experience. So it could be different to ...",train,train/mM6QbrCrdLo.000.mp4,0.6915887850467289,chalearn_annotation_mirror,medium,train
mQTBqDY71dU.002.mp4,mQTBqDY71dU,3,"Well Kyros, my PC is customly made. I put some nice stuff together. If you want to have my PC specs, I'll put them down in the description for the people who want to know what my PC is. The next question is from ImperfectTap-",train,train/mQTBqDY71dU.002.mp4,0.6074766355140186,chalearn_annotation_mirror,medium,train
m_9aygJNij8.004.mp4,m_9aygJNij8,4,"We need to get some sleep so we can wake up in time and get ready to go to that tomorrow. So better early than late, right? I mean it's just going to go up super early, but I guess.",train,train/m_9aygJNij8.004.mp4,0.3925233644859813,chalearn_annotation_mirror,low,train
mpXOSY5dW7c.003.mp4,mpXOSY5dW7c,6,"For an hour, an hour and a half. We're just soccer, not like working out or anything. That's, I do differently. For just what I do for soccer, I have a routine I always do no matter what which takes about 25 minutes to 30 minutes and then I have other-",validation,validation/mpXOSY5dW7c.003.mp4,0.6355140186915886,chalearn_annotation_mirror,medium,train
nBjBfN9SbpM.000.mp4,nBjBfN9SbpM,5,Which means I have time to make videos more often since that's what I'm going to do. I plan ... I plan to make at least one video ...,validation,validation/nBjBfN9SbpM.000.mp4,0.22429906542056074,chalearn_annotation_mirror,low,train
nFP7EEgz0Xg.000.mp4,nFP7EEgz0Xg,6,"An assistant language teacher. In that time, I had no Japanese ability and no idea what I wanted to do with my life. Throughout the first year here in Japan I met my then",validation,validation/nFP7EEgz0Xg.000.mp4,0.32710280373831774,chalearn_annotation_mirror,low,train
nFP7EEgz0Xg.002.mp4,nFP7EEgz0Xg,6,These are some cars that have been totaled and put here in a graveyard near my house. It was at that time that I wanted to find a way to reach out to my-,train,train/nFP7EEgz0Xg.002.mp4,0.32710280373831774,chalearn_annotation_mirror,low,train
nGGtTu6dSJE.000.mp4,nGGtTu6dSJE,6,"But because I've been eating out a lot that last couple days, which is not the norm for me you guys, I definitely want to make sure- getting that 45 minute hour walk in is a-",train,train/nGGtTu6dSJE.000.mp4,0.27102803738317754,chalearn_annotation_mirror,low,train
nQtiqrceBhg.001.mp4,nQtiqrceBhg,5,"All of it is just that you can, like [inaudible 00:47] your computer and just have time for yourself and make something that you can look back on and it's just really fun to see how you're cutting all those clips and then suddenly it becomes this huge video.",train,train/nQtiqrceBhg.001.mp4,0.37383177570093457,chalearn_annotation_mirror,low,train
ncmnmmmWEpU.005.mp4,ncmnmmmWEpU,6,"And it'll make your cuticle raised as opposed to smooth. We want the cuticle to be smooth in order to not have frizz. So if your cuticle is raised, you're going to have some frizz. I would definitely look at have I colored my hair recently, and do I put a lot of-",train,train/ncmnmmmWEpU.005.mp4,0.6822429906542056,chalearn_annotation_mirror,medium,train
nex61B854Ms.003.mp4,nex61B854Ms,5,"... Play a game, skits. He's overall a really funny guy, and he's a really nice guy as well. But, yeah, H2O Delirious is probably my favorite YouTuber ...",train,train/nex61B854Ms.003.mp4,0.4299065420560747,chalearn_annotation_mirror,medium,train
nkmYbzMmrYw.003.mp4,nkmYbzMmrYw,5,"Music programs, theater programs, and everything's being cut or getting a smaller budget in stuff like that. A lot of school who don't even have art programs or art teachers or anything like that, and I thought why not give it a little bit of a [inaudible 00:00:59].",train,train/nkmYbzMmrYw.003.mp4,0.5420560747663551,chalearn_annotation_mirror,medium,train
o6xswp0D8tc.003.mp4,o6xswp0D8tc,5,"Blessing to you, to your family, as well and that you feel encouraged. But also reach out to me on Facebook. I'm going to put my links in the description below so that we can connect and also help and encourage one another. I pray that today's message is-",validation,validation/o6xswp0D8tc.003.mp4,0.1682242990654205,chalearn_annotation_mirror,low,train
oCb9DK3M1DU.003.mp4,oCb9DK3M1DU,4,"... happen. I'll flick through them and just like look why I do YouTube. It's all for your guys. You guys inspire me and my friends. What's the best thing during YouTube from [inaudible 00:00:58], MC, M",train,train/oCb9DK3M1DU.003.mp4,0.3457943925233644,chalearn_annotation_mirror,low,train
oU7zAWm_01o.003.mp4,oU7zAWm_01o,6,"[inaudible 00:00:44] and I've helped hundreds of other people find and free theirs, and I'm going to make that available to you, this month, for free. All you have to do is post your comments and questions below, and I will answer as many as I can every day ...",train,train/oU7zAWm_01o.003.mp4,0.5887850467289719,chalearn_annotation_mirror,medium,train
okSmKH2k5lE.004.mp4,okSmKH2k5lE,6,"That's a question that has a lot of variables in it, because it all depends on if you're going to be doing a purchase, refinance, if that refinance is going to a cash out refinance, ultimately the dollar amount of the loan, and ...",validation,validation/okSmKH2k5lE.004.mp4,0.2803738317757009,chalearn_annotation_mirror,low,train
okdZnQbLnf8.001.mp4,okdZnQbLnf8,5,"The rest of the mark [inaudible 00:00:46] I think I tried to organize them so we got some levity. Question number 4 was, [inaudible 00:00:53] asked me who my historical role model or figure was, someone that I admire and wish to follow. I have spent a whole week thinking about this question, and ...",train,train/okdZnQbLnf8.001.mp4,0.6915887850467289,chalearn_annotation_mirror,medium,train
phjVMKGYBKs.000.mp4,phjVMKGYBKs,5,Is he the most up?,validation,validation/phjVMKGYBKs.000.mp4,0.6074766355140186,chalearn_annotation_mirror,medium,train
puLXzqUvm_U.001.mp4,puLXzqUvm_U,5,"And Adriana in [inaudible 00:53] asks, ""Congrats, my question is: How can you afford buying so many albums? And from what sites you usually buy them?""",train,train/puLXzqUvm_U.001.mp4,0.23364485981308408,chalearn_annotation_mirror,low,train
qCFFW1dM8V8.003.mp4,qCFFW1dM8V8,6,"Read an email for me, and this is going to be video content. I'm trying to do three videos a week and when you're doing that many videos a week, you know, you use everything man. You use everything you got, so she has been kind enough to read a interesting email that I got the other ...",train,train/qCFFW1dM8V8.003.mp4,0.5233644859813084,chalearn_annotation_mirror,medium,train
qjU3GX3jgSY.000.mp4,qjU3GX3jgSY,5,"It might be like this for a little bit. I do have plans for the next couple of days so hopefully the video will be slightly better. However, on the writing front, I kicked a lot of butt. I did write 1,000 words for The Beauty and I only have a few.",validation,validation/qjU3GX3jgSY.000.mp4,0.5514018691588785,chalearn_annotation_mirror,medium,train
qtB-CogljAo.003.mp4,qtB-CogljAo,5,"Whenever I see that people are commenting on a video, asking me questions, chatting to me, or chatting to each other, I think that is just absolutely awesome and that really encourages me to keep on making more and to just keep on see-",train,train/qtB-CogljAo.003.mp4,0.514018691588785,chalearn_annotation_mirror,medium,train
r2BoxB3kgYk.000.mp4,r2BoxB3kgYk,4,One expects downtown to be super trafficky because it's a downtown area. You're right. Downtown is very very trafficky. We're just talking about around LA.,train,train/r2BoxB3kgYk.000.mp4,0.4953271028037382,chalearn_annotation_mirror,medium,train
r93dLeVRk3U.001.mp4,r93dLeVRk3U,4,"Number one. We'll go rapid fire, quick. How did you get your You Tube name, Prank Invasion? Basically I was trying to think of a cool ... I know how to do pranks then I thought of the name Invaders. I was like okay what goes good with Invaders. I was like Invasion. Invasion what?",validation,validation/r93dLeVRk3U.001.mp4,0.4859813084112149,chalearn_annotation_mirror,medium,train
rGTn2uaCAT0.003.mp4,rGTn2uaCAT0,5,"Hello, everyone. My name is Molly. Welcome back to my channel. Today's video is going to be a Q & A, which I literally haven't done one of these in so so long. I want to say like last March was the last time I did one. I don't know why it's been so long because I love answering your guys' ques-",train,train/rGTn2uaCAT0.003.mp4,0.6728971962616823,chalearn_annotation_mirror,medium,train
rxYWgXYTATs.003.mp4,rxYWgXYTATs,4,"I am 19 years old. ""What grade am I in?"" I will be sophomore in college. I actually don't know if I get that many frequently asked questions. Let's go on my Tumblr. I'm going to go on my Tumblr and answer some questions. Okay, first of all ...",train,train/rxYWgXYTATs.003.mp4,0.7289719626168224,chalearn_annotation_mirror,medium,train
s0MKUEnyHSE.005.mp4,s0MKUEnyHSE,6,"Activities. I spread out a whole bunch of alphabet letters on the floor, turn off the lights, and have my kids search for those letters with a flashlight. Now, for you, you could have used sight words instead of alphabet letters, and so you see, every video has a component that is fun-",validation,validation/s0MKUEnyHSE.005.mp4,0.4953271028037382,chalearn_annotation_mirror,medium,train
sDWJMBZ1mVA.000.mp4,sDWJMBZ1mVA,5,"What I mean by this is, is that basically carbs ... If people think about carbs, right? They think pizza, donuts, bread, bread with butter on, cheese san-",validation,validation/sDWJMBZ1mVA.000.mp4,0.2523364485981308,chalearn_annotation_mirror,low,train
sHVXhr7_EOs.003.mp4,sHVXhr7_EOs,6,Challenge and also send in your questions for a Q & A video that I want to do in December. If I get a good bit of questions then I'll do it. If I don't then we'll go with another video. But I have so much videos that I,train,train/sHVXhr7_EOs.003.mp4,0.3177570093457943,chalearn_annotation_mirror,low,train
sOkGz6gEmGk.001.mp4,sOkGz6gEmGk,5,"... the mike, and maybe that will reset it. Hold on. Okay, so settings.",train,train/sOkGz6gEmGk.001.mp4,0.4205607476635514,chalearn_annotation_mirror,medium,train
shtirfEzWFA.000.mp4,shtirfEzWFA,6,"That's really cool. Thanks for the question, man. [Caleb Poole 00:00:49] asks, ""Could you please-"" Okay. I can't. I can't, man. Sorry. [Kazuya Misham 00:00:58] asks-",train,train/shtirfEzWFA.000.mp4,0.2616822429906542,chalearn_annotation_mirror,low,train
tEQEKN07KgQ.004.mp4,tEQEKN07KgQ,5,"I technically had the right-of-way. It's really messed up, but that's why when you're driving, you have to be so careful. You always keep an eye out for not just yourself, but for the way other people are driving. It's unfortunate it has",train,train/tEQEKN07KgQ.004.mp4,0.2897196261682243,chalearn_annotation_mirror,low,train
tYpxPqwle5k.003.mp4,tYpxPqwle5k,4,Next questions is from Matt Gammer. Why did you make ...,validation,validation/tYpxPqwle5k.003.mp4,0.5046728971962616,chalearn_annotation_mirror,medium,train
teRgvZ63_2I.002.mp4,teRgvZ63_2I,5,"Sophomore year? Sophomore year I started incorporating shadows and stuff, but it was really ugly. I did not know how to apply eye shadows correctly. The time where I actually really started wearing face make up and blending my shadows and doing my brows ...",validation,validation/teRgvZ63_2I.002.mp4,0.5607476635514018,chalearn_annotation_mirror,medium,train
tepWDnvIuRg.001.mp4,tepWDnvIuRg,5,"Ninja-ninja, the two very, very unlikely scenarios as opposed to monk-monk which has had its uses in the past so it is technically considered a viable strategy against bosses that have multiple targets that deal very high magic damage. That being said, with Dark Knight in the game-",train,train/tepWDnvIuRg.001.mp4,0.6355140186915886,chalearn_annotation_mirror,medium,train
tvKUJujTUEo.003.mp4,tvKUJujTUEo,6,"Well, Billy, that's a great question. First let's hit on the motivation, okay? We're going to get thrown a lot of different curve balls in life. The thing is is that like a professional athlete. Just like your Mom and Dad. Just like myself. Anyone who gets ...",train,train/tvKUJujTUEo.003.mp4,0.7383177570093457,chalearn_annotation_mirror,medium,train
uRY3aJAaogw.005.mp4,uRY3aJAaogw,7,"If you've got tips let me know. I've tried ... [inaudible 00:00:32]. Don't go there again. [inaudible 00:00:37]. I've tried orange peel. I've tried putting perfume there. He still goes back to that spot, despite being able to go outside and despite having a litter tray.",train,train/uRY3aJAaogw.005.mp4,0.4953271028037382,chalearn_annotation_mirror,medium,train
u_qvbRpm88k.003.mp4,u_qvbRpm88k,4,"Social Security claimants representative. N, as in Nancy; O, as in Oscar; S, as in Sam; S, as in Sam; C, as in Cupcake; and R, as in Rudolph. NOSSCR is what refer to National Organization of Social Security Claimants Representatives. Great...",validation,validation/u_qvbRpm88k.003.mp4,0.41121495327102797,chalearn_annotation_mirror,medium,train
ua5c716lu5s.001.mp4,ua5c716lu5s,5,"And if I've had a tough time, I know that there's always a listening, an understanding ear the other side of the camera that I'm talking to. Anyway, enough rambling on. You know I appreciate you all anyway, I don't need to say it again.",train,train/ua5c716lu5s.001.mp4,0.3831775700934579,chalearn_annotation_mirror,low,train
uqd_cEJMJ4o.003.mp4,uqd_cEJMJ4o,5,"James accidentally shut one of the cats in our room last night. We had woken up, I think it was about half past five by Oscar doing a wee on our bed. Always good fun, so-",train,train/uqd_cEJMJ4o.003.mp4,0.3644859813084112,chalearn_annotation_mirror,low,train
v1ScttBOQc8.001.mp4,v1ScttBOQc8,5,"I'm treating this like a chess game. I want to build an audience, of not just vegans, but I want to include everybody. Vegans and non-vegans. Blacks and whites. Women and men. I don't want to separate or-",validation,validation/v1ScttBOQc8.001.mp4,0.4953271028037382,chalearn_annotation_mirror,medium,train
vR7YF7Zv5-Q.003.mp4,vR7YF7Zv5-Q,6,Promised Annette for a while so finally I got questions and comments that I think I can get a good a response to and I'll do that soon. I'm going to get started on a car and ...,train,train/vR7YF7Zv5-Q.003.mp4,0.4485981308411215,chalearn_annotation_mirror,medium,train
w7wPDiQkiA4.001.mp4,w7wPDiQkiA4,6,"Up to you and to me, of course, how we leave the house. If we leave the house with makeup on or without it. That's definitely something I feel very comfortable with. I don't excuse myself for wearing makeup and if I don't feel like-",train,train/w7wPDiQkiA4.001.mp4,0.6355140186915886,chalearn_annotation_mirror,medium,train
wYZJ2HXfvmQ.003.mp4,wYZJ2HXfvmQ,6,"Because there's all my family here. I want to go all around Australia at least once. After I do that, who knows, I might move to the US or something like that if I have a decent job. Or if I'm ...",train,train/wYZJ2HXfvmQ.003.mp4,0.40186915887850466,chalearn_annotation_mirror,medium,train
x6Tluj4dJTU.004.mp4,x6Tluj4dJTU,5,"Were you ever in love? Mmm, no. No, I don't think so.",train,train/x6Tluj4dJTU.004.mp4,0.29906542056074764,chalearn_annotation_mirror,low,train
xX5Imr7UmaA.002.mp4,xX5Imr7UmaA,5,"One love, Superwoman, that is a wrap and zoop! Yeah, I love her. Victoria's Secrets or Bath and Body Works? By the way, you are fabulous. Okay, I guess you're going to ask me my favorite Victoria's Sec-",train,train/xX5Imr7UmaA.002.mp4,0.6074766355140186,chalearn_annotation_mirror,medium,train
xmD4FKMq2rk.000.mp4,xmD4FKMq2rk,5,"... might think twice about spending a dollar, but they spend more than that going to McDonald's and getting a chicken sandwich or a cheeseburger. Prices. I always recommend you do 99 cents for at least a month-",train,train/xmD4FKMq2rk.000.mp4,0.40186915887850466,chalearn_annotation_mirror,medium,train
xsDABUrvs6w.000.mp4,xsDABUrvs6w,6,"I have somebody come and help clean my house occasionally, so that's very helpful. On days where I'm doing a lot or weeks where I have a lot going on with work, I have someone come and clean my house or I will ... Yesterday, she came and we",validation,validation/xsDABUrvs6w.000.mp4,0.37383177570093457,chalearn_annotation_mirror,low,train
xzRYaxrhne8.004.mp4,xzRYaxrhne8,6,Why don't you guys make nutrition videos as often as before. There are a couple of different considerations here. One of the main ones is that there are about four hundred and fifty thousand nutrition vide-,train,train/xzRYaxrhne8.004.mp4,0.43925233644859807,chalearn_annotation_mirror,medium,train
y6LC5kAJmHw.001.mp4,y6LC5kAJmHw,6,"Thing with ribbon spools and everything, I probably won't do a tutorial on it because it's not like my idea. It's from Parents magazine and I will try to search quickly and see if I can find if they have that online, I will -",validation,validation/y6LC5kAJmHw.001.mp4,0.5794392523364486,chalearn_annotation_mirror,medium,train
y7MEVu2nyes.001.mp4,y7MEVu2nyes,5,"It really is difficult to not be able to talk as freely as I'm talking right now. I found that when I find someone on the street or in the bus or anywhere and they're speaking english, especially American english with ...",train,train/y7MEVu2nyes.001.mp4,0.6074766355140186,chalearn_annotation_mirror,medium,train
yFZ3eUD6Pqs.005.mp4,yFZ3eUD6Pqs,6,"-schedule was three to four full-length novels in a year. Of course, as time has gone on, that's slowed down to two novels a year, and that's where I'm at right now. That has a lot to do with just-",train,train/yFZ3eUD6Pqs.005.mp4,0.4205607476635514,chalearn_annotation_mirror,medium,train
yIe7Rp54-bU.001.mp4,yIe7Rp54-bU,5,"... per night. Probably for a lot of people it never happens. For me, the reason I started it was because I thought it was really cool to have that community of people that were online, and that you could talk to and meet.",train,train/yIe7Rp54-bU.001.mp4,0.5233644859813084,chalearn_annotation_mirror,medium,train
ymrFbEMNBME.002.mp4,ymrFbEMNBME,4,"How much test you can have in one week. Things like that. Last year I got mostly A's and B's but I got like one C and that was in Geometry, it was really bad and I felt really -",validation,validation/ymrFbEMNBME.002.mp4,0.5607476635514018,chalearn_annotation_mirror,medium,train
yzgA9oAEgI4.002.mp4,yzgA9oAEgI4,5,"Tweets. Is there any video you really want to film, just haven't gotten the chance? This is actually an interesting question, because you guys have no idea. There are so many videos that I come up with that I never get around to doing, because there's simply not enough-",train,train/yzgA9oAEgI4.002.mp4,0.7289719626168224,chalearn_annotation_mirror,medium,train
zEyRyTnIw5I.005.mp4,zEyRyTnIw5I,8,Responsibility to house the organ I had been given and I needed to tell them I was going to take good care of that organ and that I so appreciated what they had done. Almost immediately I sent a letter to them,train,train/zEyRyTnIw5I.005.mp4,0.4579439252336448,chalearn_annotation_mirror,medium,train
ztyBhnjtrz0.002.mp4,ztyBhnjtrz0,5,"Like model cars. Hey, Samantha asked why are you so generous. Well, I like to give things away and it's a nice thing to do. Even though I don't have a lot money, I have enough money ...",train,train/ztyBhnjtrz0.002.mp4,0.32710280373831774,chalearn_annotation_mirror,low,train
-6otZ7M-Mro.001.mp4,-6otZ7M-Mro,5,"... later time and this lady was just so unpleasant to her make up artist. I mean so unpleasant that it as a horrifying experience. It took all of my power to just not look up and say, ""Look, don't get funny, lady"", but ...",train,train/-6otZ7M-Mro.001.mp4,0.6728971962616823,chalearn_annotation_mirror,medium,validation
-VTqcHNgH7M.004.mp4,-VTqcHNgH7M,6,"... going to be on you and it's going to be your own time and I can't personally sit down and do that, you know, across the computer, so yeah. Thank you guys again so much for watching my videos. Let me know if you have any more suggestions for videos. I look forward to my series coming up and I will talk to you ...",train,train/-VTqcHNgH7M.004.mp4,0.4859813084112149,chalearn_annotation_mirror,medium,validation
05l5bteT_qA.004.mp4,05l5bteT_qA,4,"... through PS4 and my PC. Yeah, that's it. And now a 3DS because I got the best friends ever. Holy shit, man! Oh my God, I ...",validation,validation/05l5bteT_qA.004.mp4,0.4205607476635514,chalearn_annotation_mirror,medium,validation
0dIqLMMn4jY.000.mp4,0dIqLMMn4jY,3,"What's the top thing you want on your Christmas list? The thing I want most on my Christmas list is a new gymnastics mat. If you go and watch my other video, then you'll be able to see parts of my Christmas list.",train,train/0dIqLMMn4jY.000.mp4,0.14953271028037382,chalearn_annotation_mirror,low,validation
19cplBTXyoY.002.mp4,19cplBTXyoY,4,"Obviously, I've been bullied. I was bullied about my nose, about my eyebrows, about my hair, about being hairy, like on my arms. You can't even see it. About my legs.",train,train/19cplBTXyoY.002.mp4,0.6728971962616823,chalearn_annotation_mirror,medium,validation
1Lv72Si4GnY.001.mp4,1Lv72Si4GnY,6,"... because I wanted something sweet like a cake or ice cream, something like that. Instead of doing something, eating something fattening, I was like-",train,train/1Lv72Si4GnY.001.mp4,0.2803738317757009,chalearn_annotation_mirror,low,validation
1RMdiCbNNh4.005.mp4,1RMdiCbNNh4,5,"[inaudible 00:00:03] says "" Do you wants to hear a voice [inaudible 00:00:05] and [inaudible 00:00:06] the impressions of the judges""? ""Of course, I wants the voice you are say because I am going to be famous singer. I only sing-""",train,train/1RMdiCbNNh4.005.mp4,0.17757009345794392,chalearn_annotation_mirror,low,validation
1tPH6PNeOSk.001.mp4,1tPH6PNeOSk,4,"... spots of Korea that I've been to so far. It was absolutely amazing. It was beautiful. There was a lot of really cool things to see, there was nature, there was water. Totally recommend it. I really, really think that if you guys are coming to Korea ...",validation,validation/1tPH6PNeOSk.001.mp4,0.6074766355140186,chalearn_annotation_mirror,medium,validation
2P1FbMJLUAs.003.mp4,2P1FbMJLUAs,3,"Team is the best in America. They competed in a tournament for about 4 or 5 days. They ended up winning the tournament so they are now the best team in the nation which is quite cool. So, guys in saying that I was hoping-",train,train/2P1FbMJLUAs.003.mp4,0.41121495327102797,chalearn_annotation_mirror,medium,validation
2T3oK1Gse2g.005.mp4,2T3oK1Gse2g,4,"... all that. I got on the airplane, sat next to some guy, he was really scary looking. For an 11 year old everyone is scary looking, because I was really, really short. I started crying.",validation,validation/2T3oK1Gse2g.005.mp4,0.5981308411214953,chalearn_annotation_mirror,medium,validation
2TbU3Eg2i4A.005.mp4,2TbU3Eg2i4A,4,"Too much with the glue and everything, like no. Did you know that you were supposed to change your mascara every three months? No, I ...",train,train/2TbU3Eg2i4A.005.mp4,0.27102803738317754,chalearn_annotation_mirror,low,validation
2c42A4Z7qPE.000.mp4,2c42A4Z7qPE,5,"In person yet, so if any of you live in the GTA, or in Ottawa because I'm there sometimes for holidays and stuff like that. If any of you live in those areas, please come say hi to me, I'm out all the time downtown.",validation,validation/2c42A4Z7qPE.000.mp4,0.5514018691588785,chalearn_annotation_mirror,medium,validation
2d6btbaNdfo.004.mp4,2d6btbaNdfo,6,"The series before them, so from now on please leave your comments and questions on these videos, question and answer ones, or send them to Geektofreakfitness@gmail.com so I can just mark them down as something to talk about, because all the old videos-",train,train/2d6btbaNdfo.004.mp4,0.5233644859813084,chalearn_annotation_mirror,medium,validation
2oiXF5_gTyk.001.mp4,2oiXF5_gTyk,4,"A ton of popcorn was everywhere, all over my bed. But it was just so funny that I made popcorn and instead of pouring it into a bowl I poured it on a plate. I woke up to that and I was like, ""What the heck happened?"" That was probably one of the weirdest things that I've woken up to.",train,train/2oiXF5_gTyk.001.mp4,0.5887850467289719,chalearn_annotation_mirror,medium,validation
3JAFkk42zPs.004.mp4,3JAFkk42zPs,4,"Not good. Uploaded really late tonight, so I'm just going to be answering all of your questions now.",train,train/3JAFkk42zPs.004.mp4,0.15887850467289716,chalearn_annotation_mirror,low,validation
3S72dDIm1fM.000.mp4,3S72dDIm1fM,6,"Mindset, they're just there to debunk it, they'll tell you to go and try and win James Randy prizes which is also bullshit, I'll go into the future. They are just there, James Randy and these are just making money, they say they are trying to stop people prof-",train,train/3S72dDIm1fM.000.mp4,0.5981308411214953,chalearn_annotation_mirror,medium,validation
51KRxB3g7A8.001.mp4,51KRxB3g7A8,4,"-able to answer your questions a lot sooner, so I'll probably just reply to you via DM or I'll tweet you back or whatever. I'm sorry if I didn't answer your question, but I answered as many as I saw on my Instagram, and there were quite a lot.",validation,validation/51KRxB3g7A8.001.mp4,0.6915887850467289,chalearn_annotation_mirror,medium,validation
51z2rCqPqPE.005.mp4,51z2rCqPqPE,5,"-and it's really, really nice, so I would definitely recommend that, make a little What'sApp group, a permanent one that doesn't get deleted after your night out or whatever, but a permanent one, and individually build your rapport with each friend, particularly before you are due-",train,train/51z2rCqPqPE.005.mp4,0.7289719626168224,chalearn_annotation_mirror,medium,validation
57RdMTGegww.000.mp4,57RdMTGegww,3,Swear down on Joe Allen's life.,train,train/57RdMTGegww.000.mp4,0.46728971962616817,chalearn_annotation_mirror,medium,validation
5BPGRteF64Y.001.mp4,5BPGRteF64Y,3,"Everyone's been telling me to stop, like pming me to stop watching comments when you start nearing that episode because it has some really cool shit and I really want to see why I shouldn't look at the comments. I want to watch that episode but-",train,train/5BPGRteF64Y.001.mp4,0.35514018691588783,chalearn_annotation_mirror,low,validation
5Ku4_r_Yxsk.001.mp4,5Ku4_r_Yxsk,5,"... and tell them what you did, what you ate, why you are the way you are, whether it's good or bad on that Monday, is huge motivation. If you eat that piece of cake, and you screw your week up, you have to tell your coach that. That is huge-",train,train/5Ku4_r_Yxsk.001.mp4,0.5981308411214953,chalearn_annotation_mirror,medium,validation
5Wmlo8Z5yVA.003.mp4,5Wmlo8Z5yVA,6,"I've done it for a long time that I should be getting used to the [lads 00:00:05] by now. How often do you work? Typical work schedules in the industry is five weeks on, that's five weeks on the vessel, five weeks off, that's five weeks-",train,train/5Wmlo8Z5yVA.003.mp4,0.5046728971962616,chalearn_annotation_mirror,medium,validation
5kwoq4EZixQ.004.mp4,5kwoq4EZixQ,5,"Playing football that you have seen so far. Jeez, it would have to be between Messi, Gareth Bale, and Ronaldo.",train,train/5kwoq4EZixQ.004.mp4,0.4205607476635514,chalearn_annotation_mirror,medium,validation
5z4G0biL9B4.003.mp4,5z4G0biL9B4,5,"Someone shared a video with me from a fellow Vegan, a Vegan named Kerry McCarpet. That's her YouTube channel. The video is called Difficult Video, and in the video, Kerry shares an edited version of another video from a woman named-",train,train/5z4G0biL9B4.003.mp4,0.7102803738317757,chalearn_annotation_mirror,medium,validation
6-O-HJf6OZI.001.mp4,6-O-HJf6OZI,4,"I'm just going to be picking questions. The first, ""What did you want to be when you grew up, and has it changed?"" I think in my last video I said that I wanted to be a princess. No, that hasn't changed.",train,train/6-O-HJf6OZI.001.mp4,0.41121495327102797,chalearn_annotation_mirror,medium,validation
6-O-HJf6OZI.004.mp4,6-O-HJf6OZI,4,"With my modeling like I said before, just a lot of self-promotion. I would post a picture and wake up the next day and have like two thousand more followers just because my work is very popular right now. So that.",train,train/6-O-HJf6OZI.004.mp4,0.27102803738317754,chalearn_annotation_mirror,low,validation
6N02tjYPLh8.001.mp4,6N02tjYPLh8,5,I don't know what that meant but they just came up and then everybody changed. Everybody's eyes turned blood read and started bleeding tears and they started coming at me. Then I woke up. I also had nightmares about a demon trying to attack ...,train,train/6N02tjYPLh8.001.mp4,0.4485981308411215,chalearn_annotation_mirror,medium,validation
6TkMavTyimI.001.mp4,6TkMavTyimI,6,"It is fertile as it is, so what I like to do is build my soil. The way I do that is by, number one, adding compost. Not only bacterial based, thermal compost, but also a fungal dominated compost that's low heat. Also by adding things like earthworm castings in my ...",train,train/6TkMavTyimI.001.mp4,0.5327102803738317,chalearn_annotation_mirror,medium,validation
6wHQsN5g2RM.003.mp4,6wHQsN5g2RM,3,"How long have you been a ... Well, I guess it could be ... I like ... Halloween's [inaudible 00:00:04] and Thanksgiving and for people that are thankful, because, you know, whatever. Where are you from? I'm from ... Well, I'm not. I'm from [Cersei 00:00:14].",train,train/6wHQsN5g2RM.003.mp4,0.4485981308411215,chalearn_annotation_mirror,medium,validation
7WixH0aSfqI.000.mp4,7WixH0aSfqI,4,"First, they'll size it and make sure it fits properly, and there's no gaps. Once it fits properly, then they'll go ahead and put the glue on it and then stick it on your tooth. You'll just bite down, and wherever they put the tool. It just pushes it down, and that's pretty much how ...",validation,validation/7WixH0aSfqI.000.mp4,0.6261682242990654,chalearn_annotation_mirror,medium,validation
7nhJXn9PI0I.005.mp4,7nhJXn9PI0I,5,"... maybe Libido because Libido is really sweet. It's quite like, if you want to have a good time, you've got to drink Libido. What? What is alcohol? What? I've never heard of that word before. What are you even saying? Are you-",train,train/7nhJXn9PI0I.005.mp4,0.47663551401869153,chalearn_annotation_mirror,medium,validation
84Lz5a9yRZg.004.mp4,84Lz5a9yRZg,6,"Case and plan going to be with you. Number four, do you represent both sides of the transaction? In the state of Ohio, it is legal to represent both sides. I would question that realtor on representing both sides that maybe they're not going to argue to get",train,train/84Lz5a9yRZg.004.mp4,0.7289719626168224,chalearn_annotation_mirror,medium,validation
8OckVmEZ8X8.001.mp4,8OckVmEZ8X8,4,"Can I shuttle to you, I know you graduate tomorrow from Mezusa High School, congratulations. Good job. What made me want to start making Youtube videos, I just wanted to get my opinion out there and talk to a bunch of different fans, and just let people-",validation,validation/8OckVmEZ8X8.001.mp4,0.5887850467289719,chalearn_annotation_mirror,medium,validation
8lg8A_zFOmg.002.mp4,8lg8A_zFOmg,5,"Become a YouTuber? Well, my main inspiration would probably have to be my favorite YouTuber in the world because it was about a week after he uploaded his first [Jeff and Jack 00:00:11] that I actually started watching his videos because ...",validation,validation/8lg8A_zFOmg.002.mp4,0.35514018691588783,chalearn_annotation_mirror,low,validation
8mZZlnbmOYE.001.mp4,8mZZlnbmOYE,6,"Vice, actually from Chicken Systems, when they were still making them. They haven't made those since the '90s. They've gone out of production in making those. That, ironically, and fortunately for me, works with the zip drive. It was older-",train,train/8mZZlnbmOYE.001.mp4,0.5327102803738317,chalearn_annotation_mirror,medium,validation
9AsxY-x-TjM.002.mp4,9AsxY-x-TjM,6,"... terrible, sorry about that. If you watched to that point in the blog, anyway. Yeah, I'm still struggling with getting my camera out in different situations. I shouldn't because I think actually my family ...",train,train/9AsxY-x-TjM.002.mp4,0.5327102803738317,chalearn_annotation_mirror,medium,validation
9Crw2RtrBcY.003.mp4,9Crw2RtrBcY,6,"Now that she's back on a low-carb style diet, she's not able to lose the weight again in the same way. She's asking is her metabolism been lowered? Or, has her metabolism been lowered? I would say absolute-",train,train/9Crw2RtrBcY.003.mp4,0.6915887850467289,chalearn_annotation_mirror,medium,validation
9J-KIPMQmqk.005.mp4,9J-KIPMQmqk,5,"Any property anywhere, it's all about giving the client the correct advice and information they need at the time. That's what we're about. Next question: why are you different to any other agent. Besides the fact that we dr-",train,train/9J-KIPMQmqk.005.mp4,0.5700934579439252,chalearn_annotation_mirror,medium,validation
9QGTbcqb2tM.005.mp4,9QGTbcqb2tM,5,"Have you ever almost died? I have not, dude. Another question from UW was do you ever want to have kids? I do want to have kids. I would really like to have a boy and a girl, so we'll see. Pocker 11-",validation,validation/9QGTbcqb2tM.005.mp4,0.4299065420560747,chalearn_annotation_mirror,medium,validation
9UUtf0_ZR14.001.mp4,9UUtf0_ZR14,6,"And we know that it refers for a word which is feminine and plural, okay? Now I have lost some of you haven't I? Sorry. Now you're going to tell me as well what lesquels and lesquelles, the last two ...",train,train/9UUtf0_ZR14.001.mp4,0.616822429906542,chalearn_annotation_mirror,medium,validation
9a-3LrB7cDI.000.mp4,9a-3LrB7cDI,7,"The bag that is not there right, and of course, I don't need it right now, but I think if you're a really serious turn them up player, I think it's an option for you. I don't like it really necessarily to go with Three Wood and ...",train,train/9a-3LrB7cDI.000.mp4,0.719626168224299,chalearn_annotation_mirror,medium,validation
A1lbD_OCuj4.002.mp4,A1lbD_OCuj4,7,"The Bible doesn't come with a table of contents. Once she realizes that, she begins to recognize she's accepted a tradition. And that tradition is what we call the Cannon of Scripture. Try it, let me know how the ...",validation,validation/A1lbD_OCuj4.002.mp4,0.5233644859813084,chalearn_annotation_mirror,medium,validation
A6ZWTfKPLPE.005.mp4,A6ZWTfKPLPE,6,"... purple scenario, is me on a beach with a couple of my best girlfriends and maybe a nice coconut drink in my hand or some wine. We're just laying on the beach and talking and having a good time. Music's playing. That sort of thing. So that's kind of my best ...",train,train/A6ZWTfKPLPE.005.mp4,0.6074766355140186,chalearn_annotation_mirror,medium,validation
ABWFQuPG1LA.004.mp4,ABWFQuPG1LA,5,"I could argue pretty good, so I wanted to be a lawyer. But then I grew up and I found out about makeup, and I was like, ""Cosmetologist. Yes."" So things change.",train,train/ABWFQuPG1LA.004.mp4,0.43925233644859807,chalearn_annotation_mirror,medium,validation
B77ZCcCMrkM.004.mp4,B77ZCcCMrkM,4,"Some of them don't even color your hair at all, so this brand is like ... They started off really great, and now they're not that amazing. Sometimes when buy, I buy like six or seven of them at a time and I kind of keep it in the back.",train,train/B77ZCcCMrkM.004.mp4,0.6074766355140186,chalearn_annotation_mirror,medium,validation
BeyIfaH64xY.004.mp4,BeyIfaH64xY,5,With the lighting and the sound from the pep rally. It's really just pushed those ticket sales over that final pump because ticket sales is the key that drives...,train,train/BeyIfaH64xY.004.mp4,0.4299065420560747,chalearn_annotation_mirror,medium,validation
BjQ95T-Dw1U.004.mp4,BjQ95T-Dw1U,5,"Now, I'm not saying I'm old, but I was in high school back in September of '97. You'd have to go back to when Boom Boom was in fucking high school to find a lower rating. Oh, but the ratings went up. All the ratings went up. Oh, yeah, WWE started turning things around.",train,train/BjQ95T-Dw1U.004.mp4,0.4205607476635514,chalearn_annotation_mirror,medium,validation
BjzSIV3dutk.000.mp4,BjzSIV3dutk,4,"...video that myself and [Anna 00:00:01] filmed, that's nearly got a million views, which is crazy. That is amazing. That's a lot of views. I did actually really enjoy filming last week's video, which was a surprise birthday party.",train,train/BjzSIV3dutk.000.mp4,0.7383177570093457,chalearn_annotation_mirror,medium,validation
Bn5QwANp5LM.004.mp4,Bn5QwANp5LM,3,"Seeing his album, and Demi's album all at once. That's like 10 thousand albums, so it's difficult to listen to all of them. I have listened to every song, like a tiny bit of it. I know-",validation,validation/Bn5QwANp5LM.004.mp4,0.4579439252336448,chalearn_annotation_mirror,medium,validation
Bo-mrL28d8M.005.mp4,Bo-mrL28d8M,6,"Hang out with the angels coming up on Sunday, the 17th of January, 2 pm New Zealand time. If you want to connect with me and ask any questions about in ...",validation,validation/Bo-mrL28d8M.005.mp4,0.15887850467289716,chalearn_annotation_mirror,low,validation
CTWMisL_HlI.003.mp4,CTWMisL_HlI,4,"If I have to get out to pump gas, I won't go to a gas station where the pumps are facing the road of traffic, especially near a light, because if I have to pump gas and the cars were stopped at a stoplight, I don't want everyone stopped looking at me.",train,train/CTWMisL_HlI.003.mp4,0.14953271028037382,chalearn_annotation_mirror,low,validation
CfNbSToI21k.005.mp4,CfNbSToI21k,4,"On darker skin it might be okay because it just doesn't show up at all on me. So, that is the big finish. As I said, I will add everything linked below so you can go and check it out, and don't forget to give this video a big thumbs up if you guys like watching subscription service-",train,train/CfNbSToI21k.005.mp4,0.4859813084112149,chalearn_annotation_mirror,medium,validation
Cl7vQ9QR0es.005.mp4,Cl7vQ9QR0es,6,... None of the plot lines kind of got tied up from the second film. There was a nonsensical ending. Characters got introduced that didn't need to be introduced at that point. It was garbage. It was-,train,train/Cl7vQ9QR0es.005.mp4,0.32710280373831774,chalearn_annotation_mirror,low,validation
D4TU65xbF4g.002.mp4,D4TU65xbF4g,5,"-these things, I think they're called grip ties? But they would slide off my controller, you know, all the time. Because I get kind of intense with my gaming, you know what I'm saying, and these slide off. So I'm not using these anymore. But anyway, so-",train,train/D4TU65xbF4g.002.mp4,0.5233644859813084,chalearn_annotation_mirror,medium,validation
De4i7-FX9Og.001.mp4,De4i7-FX9Og,5,"I actually think that it's more scary to me to be out in public, in an unknown public place, without being able to see. I guess I would rather be naked and ...",train,train/De4i7-FX9Og.001.mp4,0.4953271028037382,chalearn_annotation_mirror,medium,validation
DegRGUG4Wi0.003.mp4,DegRGUG4Wi0,4,"Exciting, but hopefully some are nice, you know. I haven't really put too much thought into it, but hopefully, in five years I can really take this somewhere and be somewhere awesome. Yeah, wow, I don't know. Sam-",train,train/DegRGUG4Wi0.003.mp4,0.5981308411214953,chalearn_annotation_mirror,medium,validation
EA8BEYAZqAA.005.mp4,EA8BEYAZqAA,5,"Not loving it. I was thinking, ""Can I do this for the rest of my life?"" And I wasn't sure what I wanted to do. When I started making YouTube videos and that kind of started to take of it was like a blessing in disguise, and I'm so thankful and lucky.",validation,validation/EA8BEYAZqAA.005.mp4,0.822429906542056,chalearn_annotation_mirror,high,validation
EgolOPjkkg8.002.mp4,EgolOPjkkg8,5,They act differently in front of you and his friends in a good way. How to be cute. Kill a baby-,validation,validation/EgolOPjkkg8.002.mp4,0.2803738317757009,chalearn_annotation_mirror,low,validation
EjhDyc8Oc6k.005.mp4,EjhDyc8Oc6k,5,"[inaudible 00:00:00] I always wished for a horse. I never got one, but I wished for it. I live in an apartment and having a horse would be quite difficult, but I told my mom and I was like, it's okay.",validation,validation/EjhDyc8Oc6k.005.mp4,0.4953271028037382,chalearn_annotation_mirror,medium,validation
Fgq5I4bkq2s.001.mp4,Fgq5I4bkq2s,6,"Give away a free admission to Ripley's Believe It or Not! Auditorium House. I also have a free admission onto the Red Train Tours, which takes you around St. Augustine and all the historical sights.",train,train/Fgq5I4bkq2s.001.mp4,0.3831775700934579,chalearn_annotation_mirror,low,validation
FwjoTGcsFNg.001.mp4,FwjoTGcsFNg,6,"Okay, I'm fine. I'm fine now. Today, we are going to be reading some of your comments. We're going to be reading some of your comments. We haven't done a reading comments video. They are not in any particular order. I'm just going to read them, and-",train,train/FwjoTGcsFNg.001.mp4,0.6355140186915886,chalearn_annotation_mirror,medium,validation
FxVUG2R1y0Q.004.mp4,FxVUG2R1y0Q,5,"We started talking online. I knew him before he went to Croatia, but we started talking online a lot while he was overseas. We just had so much in common. When he came back, and we actually started dating it just felt so normal. It would feel weird-",train,train/FxVUG2R1y0Q.004.mp4,0.8317757009345793,chalearn_annotation_mirror,high,validation
G7hYffrZ1Hc.003.mp4,G7hYffrZ1Hc,4,"With other people that way I can split audio tracks from the game and I can edit all this and that, so I'm going to be doing that. I can adjust the audio and if I want to ... it's just a lot easier to have separate audio tracks so I got DX [Tory 00:00:28] I have an-",validation,validation/G7hYffrZ1Hc.003.mp4,0.5607476635514018,chalearn_annotation_mirror,medium,validation
G7hYffrZ1Hc.004.mp4,G7hYffrZ1Hc,4,"To dull, sometimes I feel like my videos kind of come off a bit dull because I have to try to be a little bit quieter for the respect of the neighbors and so there's that, but hopefully soon I'll be getting a new apartment where I ... With this new apartment, I'm going to be-",train,train/G7hYffrZ1Hc.004.mp4,0.7102803738317757,chalearn_annotation_mirror,medium,validation
GCkOL2jLSQA.002.mp4,GCkOL2jLSQA,5,"The right questions, then you risk her not being interested. Okay, so let's get into it. The three most common questions that most guys ask in conversation is, what do you do? Where are you from? And do you come here often?",train,train/GCkOL2jLSQA.002.mp4,0.5420560747663551,chalearn_annotation_mirror,medium,validation
GTmHSF6vNWc.005.mp4,GTmHSF6vNWc,6,Oh no!,train,train/GTmHSF6vNWc.005.mp4,0.7102803738317757,chalearn_annotation_mirror,medium,validation
GsNZh1TS68g.000.mp4,GsNZh1TS68g,5,"[inaudible 00:00:15] feel more calm about it because what I was going through, I didn't have anything like this. I feel like videos, I can relate more or something like that, especially if you are going to UCF and you are rushing at UCF. I feel like it'll help a lot because like-",validation,validation/GsNZh1TS68g.000.mp4,0.5327102803738317,chalearn_annotation_mirror,medium,validation
Gtq5nfRlRx8.003.mp4,Gtq5nfRlRx8,5,"Wish that I had fit a stereotype because maybe it would have been better if I dealt with that problem at the age of 17 or 18 instead of running, and running, and running for years. I was depressed, I was alone, I was isolated-",validation,validation/Gtq5nfRlRx8.003.mp4,0.5420560747663551,chalearn_annotation_mirror,medium,validation
I01_ubtktEQ.000.mp4,I01_ubtktEQ,6,"... I don't know that it really did much for my skin, it kind of made it feel nice and soft. The Mario Badescu eye cream is very emolliating. I'm actually getting a sample-size of my favorite eye cream again, Algenist from ...",validation,validation/I01_ubtktEQ.000.mp4,0.4205607476635514,chalearn_annotation_mirror,medium,validation
I8jMoBAMtVA.000.mp4,I8jMoBAMtVA,5,"... in high school, just so that I could get enough credits to cover a year of college level math, so that I wouldn't have to do it for general requirements. I'm totally serious. Now I've taken more advanced math classes than I know what to do with, and just for ...",train,train/I8jMoBAMtVA.000.mp4,0.4859813084112149,chalearn_annotation_mirror,medium,validation
IQdz0Pd-L2Y.004.mp4,IQdz0Pd-L2Y,5,"A question and answer video sometime in the future. I'm not exactly sure when, but that will be in the description box below or I should say I don't know when the upload of the actual answer video will be, but I'll say that this video will be ...",train,train/IQdz0Pd-L2Y.004.mp4,0.2616822429906542,chalearn_annotation_mirror,low,validation
IwfA-squ7Oo.005.mp4,IwfA-squ7Oo,5,"A bad trail of Lets go the popular route, I started playing games I wanted to play, you know. Yeah, a lot of people are playing them because it's what everyone else is interested in to. There's nothing bad with that, but that doesn't stop me from wanting to play a game that I want to play ...",train,train/IwfA-squ7Oo.005.mp4,0.4953271028037382,chalearn_annotation_mirror,medium,validation
J8N2OCqM6N0.001.mp4,J8N2OCqM6N0,5,"Yet, so that means I get an hour or two to just relax and watch some Youtube videos. I think I'm going to give my face a break before my vacation, so I don't think I'm going to wear any makeup for the next couple of days.",train,train/J8N2OCqM6N0.001.mp4,0.40186915887850466,chalearn_annotation_mirror,medium,validation
JBiq9X_-r84.005.mp4,JBiq9X_-r84,6,"This is still a weird one and it's one that I really, I still need to just spend some time in my office with no computer. Well, I have to have the computer on, but no internet. I have no email or distractions.",validation,validation/JBiq9X_-r84.005.mp4,0.47663551401869153,chalearn_annotation_mirror,medium,validation
JIYZTruMpiI.000.mp4,JIYZTruMpiI,6,"Also, they're five, I don't want to have an unplanned pregnancy, I don't want to be with somebody that I don't really know, so they're going to be at least seven if I say I start wanting to have a child or something right now.",train,train/JIYZTruMpiI.000.mp4,0.6542056074766355,chalearn_annotation_mirror,medium,validation
JhdFmuwquHM.003.mp4,JhdFmuwquHM,4,"So, yeah. Let me know and start asking your questions I guess if you guys really want to see me do that, and yeah. Oh, and also I was wondering if you guys could think of-",train,train/JhdFmuwquHM.003.mp4,0.19626168224299062,chalearn_annotation_mirror,low,validation
Jn76eAPxjNA.000.mp4,Jn76eAPxjNA,6,"Fitness Power Company and these guys are crazy, are so entertaining. It's the business one. They shoot a lot, pretty much everyday. Hilarious, really funny guys.  They-",validation,validation/Jn76eAPxjNA.000.mp4,0.6542056074766355,chalearn_annotation_mirror,medium,validation
K9ZTOb6PbfQ.004.mp4,K9ZTOb6PbfQ,5,"... [Degrees 00:00:15] fahrenheit. Children should be given water to prevent dehydration, and baths in clear tepid water. Light moisturizing lotion and calamine lotion without an antihistamine can also be used. Medicated creams should not be used on infants-",train,train/K9ZTOb6PbfQ.004.mp4,0.47663551401869153,chalearn_annotation_mirror,medium,validation
KYvbRwTCtaU.001.mp4,KYvbRwTCtaU,4,"-That my friends David and Daniel made. I think David is the one that animated it, but it's a video of me fighting him in Minecraft, made with Mine-imator. I think you're going to really like it. Click right there.",train,train/KYvbRwTCtaU.001.mp4,0.5046728971962616,chalearn_annotation_mirror,medium,validation
KdMiQUWNByk.001.mp4,KdMiQUWNByk,4,"By June 6th, but let's see if we can get to 10000 by June 6th. I'll be doing the most biggest giveaway in the world. Yeah, let's see if we can there because if we can, you guys might win a ginormous giveaway. All you have to do is click that-",train,train/KdMiQUWNByk.001.mp4,0.5420560747663551,chalearn_annotation_mirror,medium,validation
KfurkMyjD-c.002.mp4,KfurkMyjD-c,4,"We're going to try like longer stuff where we're trying to beat games and make more longer game play, better content, stuff like that. It's only fair to you guys, you're once in a thousand, we want to have a more scheduled structure here having three videos a week I think is a good solid number. I don't want to over saturate it like ...",train,train/KfurkMyjD-c.002.mp4,0.5981308411214953,chalearn_annotation_mirror,medium,validation
KppCIwj0hC4.000.mp4,KppCIwj0hC4,4,"And I've wanted round frames on these for a very long time. I wanted the Wildfox Couture Bel Air ones, but they were really expensive. They were like, I think one fifty to one seventy dollars US, and I did not want to spend that amount-",train,train/KppCIwj0hC4.000.mp4,0.4579439252336448,chalearn_annotation_mirror,medium,validation
Kv0kZgqZEM0.003.mp4,Kv0kZgqZEM0,6,"We have to do now. It's not something where in training I don't think I'll end up going above one hundred percent. I may get to a hundred percent and that might be about it, so we'll just have to play with that as the weeks go by here and just see how-",train,train/Kv0kZgqZEM0.003.mp4,0.4299065420560747,chalearn_annotation_mirror,medium,validation
L7HDCG2PsII.001.mp4,L7HDCG2PsII,4,"Like in some countries, you just use flirting as a social technique and it doesn't mean you're trying anything. It's so annoying when people take compli- ...",train,train/L7HDCG2PsII.001.mp4,0.4579439252336448,chalearn_annotation_mirror,medium,validation
LBKbubsgpE8.001.mp4,LBKbubsgpE8,5,"Plus and linking everything, and it is so confusing. Literally I still don't understand it and I'm somebody who likes to respond to every single comment I get. If you guys leave a comment on one of my videos I am going to respond.",train,train/LBKbubsgpE8.001.mp4,0.5981308411214953,chalearn_annotation_mirror,medium,validation
LGdzP-r_G3U.001.mp4,LGdzP-r_G3U,5,"To believe them, but you know, that doesn't mean that what other people believe isn't right for them. In some ways, we are all of one of the same. So, don't forget to tell me in the comments below.",train,train/LGdzP-r_G3U.001.mp4,0.7102803738317757,chalearn_annotation_mirror,medium,validation
LWylAwr9kJI.002.mp4,LWylAwr9kJI,5,"-the easy way out, it means that I can do whatever makeup my heart desires and it won't clash, but if you are wearing colors in you clothes, I guess just go with the complimentary colors in your make up-",train,train/LWylAwr9kJI.002.mp4,0.4205607476635514,chalearn_annotation_mirror,medium,validation
LXmwDq89LdA.005.mp4,LXmwDq89LdA,5,"Those jobs because if the customer is paying for the mulch, we upcharge on the mulch and that's the whole service. So, I know how long it takes me to do a yard of mulch. I know how long it takes me to do a yard of mulch with another...",train,train/LXmwDq89LdA.005.mp4,0.5607476635514018,chalearn_annotation_mirror,medium,validation
LmA23EIaXqg.001.mp4,LmA23EIaXqg,4,"[inaudible 00:00:15] all them people that are harsh. Just, no. It's kind of stupid, I guess, [inaudible 00:00:22], but I just, I'd love it. It'd be something that would be personally just a goal hit for me.",train,train/LmA23EIaXqg.001.mp4,0.14018691588785043,chalearn_annotation_mirror,low,validation
LmA23EIaXqg.005.mp4,LmA23EIaXqg,4,"... Japan. I want to go to China, [inaudible 00:00:19]. I just want to travel as much places as possible. South America as well and see, you know, Argentina, Chile. I just want to travel as much as possible, see as many different things as possible.",train,train/LmA23EIaXqg.005.mp4,0.24299065420560745,chalearn_annotation_mirror,low,validation
Lz3suTodXQM.005.mp4,Lz3suTodXQM,6,And if you feel like you want to ask a question and it's either a little too in detail for Youtube or you just don't feel comfortable without it being anonymous there is a Tumblr for ask sex in a Twitter so lots of ways that you can ask the questions that you have.,train,train/Lz3suTodXQM.005.mp4,0.4859813084112149,chalearn_annotation_mirror,medium,validation
M0O87_LiyMw.004.mp4,M0O87_LiyMw,4,"I didn't give my daughter away so that I could work out and post selfies. Selfies actually takes like 2 seconds to friggen take. Working out, at that time I was working out at home, so sorry.",train,train/M0O87_LiyMw.004.mp4,0.4485981308411215,chalearn_annotation_mirror,medium,validation
M0U48Lm33A8.003.mp4,M0U48Lm33A8,5,"The vlogs are not in HD. This one will actually be in 720 DPI, will be in HD. At least after it's processed. That's another thing too. If you're one of the first people to see the vlog, it has not actually processed to HD.",train,train/M0U48Lm33A8.003.mp4,0.644859813084112,chalearn_annotation_mirror,medium,validation
MBgwyWKYWVM.002.mp4,MBgwyWKYWVM,4,"I'm [inaudible 00:00:19]. Do you like pie like the food pie? No, I hate pie. Of course, I love pie.",train,train/MBgwyWKYWVM.002.mp4,0.19626168224299062,chalearn_annotation_mirror,low,validation
MLCIfM5jYlI.005.mp4,MLCIfM5jYlI,4,"Then I didn't have my license so I couldn't drive over there. The only thing I could do was to walk over there with them or, in my case skate over there, which is what I did.",validation,validation/MLCIfM5jYlI.005.mp4,0.5700934579439252,chalearn_annotation_mirror,medium,validation
MOXPVzRBDPo.004.mp4,MOXPVzRBDPo,5,"-so really quickly, this is a list of some of my favorite things. Favorite drink - coffee. Favorite food - Mexican food. Things to do - probably just hanging around the house being lazy with [Kyle 00:00:26] and [Mika 00:00:26].",train,train/MOXPVzRBDPo.004.mp4,0.6915887850467289,chalearn_annotation_mirror,medium,validation
MZkDsB04kt8.005.mp4,MZkDsB04kt8,4,"This is ... I want to ask you one question. You were in middle school and college, and what happened to that academically? Also, make a draw in my life with you now. Okay, I'll definitely try to make a draw in my life video, but I am from St. Joseph's Comet High School ...",validation,validation/MZkDsB04kt8.005.mp4,0.5700934579439252,chalearn_annotation_mirror,medium,validation
M_OpMKBEOyU.004.mp4,M_OpMKBEOyU,6,Suggestions and what I'm inspired by and kind of combine all three to come up with box themes. I have to work really far in advance. The themes are all set for the rest of the year. I have to work really far in advance ...,train,train/M_OpMKBEOyU.004.mp4,0.12149532710280374,chalearn_annotation_mirror,low,validation
NVvKBE5FTMk.005.mp4,NVvKBE5FTMk,4,"[inaudible 00:00:20] sky high heels. So, I think that's ... It's always been around me. I think that's where it started from and my inspiration when I decide to dress, I really don't have one. I go based off of mood, I go based-",train,train/NVvKBE5FTMk.005.mp4,0.5794392523364486,chalearn_annotation_mirror,medium,validation
NhyVkwcZbTA.005.mp4,NhyVkwcZbTA,5,"Z87ha says what advent calendar do you normally buy? Now, I'm not one to buy one of those beauty calendars because I'd go straight for the chocolate ones. Normally I just get like like a dairy milk one, but seeing as I'm not here this year for Christmas-",train,train/NhyVkwcZbTA.005.mp4,0.7009345794392522,chalearn_annotation_mirror,medium,validation
Nv0-x4K9YFI.005.mp4,Nv0-x4K9YFI,5,"It's like, almost spring. All right guys, I'm going to let you go. Tweet us your questions, or comment down below your questions. We're going to take a look at it. Also, if you want to hit us up on Facebook, it's going to called scheme-",train,train/Nv0-x4K9YFI.005.mp4,0.15887850467289716,chalearn_annotation_mirror,low,validation
O2wMPdp2-Is.003.mp4,O2wMPdp2-Is,5,"He was a character on the show. I was talking on the phone with Michael, my boyfriend who I live with. I don't know what happened, oh yes, okay, he's going to kill me if I tell you this story. He, long story short, bought these ...",validation,validation/O2wMPdp2-Is.003.mp4,0.7102803738317757,chalearn_annotation_mirror,medium,validation
OD3cfWeJaOY.003.mp4,OD3cfWeJaOY,6,"Own what it is you've experienced. Own the value and the lessons, and the wisdom that you've gained from that toxic relationship. Even though it's not healthy to be in a toxic relationship, toxic relationships serve ...",train,train/OD3cfWeJaOY.003.mp4,0.6635514018691588,chalearn_annotation_mirror,medium,validation
OMHlfDF99Mw.004.mp4,OMHlfDF99Mw,5,This question supposes that a it can work and b there's a number of ways that it can work and c it can be done easily. Now these assumptions are ...,train,train/OMHlfDF99Mw.004.mp4,0.4485981308411215,chalearn_annotation_mirror,medium,validation
P9WDAY-MFzk.000.mp4,P9WDAY-MFzk,6,"I'm actually really impressed with how it had stance, so I would need those three machines. I couldn't live without any of them. Omar, who if you guys don't know, Omar is my blog boyfriend. He has an amazing blog with free SVGs. I'll give you the link. He ain't g-",train,train/P9WDAY-MFzk.000.mp4,0.5794392523364486,chalearn_annotation_mirror,medium,validation
PHmkN1cPl10.001.mp4,PHmkN1cPl10,7,"Minister to those Catholics who are civilly divorced and remarried, and is there any possible way of restoring them to full Eucharistic sharing. Everybody agrees that marriage is indesolu-",validation,validation/PHmkN1cPl10.001.mp4,0.5607476635514018,chalearn_annotation_mirror,medium,validation
PKYh4sungwI.003.mp4,PKYh4sungwI,5,- and I am an animal lover so I'm going to get a dog. Singingbunny asks what is your favorite cover or unforgettable one with the funny story behind it? This is quite funny because all my videos on my channel have a story behind it. I'll single 2 out. My favorite cover that I have -,train,train/PKYh4sungwI.003.mp4,0.5794392523364486,chalearn_annotation_mirror,medium,validation
PRplbrM70sg.000.mp4,PRplbrM70sg,4,"Hasn't gone to Wal-Mart as a child. Who still doesn't go to Wal-Mart? Anyways, we were eight-years-old, we were running in Wal-Mart, and all I remember is us on the floor on top of each other because tripped.",validation,validation/PRplbrM70sg.000.mp4,0.6635514018691588,chalearn_annotation_mirror,medium,validation
PsqpkFKX8co.001.mp4,PsqpkFKX8co,6,"... about maybe what one of my favorites is and why, let me know because then I will probably be a lot more descriptive for you and can hopefully even help out if you're looking for something special. We're done. Thank you so much to everyone who submitted those questions for the first ask-",train,train/PsqpkFKX8co.001.mp4,0.6728971962616823,chalearn_annotation_mirror,medium,validation
QdafN9Y_j-Y.000.mp4,QdafN9Y_j-Y,6,"This is my actual hair. This is my hair. I have enough hair to make these braids, which is always kind of been my go to look. That's really quick, really low maintenance. That's something other than just a pony tail. Yeah. That's about how long ...",validation,validation/QdafN9Y_j-Y.000.mp4,0.5420560747663551,chalearn_annotation_mirror,medium,validation
QfU5JsVMjfI.002.mp4,QfU5JsVMjfI,5,Self and try to remind myself that I am not a product of my achievements or my body and that I am a beautiful divine being even though sometimes it's hard to believe that and honor that. Those are some of the ways that I make my flaws straight.,validation,validation/QfU5JsVMjfI.002.mp4,0.4205607476635514,chalearn_annotation_mirror,medium,validation
QlBgvZjbX30.000.mp4,QlBgvZjbX30,5,"Oh my god, what happened? Why are they not friends any more? Just because I make video doesn't make me any different from you guys. Like for example you guys don't see your friends every single day of the week, but people think that I'm suppose to be doing that. It's really weird so that's the hardest thing about daily vlogging. People just assume thing.",train,train/QlBgvZjbX30.000.mp4,0.6915887850467289,chalearn_annotation_mirror,medium,validation
R-qB2FX7ZbE.001.mp4,R-qB2FX7ZbE,5,[inaudible 00:00:16] looks. That's what she's called. [inaudible 00:00:20]. In the year I went 50k on here on YouTube but I don't really have any big ones because I feel like ...,train,train/R-qB2FX7ZbE.001.mp4,0.40186915887850466,chalearn_annotation_mirror,medium,validation
R-vly7LKotQ.003.mp4,R-vly7LKotQ,6,"... you should do tutorials, can you do this? I've done several tutorials, but it doesn't seem like a lot of people really care to see them. If it's like an inking tutorial, I would like to do that, but not really much on tutorials on graphics, or YouTube ...",train,train/R-vly7LKotQ.003.mp4,0.3177570093457943,chalearn_annotation_mirror,low,validation
R42dmIPCXwo.005.mp4,R42dmIPCXwo,4,"Send me your screen again because I forget it. What state do you live in and by the way you're gorgeous and stay strong. Sorry, it was 3 seconds. I don't even know why I said thank you, and I live in New York if you didn't know here I'll show you guys the next one. Hey Kiel we are huge fans.",validation,validation/R42dmIPCXwo.005.mp4,0.3457943925233644,chalearn_annotation_mirror,low,validation
RTJK4Duuxsc.003.mp4,RTJK4Duuxsc,5,"... open up to you and talk to you about questions, because I could have easily just ignored them or I could have just not talked to you guys about what is going on with moving, but I like to ...",train,train/RTJK4Duuxsc.003.mp4,0.616822429906542,chalearn_annotation_mirror,medium,validation
RZgTERiRDjA.001.mp4,RZgTERiRDjA,6,"That was a tricky question. I have quite a few LV pieces, and to me it feels like asking me which is my favorite child. It's really hard because they all have meaning and purpose ...",train,train/RZgTERiRDjA.001.mp4,0.7757009345794392,chalearn_annotation_mirror,high,validation
RrvG7JlKoXM.004.mp4,RrvG7JlKoXM,4,"Was able to effectively teach tricks before, is because I'm not all that talented at skateboarding. Tricks came really hard for me so I understood all of the problems you might have trying to learn them, because chances are I ran into those problems too. But I had already taught -",train,train/RrvG7JlKoXM.004.mp4,0.4299065420560747,chalearn_annotation_mirror,medium,validation
RsjDkkvJirs.005.mp4,RsjDkkvJirs,5,"Like I said, be sure to give the city a big thumbs up and leave down in the comments who I should prank call in my next video. I don't know, I had fun. I would love to prank call more people, but yeah ... that's it.",train,train/RsjDkkvJirs.005.mp4,0.47663551401869153,chalearn_annotation_mirror,medium,validation
Rwsss8y1bf0.001.mp4,Rwsss8y1bf0,4,Sitting down and actually being in that moment that I've kind of created with all of the preparation and work that goes behind. It takes hours and hours and hours of preparation and then-,validation,validation/Rwsss8y1bf0.001.mp4,0.3644859813084112,chalearn_annotation_mirror,low,validation
Rwsss8y1bf0.003.mp4,Rwsss8y1bf0,4,"I got to talk with him for a brief moment. He had no idea who I was and I just thought he seemed like a really cool guy. I didn't get to know him too well. Watching his video's after that, he seems like a really genuine Youtuber.",validation,validation/Rwsss8y1bf0.003.mp4,0.29906542056074764,chalearn_annotation_mirror,low,validation
SBEad3L1Hdc.001.mp4,SBEad3L1Hdc,5,"I don't really have the money for that. I'm going to admit it. I don't, but I said to her ... I said, ""What you give, you get back."" I got home and my friend ...",train,train/SBEad3L1Hdc.001.mp4,0.29906542056074764,chalearn_annotation_mirror,low,validation
SG2QAh_50ek.001.mp4,SG2QAh_50ek,5,"Hashtag a brand, hashtag the brand and honestly, eventually they will see it and with Instagram it's almost like, once you get seen one time by a bigger brand or page or whatever it just goes from there and that picture keeps getting reposted.",train,train/SG2QAh_50ek.001.mp4,0.6728971962616823,chalearn_annotation_mirror,medium,validation
SR1Q5M2urxY.003.mp4,SR1Q5M2urxY,5,"Why I like and why, here are the reasons why I like Android and Samsung. Guys, thanks for - nothing in this video is going to happen, it's has to. If I remind myself, but thanks for watching. This has been the 100th episode special for supper sonic -",train,train/SR1Q5M2urxY.003.mp4,0.4299065420560747,chalearn_annotation_mirror,medium,validation
SbtIS7XwkLU.001.mp4,SbtIS7XwkLU,5,"The top people that I can think of right now and that would be, Tolstoy, Kierkegaard, Lee Strasbourg, C.S. Lewis.",train,train/SbtIS7XwkLU.001.mp4,0.5607476635514018,chalearn_annotation_mirror,medium,validation
TD2jIXMD-SM.004.mp4,TD2jIXMD-SM,5,"The makeup as well, she came in with her friend and she wanted to get her makeup done for the first time. Actually, she didn't really want to. It was her friend, but her friend asked her.",validation,validation/TD2jIXMD-SM.004.mp4,0.43925233644859807,chalearn_annotation_mirror,medium,validation
TNtcyfM9jak.001.mp4,TNtcyfM9jak,5,"Studios, two, how do you enjoy watching me so much? Like damn, that's too much Frisco for one person, but your support is just fucking unbelievable and so I'm going to do a bunch of RP giveaways. I'll give away RP on Twitch, I'll give RP away on Twitter, I'll do RP giveaway on fa-",train,train/TNtcyfM9jak.001.mp4,0.37383177570093457,chalearn_annotation_mirror,low,validation
TPRQyuiNYmI.003.mp4,TPRQyuiNYmI,5,"What we're doing with small scale sustainable agriculture. Then Diego Footer, a good friend of mine has permaculture voices, the podcast, the website, and the event. During the pv3 event permaculture voices conference-",validation,validation/TPRQyuiNYmI.003.mp4,0.6261682242990654,chalearn_annotation_mirror,medium,validation
TSGpD2NBeCQ.003.mp4,TSGpD2NBeCQ,7,"I think of it coming from the clarity and the focus. What it meant was that my rational mind, my intellect, was able to function much more fully and clearly and effectively. I felt it was making me a lot smarter.",validation,validation/TSGpD2NBeCQ.003.mp4,0.4299065420560747,chalearn_annotation_mirror,medium,validation
TUaOp5eIU2c.001.mp4,TUaOp5eIU2c,6,"It's not. It's undeniable that the earth is round, it is a sphere. People have orbited it. We know this. This has been known for centuries. I'm just choosing a really obvious, stupid example to make the point. You know, it's not like flat earth-",train,train/TUaOp5eIU2c.001.mp4,0.6915887850467289,chalearn_annotation_mirror,medium,validation
U-XrzfFzMkg.000.mp4,U-XrzfFzMkg,5,"I know what you meant. My favorite football club or soccer team for those of you who are from America, I would have to say Manchester City because.",validation,validation/U-XrzfFzMkg.000.mp4,0.6261682242990654,chalearn_annotation_mirror,medium,validation
UGn9Q8Fe9jw.001.mp4,UGn9Q8Fe9jw,5,"... Built in bookshelves. I love them. I like an open kitchen. When you first walk into the house, I love when it's a big, open foyer where it is very welcoming. We love to have people come over to the house. We love to host.",train,train/UGn9Q8Fe9jw.001.mp4,0.5420560747663551,chalearn_annotation_mirror,medium,validation
Ui1ajQU5Ib8.002.mp4,Ui1ajQU5Ib8,6,"I looked online and it said, ""The best available guest is that Vikings mainly ate products raised on their own farms,"" so like meat, sheep, cows, that kind of thing ... Horses, pigs, goats, chickens, and then there's [crosstalk 00:00:29] ...",validation,validation/Ui1ajQU5Ib8.002.mp4,0.4485981308411215,chalearn_annotation_mirror,medium,validation
UsmwjNu3kgQ.001.mp4,UsmwjNu3kgQ,5,"... Question because a long time ago, hashtags were confusing to me as well. You start to see something that is brand new and you're like, ""Well, wait a minute. How does this work and why have I not been told about this? Because ... """,train,train/UsmwjNu3kgQ.001.mp4,0.47663551401869153,chalearn_annotation_mirror,medium,validation
V8JaJ2IVG9E.004.mp4,V8JaJ2IVG9E,4,Pain that is cramps. I don't think people really understand the immense pain that it is. Some people get it worse than others. Some people don't even get cramps. I personally feel like my organs are just killing each other inside of my body and I personally find-,train,train/V8JaJ2IVG9E.004.mp4,0.644859813084112,chalearn_annotation_mirror,medium,validation
V9aMA9YLa2k.001.mp4,V9aMA9YLa2k,5,"... since then. I've been on some sort of mission trip or missions work or you know, something of the sort. Then my freshman year of college I went to [inaudible 00:00:41] and I did a youth internship with the United Methodist Church ...",train,train/V9aMA9YLa2k.001.mp4,0.5046728971962616,chalearn_annotation_mirror,medium,validation
VJuVsi6G96s.005.mp4,VJuVsi6G96s,5,"Reasonable to assume that the University will change its policy to fit current circumstances? Yes, absolutely. Now, if you have this expectation in the first place, you wouldn't be so afraid about this whole.",validation,validation/VJuVsi6G96s.005.mp4,0.5327102803738317,chalearn_annotation_mirror,medium,validation
VUgKH9DIs-8.003.mp4,VUgKH9DIs-8,6,"So much I am grateful for every single one of you. Yeah. That's it for today's video. Also, if you have any like video requests or anything like that, leave them down below.",train,train/VUgKH9DIs-8.003.mp4,0.17757009345794392,chalearn_annotation_mirror,low,validation
VZ6jhnbk-5g.000.mp4,VZ6jhnbk-5g,6,"- for my questions. I thank you so much to everyone who sent me their questions. Like I said, if you have questions for February you can leave them in the comments below or I will be putting up another post on Instagram and we'll just take it -",validation,validation/VZ6jhnbk-5g.000.mp4,0.850467289719626,chalearn_annotation_mirror,high,validation
VugKq4gOi50.001.mp4,VugKq4gOi50,5,"Now, [JC's 00:00:32] twitch channel is based on an old payment model. One twitch has tried to get him to change. You're going to have to tell me what that is because I don't know. I have no idea. If it was completely up to you, what would you-",validation,validation/VugKq4gOi50.001.mp4,0.6542056074766355,chalearn_annotation_mirror,medium,validation
VxtZDXM0cuQ.001.mp4,VxtZDXM0cuQ,5,"... that you would like to get to know me better. I'd love to get to know you guys better. So if you want to like you should probably do that, and if you want to subscribe you should probably do that too, that'd be pretty cool. By the way, I'm...",train,train/VxtZDXM0cuQ.001.mp4,0.616822429906542,chalearn_annotation_mirror,medium,validation
W2AB3UUyvwI.003.mp4,W2AB3UUyvwI,5,"I've worked at Victoria Secret and I have worked at Guess. I've also been a receptionist for different places. I've done make up, and now my job is YouTube. Those are basically all my jobs.",train,train/W2AB3UUyvwI.003.mp4,0.5514018691588785,chalearn_annotation_mirror,medium,validation
W2asVll3OSU.001.mp4,W2asVll3OSU,5,"Any fine lines that kind of mattefies your face. So if you are guys are looking for a really good primer, this one I definitely recommend spending the money on. I use it all the time, and my new favorite thing is to use a--",train,train/W2asVll3OSU.001.mp4,0.5700934579439252,chalearn_annotation_mirror,medium,validation
W7BbL3NZvrU.001.mp4,W7BbL3NZvrU,4,"What's the hardest struggle with daily vlogging? Editing. The vlogging is, that's no problem. Sitting down to edit every night past midnight, that's the tuffy. One more.",train,train/W7BbL3NZvrU.001.mp4,0.5233644859813084,chalearn_annotation_mirror,medium,validation
WATt9OOVZh8.002.mp4,WATt9OOVZh8,5,It's been awhile since I've done one of these so there's a fair few things I want to sort of cover. I'll try and do this as quick as I can. I've got my jerky as usual. This ones camel. I'm eating a freaking camel here. It's pretty good.,train,train/WATt9OOVZh8.002.mp4,0.6635514018691588,chalearn_annotation_mirror,medium,validation
WRz1F6DqmRQ.000.mp4,WRz1F6DqmRQ,6,"So since I've been wanting to make a jersey video for quite a while, I thought I would also upload a video this week of sharing with you my Kobe Bryant jersey collection that I have in my possession. Also, I ...",train,train/WRz1F6DqmRQ.000.mp4,0.17757009345794392,chalearn_annotation_mirror,low,validation
WZnLayQeIZ0.003.mp4,WZnLayQeIZ0,5,"Lemon and warm water, make it about 32 ounces and drinking that down first thing in the morning, alkalizes and flushes the whole system. This is a big deal and this is one thing that got me over the hump of needing all those laxatives and-",validation,validation/WZnLayQeIZ0.003.mp4,0.5514018691588785,chalearn_annotation_mirror,medium,validation
XFpzukISe6s.005.mp4,XFpzukISe6s,4,"Do I fear for my life? Probably not. What's your favorite family holiday tradition? I think the way we open our presents. Honestly ever since I was a kid what happens is I remember my parents saying, ""okay you can open one.""",train,train/XFpzukISe6s.005.mp4,0.4205607476635514,chalearn_annotation_mirror,medium,validation
XPV4pavXh94.005.mp4,XPV4pavXh94,5,"Just done Hello World, you are a programmer. That's not so much a fact as it is a mindset, sort of that ""fake it til you make it"" and also know that you've also made it kind of mindset. Because that kind of goes into my actual advi-",train,train/XPV4pavXh94.005.mp4,0.7289719626168224,chalearn_annotation_mirror,medium,validation
XpY-cxkbYdo.002.mp4,XpY-cxkbYdo,4,"About hair bow video, and I've got the re-film of Dead Set Fresh, so I'm going to be a very busy boy this week. But yeah, I just wanted to keep you updated and tell you what's going on. So stay tuned, be patient with me. I'm really sorry about that, and hopefully we've got a better set of videos by the end of the week. Thank--",train,train/XpY-cxkbYdo.002.mp4,0.3644859813084112,chalearn_annotation_mirror,low,validation
YJ5CINQ8v_E.000.mp4,YJ5CINQ8v_E,5,"... girls out there that do that kind of make up tutorials. So if you want to go see them, then, you should definitely just look at one of theirs, rather than have me doing it, because I am just a complete amateur and don't even know what I'm doing. So I wouldn't comfortable putting those videos out there ...",train,train/YJ5CINQ8v_E.000.mp4,0.6635514018691588,chalearn_annotation_mirror,medium,validation
YiX6thczM1w.005.mp4,YiX6thczM1w,6,"... [inaudible 00:00:30], which, obviously, I know a lot about. It could be about transitioning from a dead-animal-based diet to a whole-food-plant-based diet. It could be about cycling, my experience so far. It could be-",train,train/YiX6thczM1w.005.mp4,0.6355140186915886,chalearn_annotation_mirror,medium,validation
Yj36y7ELRZE.000.mp4,Yj36y7ELRZE,5,"Uh, huh, yes, I got one two years ago, very expensive. What was the first concert you ever went to?",train,train/Yj36y7ELRZE.000.mp4,0.27102803738317754,chalearn_annotation_mirror,low,validation
Yj36y7ELRZE.004.mp4,Yj36y7ELRZE,5,"[inaudible 00:00:31] I didn't do eye shadow. I didn't do eyeliner. I didn't do any of that crazy stuff till like maybe towards the end of my high school years, but it didn't look not even close to-",train,train/Yj36y7ELRZE.004.mp4,0.37383177570093457,chalearn_annotation_mirror,low,validation
YzcZY1mUZfc.001.mp4,YzcZY1mUZfc,5,"... I'll tag for never-world. Five star, Usopp, Zorro, Fan Boy, and TV reviews. Yep, those five. That sounds good. Y'all have been tagged, y'all get to do these 21 questions. Thank you again Rogers Base for ...",train,train/YzcZY1mUZfc.001.mp4,0.7663551401869158,chalearn_annotation_mirror,high,validation
Z6Yb7xE4Jb4.001.mp4,Z6Yb7xE4Jb4,5,Cause they're pretty brutal. I might even do it with it. We just did horrible nasty things to each other. Then after high school somehow we became really close. I think what we didn't like about each other is what made our friendship stronger because in high ....,validation,validation/Z6Yb7xE4Jb4.001.mp4,0.47663551401869153,chalearn_annotation_mirror,medium,validation
ZGox7tevC6A.001.mp4,ZGox7tevC6A,5,"Then I don't really think we're going to see much of Nintendo on YouTube anymore. At least I would hope not because they've done some terrible business practices to the point that I'm not even supporting Nintendo anymore. I do love Nintendo, but I'm not going to buy any more of their things.",validation,validation/ZGox7tevC6A.001.mp4,0.4205607476635514,chalearn_annotation_mirror,medium,validation
ZIk7N-xHvF4.004.mp4,ZIk7N-xHvF4,5,"They say celebrate [inaudible 00:00:31] day, on the 30th of April, that's not happening right now, it's on the 27th of April, don't be disappointed if you don't see masses of people on the street wearing orange.",train,train/ZIk7N-xHvF4.004.mp4,0.2897196261682243,chalearn_annotation_mirror,low,validation
ZNJFmNiWC4I.000.mp4,ZNJFmNiWC4I,5,"Little, beautiful, chubby cheek Indian little doll. I just remember picking her up and thinking to myself, I think I just loved the fact that it actually felt like a baby because of the sand. You could like, feel-",train,train/ZNJFmNiWC4I.000.mp4,0.7102803738317757,chalearn_annotation_mirror,medium,validation
ZXeO5dRFrj0.001.mp4,ZXeO5dRFrj0,5,"... question that I've never heard of before. I will most definitely answer that one over just a generic question. Then, I will do a video answering those for you guys. I'll probably have this video up for two or three days. Who knows? Maybe even longer.",train,train/ZXeO5dRFrj0.001.mp4,0.4299065420560747,chalearn_annotation_mirror,medium,validation
Zi7QHI_5ipU.000.mp4,Zi7QHI_5ipU,4,"I came across that I am morning retained by Billy and by Sienna and then just from there I started watching clips with them, watch what she wears, what she'll... then I went to [inaudible 00:38] all of those, I went through that stage and that was what got me into make up and then.",train,train/Zi7QHI_5ipU.000.mp4,0.7102803738317757,chalearn_annotation_mirror,medium,validation
_65KGQpiabs.000.mp4,_65KGQpiabs,4,"... seeing PewDiePie or Markiplier. I saw them and they were doing EV back then. I saw that and I was like, oh that's really cool, so I looked at more people that were doing EV and that's when I found JackSepticEye. I really liked JackSepticEye, still really-",validation,validation/_65KGQpiabs.000.mp4,0.29906542056074764,chalearn_annotation_mirror,low,validation
_G3kw9HwCqY.000.mp4,_G3kw9HwCqY,5,"For Christmas, I'm spending it at home I think, or that's what I believe we're doing at the moment. Just a generic Christmas really, just spending it with my family. That question was from Eva or...",train,train/_G3kw9HwCqY.000.mp4,0.5046728971962616,chalearn_annotation_mirror,medium,validation
_IS6GFmQYj4.005.mp4,_IS6GFmQYj4,5,This situation currently. The copyright situ. Lately the content ID was kicked up again because of an argument between one MCN which is like a partner network. I think it might be-,validation,validation/_IS6GFmQYj4.005.mp4,0.5700934579439252,chalearn_annotation_mirror,medium,validation
_RfHkyf68Zs.000.mp4,_RfHkyf68Zs,4,I am definitely not a hoarder. I'm actually a minimalist by nature. I don't like the idea of having a lot of stuff in general. Also-,validation,validation/_RfHkyf68Zs.000.mp4,0.514018691588785,chalearn_annotation_mirror,medium,validation
_ZAqTHlu2ts.002.mp4,_ZAqTHlu2ts,6,Start just where you did. We were all brand new coach. The great thing about this is it's a way for you to connect with other coaches in the team. Also you may have a question that other people may have had and been too shy to ask. It gives them the ability ...,validation,validation/_ZAqTHlu2ts.002.mp4,0.29906542056074764,chalearn_annotation_mirror,low,validation
_mtiuHyOFXg.001.mp4,_mtiuHyOFXg,6,"As always and, please, if you'd like to have your question read on the show, please send me an email to the frugalfilmmaker@gmail.com and I'll do my best to answer it, or you can comment below, or you can send me a message on Twitter at frugal filmmaker, and I should have another frugal filmmaker video this week and another Q&A on Monday, so we'll see you then.",train,train/_mtiuHyOFXg.001.mp4,0.6635514018691588,chalearn_annotation_mirror,medium,validation
alucqviYJFE.003.mp4,alucqviYJFE,5,"That's because I've been in this business for over four years. It really wouldn't help you at all if I would just sell a course to you and let you figure it out, figure everything out by yourself, right. I mean what would be the point, because I want you-",train,train/alucqviYJFE.003.mp4,0.47663551401869153,chalearn_annotation_mirror,medium,validation
b8GPFr11adA.001.mp4,b8GPFr11adA,4,"Hetras ask: ""How will you remember us when you have like a million subs, because I know you're going to be big if you keep doing what you're doing and, dude, I love your videos and your hair."" What is up with my hair? I think it's pretty normal.",train,train/b8GPFr11adA.001.mp4,0.5514018691588785,chalearn_annotation_mirror,medium,validation
bAxlTgobVHE.000.mp4,bAxlTgobVHE,5,"As I said before, there's I think five or six trash cans. It's like, paper, BO, plastic, glass, and then just garbage. Most people in the city, they don't do it ...",train,train/bAxlTgobVHE.000.mp4,0.514018691588785,chalearn_annotation_mirror,medium,validation
bJktioZ5Yxk.003.mp4,bJktioZ5Yxk,6,"... come into the cells, there was a dozen different stumbling blocks that could lead to low thyroid symptoms. The same way with our goals. There's so many small little rungs on the ladder that can be holding us back. Maybe you've got a great plan ...",train,train/bJktioZ5Yxk.003.mp4,0.8037383177570093,chalearn_annotation_mirror,high,validation
bnoPmV0_aIc.000.mp4,bnoPmV0_aIc,5,"... [your 00:00:29] microphone and your equipment, which I highly recommend. It's going to be a better quality. If I could give you guys a piece of advice that want to be YouTube channels, reinvest in your situation. When you finally get to the point where you're-",train,train/bnoPmV0_aIc.000.mp4,0.5981308411214953,chalearn_annotation_mirror,medium,validation
bnoPmV0_aIc.002.mp4,bnoPmV0_aIc,5,"At the very least taking your passion for acting to the next level. It's a very, very, good question. I'm glad to be able to announce, now, that I'm actually moving to California in a couple months. I didn't want to live right directly in LA because it-",train,train/bnoPmV0_aIc.002.mp4,0.5607476635514018,chalearn_annotation_mirror,medium,validation
c4XnKouozXU.000.mp4,c4XnKouozXU,6,"Any discomfort that your body is having, it's your body's way of telling you that it's not happy with whatever it is that you're doing. I do hope what I'm sharing with you is helpful. I look forward to your questions, and I thank-",train,train/c4XnKouozXU.000.mp4,0.4299065420560747,chalearn_annotation_mirror,medium,validation
c5ZnKbaNCE8.005.mp4,c5ZnKbaNCE8,4,"Some nos in that and it was [inaudible 00:00:32] us what do you think of my channel? I think his channel is decent. He can do better. Do you wish to continue YouTube as you grow older? Oh well, obviously yes. Do you hope to become big [inaudible 00:00:43]. I assume that you don't.",train,train/c5ZnKbaNCE8.005.mp4,0.47663551401869153,chalearn_annotation_mirror,medium,validation
cA43Gfcg0QA.001.mp4,cA43Gfcg0QA,6,... The Third Kind. I watched it for the first time I think when I was nine or 10 years old. One of my auntie's boyfriend ... Bear in mind this was probably 1983 or four.,train,train/cA43Gfcg0QA.001.mp4,0.23364485981308408,chalearn_annotation_mirror,low,validation
cFGjJg-2zOk.001.mp4,cFGjJg-2zOk,5,"... and instead of or. My favorite YouTuber is myself, duh. No, it was ... the ones are my favorite impression videos, I don't have a certain one. Everyone has a different trait that I like about them and that's what keeps me going and that's what I hope you like about me, or hate me. You never know.",train,train/cFGjJg-2zOk.001.mp4,0.5046728971962616,chalearn_annotation_mirror,medium,validation
cP_dSXql7z8.003.mp4,cP_dSXql7z8,6,"Sometimes the questions are, for some foster parents, taped on their refrigerator. Some foster parents may have them in the purse or on their iPhone. Some foster parents may have it next to the phone in the kitchen or in the bed. You always need to be prepared for it.",train,train/cP_dSXql7z8.003.mp4,0.5327102803738317,chalearn_annotation_mirror,medium,validation
cgp1OzTOq1o.002.mp4,cgp1OzTOq1o,5,"He was in another band called Rainbow now that's what I wanted to recommend. I want to do an honorable mention of the band Rainbow, and check out the album, Long Live Rock and Roll. Title track is great and",train,train/cgp1OzTOq1o.002.mp4,0.5420560747663551,chalearn_annotation_mirror,medium,validation
cxJ0u6r0-pU.004.mp4,cxJ0u6r0-pU,6,"Help them with that or if they aren't willing to adjust on that aspect, then you know again you can't work with someone with unrealistic expectations. Because if you do, then you're going to become unrealistic yourself and you're gonna have -",validation,validation/cxJ0u6r0-pU.004.mp4,0.5607476635514018,chalearn_annotation_mirror,medium,validation
dLltwqkvsNg.005.mp4,dLltwqkvsNg,5,"I also take really good care of my shit on to that point really. Like you said they skip as a result and stuff like that, not if you take care of them. I still got CDs from friggin 2005, back-",train,train/dLltwqkvsNg.005.mp4,0.5327102803738317,chalearn_annotation_mirror,medium,validation
dVwDf5N2NRA.001.mp4,dVwDf5N2NRA,5,"Getting up and making these silly videos every day is basically, I don't want to say it's the only thing that keeps me going because I'm a pretty lucky person, I have a good life, but it sure makes me really happy. A couple other things ...",train,train/dVwDf5N2NRA.001.mp4,0.6728971962616823,chalearn_annotation_mirror,medium,validation
dVwDf5N2NRA.003.mp4,dVwDf5N2NRA,5,"Free, plan on enjoying yourself. I mean, I try to make you guys smile and it makes me smile when I know that, sometimes, I can make you laugh. Anyway, a lot of you guys have been asking me a lot of questions recently, so I figured, I'd do something a little bit different. I know a lot of you had wanted me to br-",train,train/dVwDf5N2NRA.003.mp4,0.46728971962616817,chalearn_annotation_mirror,medium,validation
datcFOBWYxc.001.mp4,datcFOBWYxc,5,"... because it was very accessible, it was very easy, and actually in reality anyone can publish nowadays with all this technology, anyone can publish a book as an eBook. It's very simple. That doesn't mean that all of those stories are good stories.",train,train/datcFOBWYxc.001.mp4,0.5046728971962616,chalearn_annotation_mirror,medium,validation
datcFOBWYxc.002.mp4,datcFOBWYxc,5,Because it is a chapter book so it doesn't really need big illustrations or a lot of colors. I just wanted something simple to give the idea of what is going on in this story. I think she also did a great job in this one. Thank you. Thank you for that question.,validation,validation/datcFOBWYxc.002.mp4,0.4579439252336448,chalearn_annotation_mirror,medium,validation
djsoQkroHpo.000.mp4,djsoQkroHpo,5,"-eat a little bit more carbs, and get maybe a little bit more protein, maybe a little bit less. People tend to over eat on the protein. Most of this things is going to give you the energy in the gym is the carbs, and those carbs are also going to give you the size, and inflate your muscle.",train,train/djsoQkroHpo.000.mp4,0.4485981308411215,chalearn_annotation_mirror,medium,validation
dkhnv1EBvKI.002.mp4,dkhnv1EBvKI,5,"... Posed images. They want more just candid pictures, people having fun. Even if for your portraits, you want them to feel more candid. Makes them go much faster because I might have you dance a little bit together. We'll have him spin your around, and so you're moving thr-",train,train/dkhnv1EBvKI.002.mp4,0.6542056074766355,chalearn_annotation_mirror,medium,validation
do8FmnQbI5I.000.mp4,do8FmnQbI5I,5,"deserves, and it wasn't easy for them. My father suffered from multiple sclerosis, but the one thing that I remember about my dad is that no matter how bad he may have felt, or how tough things may have gotten for him, no matter-",train,train/do8FmnQbI5I.000.mp4,0.5794392523364486,chalearn_annotation_mirror,medium,validation
dvMeqVbpKW8.001.mp4,dvMeqVbpKW8,5,"... This early because I've been so excited and having so much fun with the game, and I wanted to bring back doing work. I'm planning on going. I'm planning on going the distance with this game, guys. I'm planning on playing for a very long time. The game's never going to die off on me, like Soulcalibur did.",train,train/dvMeqVbpKW8.001.mp4,0.7850467289719626,chalearn_annotation_mirror,high,validation
fDw_PAgW07o.004.mp4,fDw_PAgW07o,6,"-for steroid use. I spend most of my days advising people how to keep safe, and the health risks involved. I'm well aware of what goes on. Personally, I don't feel I promote at all. I feel this is more educational than promo-",validation,validation/fDw_PAgW07o.004.mp4,0.12149532710280374,chalearn_annotation_mirror,low,validation
fEC3lEDxRnc.005.mp4,fEC3lEDxRnc,5,"What are you doing with your life? Okay, yeah, I'm done. I was nice catching up with you guys. I'll try to blog more often, but I can't guarantee it-",train,train/fEC3lEDxRnc.005.mp4,0.4299065420560747,chalearn_annotation_mirror,medium,validation
fGAcEyZXFTo.005.mp4,fGAcEyZXFTo,4,"Final projects this last week, so we've kind of had like two weeks of finals, technically, but yeah, next week is our last week. I have class Monday through Wednesday. Did I mention that I got my classes for next quarter? I think I might have when I started the vlog, but I could be wrong. Yeah, I.",train,train/fGAcEyZXFTo.005.mp4,0.6074766355140186,chalearn_annotation_mirror,medium,validation
fIiXuRlTPa0.000.mp4,fIiXuRlTPa0,6,"Easydivorcequestions.com. We designed this website to be very easy to use. I wanted to introduce myself to you because I'm the attorney who will be answering your questions. All you have to do is submit your question, your first name, last name, and email.",train,train/fIiXuRlTPa0.000.mp4,0.5794392523364486,chalearn_annotation_mirror,medium,validation
fSDA4eEyGHk.001.mp4,fSDA4eEyGHk,6,"Then a Q&A. We'll probably answer them next week. I'll call up for next week. Say Wednesday, because it Wednesday down here in [inaudible 00:00:41] New Zealand at the moment. That'll be like a Tuesday for Americas.",validation,validation/fSDA4eEyGHk.001.mp4,0.5046728971962616,chalearn_annotation_mirror,medium,validation
fSkQXqXR7D0.000.mp4,fSkQXqXR7D0,6,"Cause I realized I needed to get an office job and bring in a bit more money to do what I wanted to do. Very sadly, I loved archeology ... I didn't really want to be a field archeologist. I kind of wanted to move more into the-",train,train/fSkQXqXR7D0.000.mp4,0.4299065420560747,chalearn_annotation_mirror,medium,validation
fTpemcfElxI.003.mp4,fTpemcfElxI,6,"I mean it's been there, done that, kind of over it, been over it. Since season 9 really I was over, season 10 was the last. Yeah since season 10 I was over it. So yeah, that the only thing...",train,train/fTpemcfElxI.003.mp4,0.5420560747663551,chalearn_annotation_mirror,medium,validation
fUIWjaZCYwM.001.mp4,fUIWjaZCYwM,5,When are you going to do the series with the Pokemon from gen and each tier? I guess that's an idea for the future. Now with the six gens-,train,train/fUIWjaZCYwM.001.mp4,0.20560747663551399,chalearn_annotation_mirror,low,validation
fk_ggmC872E.000.mp4,fk_ggmC872E,7,"... antidepressants for. It's a chemical imbalance in your brain. These antidepressants are correcting that imbalance, you're not going to get through this particularly successfully, if it is ...",train,train/fk_ggmC872E.000.mp4,0.514018691588785,chalearn_annotation_mirror,medium,validation
fsaslN7xV-w.003.mp4,fsaslN7xV-w,7,"I know I'm probably about to hit 16 ... Oh my God. I love y'all so much. I don't while y'all ... I know why y'all are subscribing to me. I mean, I'm just having fun and making stuff and maybe making a little money with making artwork for others on the side, but wow [crosstalk 00:00:44] ...",validation,validation/fsaslN7xV-w.003.mp4,0.18691588785046725,chalearn_annotation_mirror,low,validation
gFEntQ_UKvk.002.mp4,gFEntQ_UKvk,5,"How come you don't show your dad on social media? It's not that I don't show my dad on social media, but, the thing is, people have their own choices in life and if my dad ...",train,train/gFEntQ_UKvk.002.mp4,0.644859813084112,chalearn_annotation_mirror,medium,validation
gOS-CneQsxI.003.mp4,gOS-CneQsxI,4,Basically it land on a cliffhanger and it was going to continue and much like most things on my channel it's never continued to this day. It's just hit the 51st anniversary and I've still not done anything about it. I've got episodes of it wrote I just don't have the time to do it at the moment-,train,train/gOS-CneQsxI.003.mp4,0.5327102803738317,chalearn_annotation_mirror,medium,validation
ga_XczsO4eY.005.mp4,ga_XczsO4eY,5,"Watching this, I'm going to keep it short. I'm going to turn the camera off now. Thank you very much for watching. If you're not subscribed. Subscribe by the way. Click the red button and join the crew. New videos every Thursday. Even though this isn't a Thursday-",train,train/ga_XczsO4eY.005.mp4,0.5514018691588785,chalearn_annotation_mirror,medium,validation
geXpIfaFzF4.002.mp4,geXpIfaFzF4,5,"It's one piece of technology that's pretty much the only one great. Grab a good piece of a good pair running shoes. I recommend, or what I wear at least for me, go with what feels right for you. I wear New Balance pretty much exclusively.",train,train/geXpIfaFzF4.002.mp4,0.5981308411214953,chalearn_annotation_mirror,medium,validation
gggp205gPMI.003.mp4,gggp205gPMI,7,"I would go through some of the very cool questions I've been getting. This is from Peter McGuire. He asks, ""What were the first steps you took in pursuing your voice acting career?"" I started very young. I knew at four years old that I wanted to be a voice actor, so I-",train,train/gggp205gPMI.003.mp4,0.644859813084112,chalearn_annotation_mirror,medium,validation
gsleSGEZHAs.003.mp4,gsleSGEZHAs,6,"Difficult it is, the closer you're getting to success, hence the more resistance that you get, the closer you are to breaking the sound barrier. Same thing in business, so if things are getting difficult, you're getting frustrated, you want to pull your hair out, just stick to it, you're going in the right direction, and you'll eventually going to succeed.",validation,validation/gsleSGEZHAs.003.mp4,0.7009345794392522,chalearn_annotation_mirror,medium,validation
hT83GkLYIFs.001.mp4,hT83GkLYIFs,5,"But I don't really have like, not many subscribers, and so, you know, if you feel like having a little Q & A, comment down below, like a question. It could be about anything. Just-",train,train/hT83GkLYIFs.001.mp4,0.3925233644859813,chalearn_annotation_mirror,low,validation
hX2TVefa5bQ.002.mp4,hX2TVefa5bQ,5,"... I would like to see any kind of question you have for me, please list it below, because at the end of the month I will be doing a question-and-answer video. A lot of you have already asked a lot of questions on past videos. All of those questions will be answered. I've been jotting down-",train,train/hX2TVefa5bQ.002.mp4,0.5420560747663551,chalearn_annotation_mirror,medium,validation
hquzfo9MVDo.004.mp4,hquzfo9MVDo,6,"Yeah, but what do you think? Okay, so with this one I think that constraints can be used to direct not lead to tension towards key information. Let's think about the design of a session.",validation,validation/hquzfo9MVDo.004.mp4,0.35514018691588783,chalearn_annotation_mirror,low,validation
hrat_RJczFM.000.mp4,hrat_RJczFM,6,"Very first movie I ever saw on the iMax back in 2008. Now after that, you know, I just watched those movies this past July. All three of them in three separate night and you know what guys?",validation,validation/hrat_RJczFM.000.mp4,0.5327102803738317,chalearn_annotation_mirror,medium,validation
huIQlWsIEvY.003.mp4,huIQlWsIEvY,5,"I'm actually recording now because I know exactly where to find them and how to catch them. Not to mention that now I fish so much better. Right? Last time, I fished in Brazil was when I was 16. Now, I'm 26. So-",train,train/huIQlWsIEvY.003.mp4,0.46728971962616817,chalearn_annotation_mirror,medium,validation
i1gouUmZumY.003.mp4,i1gouUmZumY,7,"-brew, and clean out that script, or that worm, or that virus, that has been put in your sight. And I will tell you, I went round and round and round with dream host about this, and ended up ditching them. They were absolutely- they started-",train,train/i1gouUmZumY.003.mp4,0.6261682242990654,chalearn_annotation_mirror,medium,validation
iGlLSkRAsJc.000.mp4,iGlLSkRAsJc,7,"It's either consciously or unconsciously. You then approach the other person and you ask them for forgiveness, but it starts here. You start by loving yourself enough to let yourself -",train,train/iGlLSkRAsJc.000.mp4,0.5233644859813084,chalearn_annotation_mirror,medium,validation
iOB65zCiOFM.005.mp4,iOB65zCiOFM,5,"It will be a gradual death, but if I absolutely had to go back and it just completely ... I don't know, YouTube got shut down or so, I obviously would have to go back to corporate America and I would have to get back into insurance or bank ...",validation,validation/iOB65zCiOFM.005.mp4,0.514018691588785,chalearn_annotation_mirror,medium,validation
iXaqqRE76lI.003.mp4,iXaqqRE76lI,5,"Messaged her but, we all know how good that was. Would you every have shorter hair? I get asked this a lot actually and I don't know, maybe when I'm like a mom and 45.",train,train/iXaqqRE76lI.003.mp4,0.5700934579439252,chalearn_annotation_mirror,medium,validation
iaCYb7um0Lw.000.mp4,iaCYb7um0Lw,4,"[Curl 00:00:31] Lord, my God, the [bouncer 00:00:34] started [ringing 00:00:36] My God. You know what I did? I ran down the stairs. I ran down the stairs and I laughed.",train,train/iaCYb7um0Lw.000.mp4,0.24299065420560745,chalearn_annotation_mirror,low,validation
ibawV2tqKug.001.mp4,ibawV2tqKug,4,"... there too. I've been getting a good nine hours, eight, nine hours of sleep. I got to bed around 9:00 or 10:00 o'clock, sometimes 10:30. When I was back at home in high school I was going to bed-",train,train/ibawV2tqKug.001.mp4,0.4579439252336448,chalearn_annotation_mirror,medium,validation
iiW_nu6JITY.005.mp4,iiW_nu6JITY,5,"-the activities they have in the book. I don't know where they think they're going with that, but they're not enough for the students. Some of my students were really quick and they worked very efficiently, which was annoying sometimes. They got through some of their work really, really easily; but the workload wasn't too difficult.",train,train/iiW_nu6JITY.005.mp4,0.7102803738317757,chalearn_annotation_mirror,medium,validation
ikCqtEGQbrg.003.mp4,ikCqtEGQbrg,5,"Passions, and new things. My co-workers and my friends will tell you they're always finding out something new about me. I did gardening last year for the first time and realized I loved it, I'm taking swim class right now and I'm realizing I love it, I paint, I have-",validation,validation/ikCqtEGQbrg.003.mp4,0.43925233644859807,chalearn_annotation_mirror,medium,validation
ins5QQc2dR0.002.mp4,ins5QQc2dR0,5,"And I give you presents and you give me presents, and we will like send it to each other on Christmas and we will open them on our Youtube channels, so I really want to do that with somebody.",validation,validation/ins5QQc2dR0.002.mp4,0.2897196261682243,chalearn_annotation_mirror,low,validation
jolhoLhAurM.004.mp4,jolhoLhAurM,5,"If you come to my channel, if you like, if you leave a comment, if you talk, I appreciate that a lot. I really, really, really do, guys. You guys are definitely amazing, guys. Definitely don't stop requesting describer fight, definitely don't stop sending your Super Mario Maker levels ...",train,train/jolhoLhAurM.004.mp4,0.7383177570093457,chalearn_annotation_mirror,medium,validation
jpPZVmzleAo.003.mp4,jpPZVmzleAo,5,"It happens. We all poop. Who else, my high school crush? Definitely Abe. He was a big one, and he was younger than me so it was kind of scandalous. I had a huge crush on Julian early ...",validation,validation/jpPZVmzleAo.003.mp4,0.32710280373831774,chalearn_annotation_mirror,low,validation
jpRnHWTLDUs.005.mp4,jpRnHWTLDUs,5,"It's going to be different from another person's nude, and I think that's what I'm trying to get at, there's no set nude, there is no set nude, it's not possible, there's nude color, like colored shoes, and colored.",train,train/jpRnHWTLDUs.005.mp4,0.6074766355140186,chalearn_annotation_mirror,medium,validation
jrhvXPaXo-0.001.mp4,jrhvXPaXo-0,6,"I'll see what I can do, so yeah. Hey maybe we got another 819 days in us to make some more videos. Anyways, yeah, I'll catch ya here in another video. Oh, and do you notice how long my hair's gotten? I'll tell you what, as soon as spring-",validation,validation/jrhvXPaXo-0.001.mp4,0.3925233644859813,chalearn_annotation_mirror,low,validation
k4eeYoHtnnI.005.mp4,k4eeYoHtnnI,6,"... [inaudible 00:00:45] not for consumption my human beings. I'm not going to get into the whole argument about that, but either way you can't buy nicotine infused liquid, so I do buy mine from FastTech. One, because of the price, two because it's free shipping ...",validation,validation/k4eeYoHtnnI.005.mp4,0.514018691588785,chalearn_annotation_mirror,medium,validation
kJLeYUobR0M.001.mp4,kJLeYUobR0M,6,"I'll probably just add a bit of it just so it can turn into a short film without any, just yeah, just like that. Do you have a GF? No. Who are some YouTubers you look up to? Well, I don't really look ...",train,train/kJLeYUobR0M.001.mp4,0.5420560747663551,chalearn_annotation_mirror,medium,validation
kUpkeJDcxaE.000.mp4,kUpkeJDcxaE,5,"Guaranteed to get a bid from one of them and I knew I would kind of fit in either one of them, so that was kind of just comforting knowing that I was going to find my home. So then I ranked my top two ... Or the two, I ranked them that night and you sign-",train,train/kUpkeJDcxaE.000.mp4,0.5420560747663551,chalearn_annotation_mirror,medium,validation
kzDQXSGGomg.004.mp4,kzDQXSGGomg,5,"Undergoing chemotherapy for lymphoblastic leukemia, and I'll just happen through it a Facebook group has been solved, so people can send in pictures of amazingly cute dogs and different animals to put a smile on his face. The Facebook group is called 'Doggies for-",train,train/kzDQXSGGomg.004.mp4,0.644859813084112,chalearn_annotation_mirror,medium,validation
l-WgXcGLdZk.004.mp4,l-WgXcGLdZk,5,"I had a reason to keep making it. I made it because it made me happy, but now I realize that, hey, people are liking what I do. I need to ... I don't know. It's crazy, just thinking-",train,train/l-WgXcGLdZk.004.mp4,0.5420560747663551,chalearn_annotation_mirror,medium,validation
lErjGxBb1Bk.005.mp4,lErjGxBb1Bk,5,"Me and my boyfriend, we always drive down there, and it's like the world's longest, most horrific drive ever because it's so long, but we drive down there, and we stay there for a little bit so you kind of get a nice little break. We both kind of have time off work, and-",validation,validation/lErjGxBb1Bk.005.mp4,0.47663551401869153,chalearn_annotation_mirror,medium,validation
lLKwlPLdYig.001.mp4,lLKwlPLdYig,5,"A baby and all that. It took a lot from me to do all these different things, so I do still have all these streams of income which was like, I think I have five different streams of income that I get paid for every month. YouTube being the biggest. I am so blessed and thankful for you guys. You don't ...",train,train/lLKwlPLdYig.001.mp4,0.3177570093457943,chalearn_annotation_mirror,low,validation
lvae9lRUugE.003.mp4,lvae9lRUugE,5,On this channel is [inaudible 00:00:48] romantic universe Japanese album. That was my first video. You can't knock it because it was weird showing my face on camera. I think it was all right cause-,train,train/lvae9lRUugE.003.mp4,0.514018691588785,chalearn_annotation_mirror,medium,validation
m4KKYcD6CZw.002.mp4,m4KKYcD6CZw,5,"Dive, save the ball or do all of these kind of things. Then when I played it, when I played the game, the saves the goalkeepers are putting off are absolutely incredible. They look, honestly, they look absolutely 100 ... I haven't been paid to say this [inaudible 00:00:27] of thing like that. I don't imagine people will-",train,train/m4KKYcD6CZw.002.mp4,0.5046728971962616,chalearn_annotation_mirror,medium,validation
m5kTITzj1bY.000.mp4,m5kTITzj1bY,5,"... for breakfast, and [inaudible 00:00:45] for breakfast. You would call that roughing it. To me, it was like living in a palace because me and my grandparents are super different. I did that a lot, probably up until I was 14-sh, 13 ...",validation,validation/m5kTITzj1bY.000.mp4,0.5420560747663551,chalearn_annotation_mirror,medium,validation
mIxTz3tOgmQ.000.mp4,mIxTz3tOgmQ,5,"Our musical director, Rudolf Lutz, will be answering your questions in the video session very soon. What would you like to know? About the foundation, about our work with Bacintratus. Please send us your questions and ...",train,train/mIxTz3tOgmQ.000.mp4,0.6261682242990654,chalearn_annotation_mirror,medium,validation
mK8ebTJyrCI.002.mp4,mK8ebTJyrCI,3,"... with my laptop or technically my dad's laptop because it's an Acer and it's really junky. So be it. I'll use my phone. Anyways, the microphone's prob",train,train/mK8ebTJyrCI.002.mp4,0.3644859813084112,chalearn_annotation_mirror,low,validation
mKWscEow1U8.000.mp4,mKWscEow1U8,5,"... relatively new smart phones, especially even today's standards. Both of them, I'll admit I enjoy the phones. I think as cell phones themselves, they're great build quality, speed, camera, you name it. Those aspects are good, but the battery life has always been terrible on iPhones.",train,train/mKWscEow1U8.000.mp4,0.32710280373831774,chalearn_annotation_mirror,low,validation
mZzWhUI0CP0.002.mp4,mZzWhUI0CP0,5,"... anonymous, you can do that too. That's my invitation to you. If you have used the 7-Day Manifestation Experiment, for some people works, for some people doesn't works. It doesn't works. That's the polarity, I get that. Some people works, some people doesn't work.",validation,validation/mZzWhUI0CP0.002.mp4,0.7663551401869158,chalearn_annotation_mirror,high,validation
mkWfG-4vvGc.003.mp4,mkWfG-4vvGc,5,"This show that I am always expanding my understanding of the world and culture. Specifically, there are two things though that come right to mind. Most books by Edward Tufe, but specifically Envisioning Information and the Visual ...",train,train/mkWfG-4vvGc.003.mp4,0.7850467289719626,chalearn_annotation_mirror,high,validation
mlsiYewUwO0.002.mp4,mlsiYewUwO0,5,"... world in a very small nutshell, and I hope you guys enjoy this. I really love talking about family dynamics, relationship dynamics, because they're all so different. Everybody has a different experience. So I would ...",train,train/mlsiYewUwO0.002.mp4,0.8878504672897195,chalearn_annotation_mirror,high,validation
mlsiYewUwO0.003.mp4,mlsiYewUwO0,5,"At this point in time. It would be much more helpful if Jesus had said, ""I'm going to be back at this point in time."" Or if someone else had had a revelation that that was going to be the point in time and we could all plan very carefully and so on.",train,train/mlsiYewUwO0.003.mp4,0.7383177570093457,chalearn_annotation_mirror,medium,validation
mxLRr3YqgMU.000.mp4,mxLRr3YqgMU,8,"The divine, and therefore any good was for own selfish purposes, but there's no question that you see the fact that you could see then, even doing it for alternative motives, there are many levels, not one level. You can do something for an ulterior motive, and it's not quite the-",train,train/mxLRr3YqgMU.000.mp4,0.47663551401869153,chalearn_annotation_mirror,medium,validation
mxLRr3YqgMU.002.mp4,mxLRr3YqgMU,8,"[foreign language 00:00:46] until they come down to this world. We are born with 10 faculties. Those faculties have elements in them, as we learn in [Tanye 00:00:54] and right in the beginning of chapter one, that our, from the-",validation,validation/mxLRr3YqgMU.002.mp4,0.5514018691588785,chalearn_annotation_mirror,medium,validation
nClvfVFYzbM.005.mp4,nClvfVFYzbM,6,"... books. Of course, I switched over to selling Macbooks and Mac Minis for a while, for a couple of years, and the big problem with that was they just became unprofitable as well.",train,train/nClvfVFYzbM.005.mp4,0.3925233644859813,chalearn_annotation_mirror,low,validation
nDsTSmE73M0.001.mp4,nDsTSmE73M0,5,"Then, I bought a bunch of organizers for my room which is one of my last priority because you can not look at that but the organizers that I have in my closet are going to go in the girls closet so that I am organized in that but it is a slow process but I really need ...",validation,validation/nDsTSmE73M0.001.mp4,0.4859813084112149,chalearn_annotation_mirror,medium,validation
nKx64KH7Xks.004.mp4,nKx64KH7Xks,4,"... no we don't necessarily think, ""Oh yes. Yum, love it, love it, love it, love it, love it,"" but we at least think, ""Hey, he's super excited about this. I'm super excited about this. Now let's just get it on."" Especially if you're doing something like that ...",train,train/nKx64KH7Xks.004.mp4,0.5046728971962616,chalearn_annotation_mirror,medium,validation
nghDz0el8iI.001.mp4,nghDz0el8iI,5,"With your confidence, and your happiness. I think happiness and confidence kind of comes together as a package, and it's good to be happy. Lots of happy. What are three things are on your bucket list? One of them is if you are ...",train,train/nghDz0el8iI.001.mp4,0.7850467289719626,chalearn_annotation_mirror,high,validation
nkmYbzMmrYw.001.mp4,nkmYbzMmrYw,5,"Art programs or art teachers or anything like that, and I thought, ""Why not give it a little bit of a try and to be an art teacher and just, I want to try."" Because I heard last night, ""Teachers are the heroes of America, because- """,train,train/nkmYbzMmrYw.001.mp4,0.6915887850467289,chalearn_annotation_mirror,medium,validation
nndDX4RgU1w.005.mp4,nndDX4RgU1w,5,"Harming yourself. You're killing yourself. This is even more true with the knowledge that is out there now that eating meat causes cancer so what you kill ends up killing you. So, so true and I think once you re-",validation,validation/nndDX4RgU1w.005.mp4,0.3457943925233644,chalearn_annotation_mirror,low,validation
o-fNF5QVMNo.005.mp4,o-fNF5QVMNo,5,"... and they're like, ""Damn! You got construction worker hands!"" No. No! Unacceptable. I like to have my soft, lady hands, okay? I want to maintain that, so that's why I wear my gloves. Ladies, if y'all want to keep your soft and supple you know-",train,train/o-fNF5QVMNo.005.mp4,0.32710280373831774,chalearn_annotation_mirror,low,validation
o7J2fWIJndQ.002.mp4,o7J2fWIJndQ,4,"... If you are marketing and sorry if I'm so serious this episode, I just need to answer some of your questions this time because I saw a couple of you guys complain about me saying only get out or only saying to to every caller. Well, I mean I can't really help it. I'm being honest.",validation,validation/o7J2fWIJndQ.002.mp4,0.6915887850467289,chalearn_annotation_mirror,medium,validation
oC-qxnrmJws.000.mp4,oC-qxnrmJws,5,"Friday, even though I realize that's kind of done, but yes. I'm kind of sorry that I admitted that now, but moving on. Let's see, what are your biggest pet peeves? Rude people. I don't under ... I just, I don't like rude people-",train,train/oC-qxnrmJws.000.mp4,0.7570093457943924,chalearn_annotation_mirror,high,validation
oLO05QNhhGg.004.mp4,oLO05QNhhGg,6,"-CVS tips. I'm so excited for you. Like Shelly bean says, when I go to the kiosk at CVS, I use my card, and then I use my hubby's, too, and we get different coupons. Is that normal? I've noticed that, too, and I think-",train,train/oLO05QNhhGg.004.mp4,0.616822429906542,chalearn_annotation_mirror,medium,validation
owRKOW0ymCM.005.mp4,owRKOW0ymCM,5,They're two sided. They have 4 or 5 sides on each side that you can peel off and then there's a fresh new one. Y'all those take off dead skin like nothing else. Follow that with coconut oil and you will not have dry skin on your feet and I find it to be-,validation,validation/owRKOW0ymCM.005.mp4,0.5607476635514018,chalearn_annotation_mirror,medium,validation
pZxqWp0e-Ik.004.mp4,pZxqWp0e-Ik,5,I hope you ask some good questions. I'm really looking forward to this. I think this is going to be a lot of fun. Doing a questions and answers video. Any duplicate questions I get a lot I will only try to answer once because if I get a lot of duplicate,train,train/pZxqWp0e-Ik.004.mp4,0.46728971962616817,chalearn_annotation_mirror,medium,validation
pvvff396Rqg.005.mp4,pvvff396Rqg,7,Please don't let them get to you. Don't give up. We've got your back. We know what's going on. We believe you. And it actually is very encouraging because it helps me to realize that the people of America who are supposed to,train,train/pvvff396Rqg.005.mp4,0.5420560747663551,chalearn_annotation_mirror,medium,validation
pzfDth6nFQE.000.mp4,pzfDth6nFQE,5,"... coming in the future. Make sure you subscribe to the YouTube channel and make sure that you are looking out for new videos, things like that.  Also, we're going to be having some new apparel coming out soon, as well. Some really exciting times. Make sure you follow us ...",train,train/pzfDth6nFQE.000.mp4,0.15887850467289716,chalearn_annotation_mirror,low,validation
qcq5oIRJFUI.004.mp4,qcq5oIRJFUI,6,"Passion tea homemade sweetener, so frickin good, you all should try that, because the taste buds will ""Zzz"" like that. It's like my whole [inaudible 00:00:59]",train,train/qcq5oIRJFUI.004.mp4,0.3177570093457943,chalearn_annotation_mirror,low,validation
r1YAW67aevY.003.mp4,r1YAW67aevY,4,... the ideas that you want to. They might even have a different interpretation than what the average person of their belief could have.,train,train/r1YAW67aevY.003.mp4,0.3177570093457943,chalearn_annotation_mirror,low,validation
r1YAW67aevY.005.mp4,r1YAW67aevY,4,At least not as awful as I think it is watching this over. I will see you next time. This has been [inaudible 00:00:59].,train,train/r1YAW67aevY.005.mp4,0.19626168224299062,chalearn_annotation_mirror,low,validation
r1v6EmZv7-o.004.mp4,r1v6EmZv7-o,6,"They won't get in the way of the [A graders 00:00:47]. I think it's very important as a B grader coming into A grader, to just get out there man. Get amongst it. Attack and just go hardcore and learn from mistakes. The most important thing is to ...",train,train/r1v6EmZv7-o.004.mp4,0.5700934579439252,chalearn_annotation_mirror,medium,validation
r93dLeVRk3U.002.mp4,r93dLeVRk3U,4,"I don't know, drunk probably. I don't know. If you could play any musical instrument, what would it be and why? I think the piano would be really cool to know how to play. It just seems really relaxing to be able just to sit there and play it.",train,train/r93dLeVRk3U.002.mp4,0.4485981308411215,chalearn_annotation_mirror,medium,validation
r9TaaVTo8Y8.001.mp4,r9TaaVTo8Y8,5,"Thanks to Holly who left a suggestion in one of my recent videos and I thought it was a great opportunity for us to get to know each other a little bit better. Since I don't have any other type of social media, I thought that I would film this very short video and reach out to you-",train,train/r9TaaVTo8Y8.001.mp4,0.5420560747663551,chalearn_annotation_mirror,medium,validation
sC2k2CD1jC0.002.mp4,sC2k2CD1jC0,6,"I want to see if these people can actually trust being my actual friend knowing this secret, so what I did, is I, this is the test. If you said okay, cool, like what happened and then I told them the fake part of the story and then I said, ""Okay, tell you what, here's the thing...",validation,validation/sC2k2CD1jC0.002.mp4,0.18691588785046725,chalearn_annotation_mirror,low,validation
sHVXhr7_EOs.000.mp4,sHVXhr7_EOs,6,"Also, I would love to do a Q and A video next month as well, so if you have any questions about me, my hair, my hair [gulf 00:00:54] journey, this challenge that I just took, any future plans for my hair-",validation,validation/sHVXhr7_EOs.000.mp4,0.32710280373831774,chalearn_annotation_mirror,low,validation
sHafPWyXs6k.001.mp4,sHafPWyXs6k,4,Let's get to your questions. What's your worst fear? I didn't think of these. My worst fear is probably screwing up really badly on stage. I know that's like a -,validation,validation/sHafPWyXs6k.001.mp4,0.5981308411214953,chalearn_annotation_mirror,medium,validation
sa7E6SrSmEs.003.mp4,sa7E6SrSmEs,5,"-and I got pretty addicted, and then I thought, ""Hey, I know. Why don't I start playing my viewers,"" so I tweeted about it, and I only play the Harry Potter game. I'm just obsessed with ... You guys know, Harry Potter was such-",train,train/sa7E6SrSmEs.003.mp4,0.6261682242990654,chalearn_annotation_mirror,medium,validation
shEsu57CYnA.004.mp4,shEsu57CYnA,5,"This question [inaudible 00:00:45] what are you favorite blogs and bloggers like friends or just people you follow? Since they said favorite bloggers, I'm going to talk about my friends because you guys are awesome, so.",train,train/shEsu57CYnA.004.mp4,0.6822429906542056,chalearn_annotation_mirror,medium,validation
shtirfEzWFA.003.mp4,shtirfEzWFA,6,"[Mini me 00:00:42], W.W. Rock says, ""What is the first sort of [hater 00:00:49] review that you went to that [inaudible 00:00:47] in 2010?"" That's currently the only paid review I've been to, actually. King Slime asks, ""How did you get..."" I don't consider myself-",validation,validation/shtirfEzWFA.003.mp4,0.41121495327102797,chalearn_annotation_mirror,medium,validation
slE2PWIwzus.003.mp4,slE2PWIwzus,5,"...really so amazing. Like I know it probably sounds small to people but to me it sounds like a lot of people and I'm just like, ""Oh my god."" So I hope you enjoyed this video, be sure to like it and comment and subscribe to me if you haven't already. I would love to see you in my next video, so I'm going to go...",validation,validation/slE2PWIwzus.003.mp4,0.6915887850467289,chalearn_annotation_mirror,medium,validation
sntohi33U5s.000.mp4,sntohi33U5s,5,"My channel today. This is going to be like a starter video to a blog series I guess. A lot of you guys ask me questions like, ""I really like this person but I'm really ...""",train,train/sntohi33U5s.000.mp4,0.5981308411214953,chalearn_annotation_mirror,medium,validation
ssxo35zmKWQ.001.mp4,ssxo35zmKWQ,7,"Saying actually we need to make room for this because it will change the way we do everything. I think Wiclef right now, is in a great position to make that contribution. I look forward to watching that happen in the days to come.",train,train/ssxo35zmKWQ.001.mp4,0.6261682242990654,chalearn_annotation_mirror,medium,validation
ssxo35zmKWQ.002.mp4,ssxo35zmKWQ,7,"There's a wedge shape in the middle of North Oxford pointing towards the heart of the city. It seems to be a wonderful parable for what theology ought to be doing, making it's way into the heart of every bit of academic and public discourse and saying ...",train,train/ssxo35zmKWQ.002.mp4,0.644859813084112,chalearn_annotation_mirror,medium,validation
struoSVUsUg.005.mp4,struoSVUsUg,4,"The thing I want to talk about is just my YouTube channel in general and my other areas where I post content as well. I've got two other channels for those of you who don't know about it. One is called [Benja 00:00:54] where I post some not necessarily PG videos. Oh, it's spooky when I walk into my office -",train,train/struoSVUsUg.005.mp4,0.7009345794392522,chalearn_annotation_mirror,medium,validation
t30ERiF6b50.003.mp4,t30ERiF6b50,5,"I spend my time mostly with my friend Antone and my friend Brandon, [inaudible 00:00:45]",train,train/t30ERiF6b50.003.mp4,0.4579439252336448,chalearn_annotation_mirror,medium,validation
t9wFHk9TM-U.001.mp4,t9wFHk9TM-U,5,With arrangements and booking gigs and things like that so I think we have a lot of control in saying what we do. Obviously certain opportunities come up and -,validation,validation/t9wFHk9TM-U.001.mp4,0.616822429906542,chalearn_annotation_mirror,medium,validation
tcmYlyeqwuI.004.mp4,tcmYlyeqwuI,5,"[inaudible 00:00:45] or if I think he might be hungry based on how long it's been since he's eaten anything. I'll text him and say, ""Hey do you want whatever?"" Then I'll make it for him and take it to him. It's not all husband related, just little things throughout the day I get up and do.",train,train/tcmYlyeqwuI.004.mp4,0.4579439252336448,chalearn_annotation_mirror,medium,validation
txU8yE9d-4k.005.mp4,txU8yE9d-4k,6,"Yeah. I'm weird. This video is about to be over. I'm sorry, my camera is about to die. I'm being really weird right now. Thank you for watching. Please give this a thumb up.",train,train/txU8yE9d-4k.005.mp4,0.20560747663551399,chalearn_annotation_mirror,low,validation
uf_sIIw4zxY.001.mp4,uf_sIIw4zxY,5,"... and I found this community and I was like, ""Whoa! This is awesome,"" and then I found this community so the kind of luxury ... I guess luxury-",train,train/uf_sIIw4zxY.001.mp4,0.6355140186915886,chalearn_annotation_mirror,medium,validation
upgv7xmOb1I.001.mp4,upgv7xmOb1I,6,I guess I won't. I'll just worry about what I'm doing right now. That happened. What else? I just want to know also what you guys want to see in terms of videos.,train,train/upgv7xmOb1I.001.mp4,0.15887850467289716,chalearn_annotation_mirror,low,validation
usG6pVxbQkw.001.mp4,usG6pVxbQkw,5,... cant demand it. It'd be like a state demanded that you only bought your prescription medication at CVS. You could use Wallgreens. That'd be illegal. That's what it would be if any state said they you had to use ...,train,train/usG6pVxbQkw.001.mp4,0.5700934579439252,chalearn_annotation_mirror,medium,validation
utv9RBNcL5w.005.mp4,utv9RBNcL5w,5,"Super high for me. I don't consider it really a job. I do get paid for it. I'm really honest, but it's kind of like I'm more loyal to my education than I am to it. I'm not going to just push to and fro just because I think it's fun.",train,train/utv9RBNcL5w.005.mp4,0.5700934579439252,chalearn_annotation_mirror,medium,validation
vJDx6TCX32M.001.mp4,vJDx6TCX32M,5,"She is awesome. Favorite pizza topping? Pepperoni. What is in you pockets? Nothing is in them, the laptop is on them. How is your day? It is really fantastic. Thank you for as-",train,train/vJDx6TCX32M.001.mp4,0.514018691588785,chalearn_annotation_mirror,medium,validation
vZpneJlniAE.005.mp4,vZpneJlniAE,4,"Q and A other than that, I can't really think of anything else that made me do this vlog, but I will keep it going because I have to edit yesterday's vlog still. I might be doing other stuff and it's only 8:30. Holy crap! It's so dark out there. It feels like it's midnight. Oh, my God, I need to get-",train,train/vZpneJlniAE.005.mp4,0.5327102803738317,chalearn_annotation_mirror,medium,validation
wBCSJVBr4ZE.002.mp4,wBCSJVBr4ZE,5,"Back. Right? What would I give my life for in order to get back? So this is the idea of, ""what would I ... What do I care so passionately about and so fundamentally about that I would ...""",validation,validation/wBCSJVBr4ZE.002.mp4,0.6728971962616823,chalearn_annotation_mirror,medium,validation
wTo1uZns2X8.000.mp4,wTo1uZns2X8,6,"I think seeing the reaction from people like yourselves, maybe things I say or do kind of matter to you, that's always nice. That inspires me to carry on going. Also, seeing people around me ...",train,train/wTo1uZns2X8.000.mp4,0.5794392523364486,chalearn_annotation_mirror,medium,validation
wYixHjntI-4.001.mp4,wYixHjntI-4,5,"... And because I was being told I had anxiety issues, I knew that I didn't have anxiety issues. I hounded on them. I said,""There's something wrong."" It got to the point where my doctor was being rude to me. He would be horrible, and I couldn't stand him anymore.",train,train/wYixHjntI-4.001.mp4,0.7009345794392522,chalearn_annotation_mirror,medium,validation
wm94g-5Cg5s.005.mp4,wm94g-5Cg5s,5,"Voice. Better than you know any other things. I like this one from Steven Oz. If your life went on a different direction and you were not a voice actor, what would you have been? Well, you know, I love cooking and so I probably would have ...",train,train/wm94g-5Cg5s.005.mp4,0.5887850467289719,chalearn_annotation_mirror,medium,validation
xDjhf8wrNWQ.005.mp4,xDjhf8wrNWQ,5,"Bit further every single time and she is absolutely loving this feeling of running but I didn't realize how much until we came home, she came straight through the door and she went upstairs. It wasn't until about an hour later, I found this note from her saying ...",train,train/xDjhf8wrNWQ.005.mp4,0.5514018691588785,chalearn_annotation_mirror,medium,validation
xZ9iwqHw7GY.003.mp4,xZ9iwqHw7GY,5,... but we're gonna go grocery shopping after we're done eating. We may get some groceries. We've been working on getting our house cleaned up. I went through and cleaned my bathroom really good today. Went through all my makeup.,train,train/xZ9iwqHw7GY.003.mp4,0.4299065420560747,chalearn_annotation_mirror,medium,validation
xmaC2XOhPaE.001.mp4,xmaC2XOhPaE,5,"... Not really a comedian, comedian, so my favorite comedian would have to be Katt Williams, because he's just a trip. He became my favorite when I seen Kattpacalypse. That joy had me laughing so-",train,train/xmaC2XOhPaE.001.mp4,0.32710280373831774,chalearn_annotation_mirror,low,validation
xrxAyO8pKUo.001.mp4,xrxAyO8pKUo,5,"I have somebody come and help clean my house occasionally. That's very helpful. On days where I'm doing a lot, or weeks where I have a lot going on with work, I have someone come and clean my house or I will come ... Yesterday, she came and we-",validation,validation/xrxAyO8pKUo.001.mp4,0.6542056074766355,chalearn_annotation_mirror,medium,validation
xsDABUrvs6w.001.mp4,xsDABUrvs6w,6,"... watch Martha Stewart every morning at 9am before I did my homework, and it would always get me in the mood to organize. So I love to organize, but that doesn't mean my house is always organized, like I have a two year old and-,",train,train/xsDABUrvs6w.001.mp4,0.21495327102803735,chalearn_annotation_mirror,low,validation
y--uBBy7ebM.004.mp4,y--uBBy7ebM,5,I like the song Lean On. I was just listening to it. I like that song. Yeah. Favorite movie would probably be Dear John. It's romantic and like a-,train,train/y--uBBy7ebM.004.mp4,0.5327102803738317,chalearn_annotation_mirror,medium,validation
y-0p6fGXLD0.001.mp4,y-0p6fGXLD0,5,"It does a lot of damage to your computer. Not necessarily damage but it puts, you know, a lot of load on your computer. I don't like to put a lot of load on it, I like to clearly render videos and stuff. I kind of want to focus on YouTube right now, just because I feel like.",validation,validation/y-0p6fGXLD0.001.mp4,0.4579439252336448,chalearn_annotation_mirror,medium,validation
y2UF49ddapI.001.mp4,y2UF49ddapI,4,Taco soup?,train,train/y2UF49ddapI.001.mp4,0.43925233644859807,chalearn_annotation_mirror,medium,validation
yOzHZOg95Ug.002.mp4,yOzHZOg95Ug,5,"[inaudible 00:44] What else? Yeah, that's about it. Thanks for watching.",validation,validation/yOzHZOg95Ug.002.mp4,0.27102803738317754,chalearn_annotation_mirror,low,validation
yRVvI1x2DBI.005.mp4,yRVvI1x2DBI,5,"Gone. He also says the more you hit a muscle the more it grows. That might give the impression that you should be hitting your chest five days a week if your chest is lagging. I don't think that's the smartest idea. Sure, increased frequency is great.",train,train/yRVvI1x2DBI.005.mp4,0.5794392523364486,chalearn_annotation_mirror,medium,validation
yuE25dFTn2o.001.mp4,yuE25dFTn2o,5,"I'm doing this video, some questions for 400 subscribers because we're going to be hitting 400 subscribers relatively soon and that should be rather fun. I don't exactly know what we're going to do for ...",train,train/yuE25dFTn2o.001.mp4,0.3177570093457943,chalearn_annotation_mirror,low,validation
zDRQAU7MtjA.002.mp4,zDRQAU7MtjA,5,"The themes are really customizable. You can ask like a graphic designer or a web developer to do your blog. Which wouldn't cost that much, depending on what you want for your blog. But, like there are...",validation,validation/zDRQAU7MtjA.002.mp4,0.35514018691588783,chalearn_annotation_mirror,low,validation
zvX4fNj0uxk.001.mp4,zvX4fNj0uxk,7,"With you. That means the more you email your lawyer or the more you talk to your lawyer, the more you're going to be charged. We see that a lot in family law, that people are separated, they really need somebody to talk to. Often the lawyers are not the best person because lawyers deal with the legal sides of divorces, they often deal with the financial ...",train,train/zvX4fNj0uxk.001.mp4,0.5327102803738317,chalearn_annotation_mirror,medium,validation
